# Blender 5.1.1
# www.blender.org
mtllib tank_2.mtl
o Corpus
v -0.950333 0.599991 2.640460
v -0.950333 -0.000009 -2.439540
v 0.949667 0.599991 -2.439540
v 0.949667 -0.000009 -2.439540
v -0.950333 0.599991 -2.439540
v -0.950333 -0.000009 2.440460
v 0.949667 0.599991 2.640460
v 0.949667 -0.000009 2.440460
v 0.949667 1.199991 -1.399540
v 0.949667 1.199991 2.040460
v -0.950333 1.199991 -1.399540
v -0.950333 1.199991 2.040460
v -0.950333 0.299991 -2.959540
v 0.949667 0.399991 2.840460
v 0.949667 0.299991 -2.959540
v -0.950333 0.399991 2.840460
v -1.500333 0.599991 2.640460
v -1.500333 0.599991 -2.439540
v -1.500333 0.599991 2.040460
v -0.950333 0.599991 -1.399540
v -1.500333 0.599991 -1.399540
v -0.950333 0.599991 2.040460
v 1.499667 0.599991 -2.439540
v 1.499667 0.599991 2.640460
v 0.949667 0.599991 -1.399540
v 0.949667 0.599991 2.040460
v 1.499667 0.599991 2.040460
v 1.499667 0.599991 -1.399540
vn -0.0000 0.7071 0.7071
vn -0.5420 -0.8404 -0.0000
vn -0.0000 0.8662 -0.4997
vn -0.0000 -1.0000 -0.0000
vn -0.0000 -0.8662 -0.4997
vn -0.0000 -0.7071 0.7071
vn -1.0000 -0.0000 -0.0000
vn -0.0000 1.0000 -0.0000
vn -0.7372 0.6757 -0.0000
vn 0.7372 0.6757 -0.0000
vn 1.0000 -0.0000 -0.0000
vt 0.625000 0.000000
vt 0.541667 0.250000
vt 0.541667 0.000000
vt 0.500000 0.250000
vt 0.500000 0.000000
vt 0.000000 0.000000
vt 0.625000 0.750000
vt 0.541667 0.500000
vt 0.625000 0.500000
vt 0.375000 0.500000
vt 0.125000 0.750000
vt 0.125000 0.500000
vt 0.500000 0.500000
vt 0.375000 0.750000
vt 0.375000 0.250000
vt 0.375000 0.000000
vt 0.541667 0.750000
vt 0.875000 0.500000
vt 0.500000 1.000000
vt 0.625000 0.250000
vt 0.500000 0.750000
vt 0.875000 0.750000
vt 0.375000 1.000000
s 0
usemtl Green
f 10/1/1 1/2/1 7/3/1
f 7/3/1 16/4/1 14/5/1
f 20/6/2 22/6/2 5/6/2
f 9/7/3 5/8/3 11/9/3
f 12/6/1 17/6/1 1/2/1
f 2/10/4 8/11/4 6/12/4
f 13/13/5 4/14/5 2/10/5
f 14/5/6 6/15/6 8/16/6
f 3/17/3 13/13/3 5/8/3
f 22/6/7 13/13/7 6/15/7
f 12/18/8 9/7/8 11/9/8
f 18/6/9 21/6/9 11/9/9
f 21/6/9 12/6/9 11/9/9
f 5/8/3 18/6/3 11/9/3
f 17/6/9 12/6/9 19/6/9
f 10/1/10 28/6/10 9/7/10
f 10/1/1 7/3/1 24/6/1
f 10/1/10 24/6/10 27/6/10
f 27/6/4 25/7/4 28/6/4
f 3/17/3 9/7/3 23/6/3
f 28/6/10 23/6/10 9/7/10
f 28/6/4 3/17/4 23/6/4
f 7/3/4 27/6/4 24/6/4
f 18/6/4 20/6/4 21/6/4
f 22/6/4 21/6/4 20/6/4
f 17/6/4 22/6/4 1/2/4
f 14/19/11 4/14/11 25/7/11
f 10/1/1 12/20/1 1/2/1
f 7/3/1 1/2/1 16/4/1
f 9/7/3 3/17/3 5/8/3
f 2/10/4 4/14/4 8/11/4
f 13/13/5 15/21/5 4/14/5
f 14/5/6 16/4/6 6/15/6
f 3/17/3 15/21/3 13/13/3
f 6/15/7 16/4/7 1/2/7
f 22/6/7 5/6/7 13/13/7
f 6/15/7 1/2/7 22/6/7
f 13/13/7 2/10/7 6/15/7
f 12/18/8 10/22/8 9/7/8
f 21/6/9 19/6/9 12/6/9
f 10/1/10 27/6/10 28/6/10
f 27/6/4 26/22/4 25/7/4
f 28/6/4 25/7/4 3/17/4
f 7/3/4 26/22/4 27/6/4
f 18/6/4 5/8/4 20/6/4
f 22/6/4 19/6/4 21/6/4
f 17/6/4 19/6/4 22/6/4
f 26/22/11 7/3/11 14/19/11
f 14/19/11 8/23/11 4/14/11
f 4/14/11 15/21/11 3/17/11
f 25/7/11 26/22/11 14/19/11
f 4/14/11 3/17/11 25/7/11
o Turret
v -0.000333 1.849991 -1.068631
v -0.000333 1.849991 0.366369
v -0.315333 1.849991 0.366369
v -0.490333 1.849991 -1.068631
v 0.314667 1.849991 0.366369
v 0.489667 1.849991 -1.068631
v -0.000333 1.849991 -0.333631
v -0.665333 1.849991 -0.333631
v 0.664667 1.849991 -0.333631
v -0.000333 1.199991 -0.329540
v -0.000333 1.199991 0.670460
v -0.450333 1.199991 0.670460
v 0.699667 1.199991 -1.379540
v -0.000333 1.199991 -1.379540
v 0.449667 1.199991 0.670460
v 0.949667 1.199991 -0.329540
v -0.950333 1.199991 -0.329540
v -0.700333 1.199991 -1.379540
v 0.244667 1.849991 -1.068631
v 0.157167 1.849991 0.366369
v 0.299867 1.849991 -0.333631
v 0.349667 1.199991 -1.379540
v 0.224667 1.199991 0.670460
v 0.474667 1.199991 -0.329540
v -0.124833 1.849991 0.366369
v -0.212333 1.849991 -1.068631
v -0.299833 1.849991 -0.333631
v -0.192333 1.199991 0.670460
v -0.317333 1.199991 -1.379540
v -0.442333 1.199991 -0.329540
vn -0.0000 1.0000 -0.0000
vn -0.0000 -1.0000 -0.0000
vn -0.8953 0.3912 -0.2132
vn 0.8953 0.3912 -0.2132
vn -0.0000 0.4315 -0.9021
vn -0.8319 0.3674 0.4159
vn 0.8319 0.3674 0.4159
vn -0.0000 0.4238 0.9058
vt 0.125000 0.656250
vt 0.246951 0.625000
vt 0.125000 0.625000
vt 0.125000 0.593750
vt 0.246951 0.562500
vt 0.375000 0.562500
vt 0.246951 0.500000
vt 0.246951 0.687500
vt 0.375000 0.687500
vt 0.375000 0.656250
vt 0.246951 0.687500
vt 0.125000 0.687500
vt 0.246951 0.750000
vt 0.375000 0.656250
vt 0.375000 0.593750
vt 0.125000 0.562500
vt 0.375000 0.625000
vt 0.246951 0.562500
s 0
usemtl Green
f 48/24/12 35/25/12 30/26/12
f 38/25/13 56/27/13 58/28/13
f 32/29/14 45/30/14 36/30/14
f 49/31/12 34/32/12 47/33/12
f 52/34/13 43/35/13 51/24/13
f 34/32/15 44/36/15 41/32/15
f 52/34/13 41/32/13 44/36/13
f 34/32/16 50/37/16 47/33/16
f 57/38/13 38/25/13 58/28/13
f 31/39/17 45/30/17 40/39/17
f 33/35/18 44/36/18 37/36/18
f 31/39/19 56/27/19 53/27/19
f 48/24/19 39/26/19 51/24/19
f 54/38/16 42/40/16 57/38/16
f 53/27/12 35/25/12 55/41/12
f 35/25/12 54/38/12 55/41/12
f 33/35/19 51/24/19 43/35/19
f 47/33/16 42/40/16 29/40/16
f 38/25/13 50/37/13 52/34/13
f 38/25/13 51/24/13 39/26/13
f 35/25/12 47/33/12 29/40/12
f 33/35/12 49/31/12 48/24/12
f 55/41/12 32/29/12 36/30/12
f 31/39/12 55/41/12 36/30/12
f 32/29/16 57/38/16 46/29/16
f 53/27/19 39/26/19 30/26/19
f 46/29/13 58/28/13 45/30/13
f 58/28/13 40/39/13 45/30/13
f 48/24/12 49/31/12 35/25/12
f 38/25/13 39/26/13 56/27/13
f 32/29/14 46/29/14 45/30/14
f 49/31/12 37/36/12 34/32/12
f 52/34/13 44/36/13 43/35/13
f 34/32/15 37/36/15 44/36/15
f 52/34/13 50/37/13 41/32/13
f 34/32/16 41/32/16 50/37/16
f 57/38/13 42/40/13 38/25/13
f 31/39/17 36/30/17 45/30/17
f 33/35/18 43/35/18 44/36/18
f 31/39/19 40/39/19 56/27/19
f 48/24/19 30/26/19 39/26/19
f 54/38/16 29/40/16 42/40/16
f 53/27/12 30/26/12 35/25/12
f 35/25/12 29/40/12 54/38/12
f 33/35/19 48/24/19 51/24/19
f 47/33/16 50/37/16 42/40/16
f 38/25/13 42/40/13 50/37/13
f 38/25/13 52/34/13 51/24/13
f 35/25/12 49/31/12 47/33/12
f 33/35/12 37/36/12 49/31/12
f 55/41/12 54/38/12 32/29/12
f 31/39/12 53/27/12 55/41/12
f 32/29/16 54/38/16 57/38/16
f 53/27/19 56/27/19 39/26/19
f 46/29/13 57/38/13 58/28/13
f 58/28/13 56/27/13 40/39/13
o RightCom
v 0.049867 1.849990 -0.333631
v 0.049867 1.999990 -0.333631
v 0.054670 1.849990 -0.382404
v 0.054670 1.999990 -0.382404
v 0.068897 1.849990 -0.429302
v 0.068897 1.999990 -0.429302
v 0.091999 1.849990 -0.472524
v 0.091999 1.999990 -0.472524
v 0.123090 1.849990 -0.510408
v 0.123090 1.999990 -0.510408
v 0.160974 1.849990 -0.541499
v 0.160974 1.999990 -0.541499
v 0.204196 1.849990 -0.564601
v 0.204196 1.999990 -0.564601
v 0.251094 1.849990 -0.578828
v 0.251094 1.999990 -0.578828
v 0.299867 1.849990 -0.583631
v 0.299867 1.999990 -0.583631
v 0.348639 1.849990 -0.578828
v 0.348639 1.999990 -0.578828
v 0.395537 1.849990 -0.564601
v 0.395537 1.999990 -0.564601
v 0.438759 1.849990 -0.541499
v 0.438759 1.999990 -0.541499
v 0.476643 1.849990 -0.510408
v 0.476643 1.999990 -0.510408
v 0.507734 1.849990 -0.472524
v 0.507734 1.999990 -0.472524
v 0.530836 1.849990 -0.429302
v 0.530836 1.999990 -0.429302
v 0.545063 1.849990 -0.382404
v 0.545063 1.999990 -0.382404
v 0.549867 1.849990 -0.333631
v 0.549867 1.999990 -0.333631
v 0.545063 1.849990 -0.284859
v 0.545063 1.999990 -0.284859
v 0.530836 1.849990 -0.237960
v 0.530836 1.999990 -0.237960
v 0.507734 1.849990 -0.194739
v 0.507734 1.999990 -0.194739
v 0.476643 1.849990 -0.156855
v 0.476643 1.999990 -0.156855
v 0.438759 1.849990 -0.125764
v 0.438759 1.999990 -0.125764
v 0.395537 1.849990 -0.102661
v 0.395537 1.999990 -0.102661
v 0.348639 1.849990 -0.088435
v 0.348639 1.999990 -0.088435
v 0.299867 1.849990 -0.083631
v 0.299867 1.999990 -0.083631
v 0.251094 1.849990 -0.088435
v 0.251094 1.999990 -0.088435
v 0.204196 1.849990 -0.102661
v 0.204196 1.999990 -0.102661
v 0.160974 1.849990 -0.125764
v 0.160974 1.999990 -0.125764
v 0.123090 1.849990 -0.156855
v 0.123090 1.999990 -0.156855
v 0.091999 1.849990 -0.194739
v 0.091999 1.999990 -0.194739
v 0.068897 1.849990 -0.237960
v 0.068897 1.999990 -0.237960
v 0.054670 1.849990 -0.284859
v 0.054670 1.999990 -0.284859
vn -0.9952 -0.0000 -0.0980
vn -0.9569 -0.0000 -0.2903
vn -0.8819 -0.0000 -0.4714
vn -0.7730 -0.0000 -0.6344
vn -0.6344 -0.0000 -0.7730
vn -0.4714 -0.0000 -0.8819
vn -0.2903 -0.0000 -0.9569
vn -0.0980 -0.0000 -0.9952
vn 0.0980 -0.0000 -0.9952
vn 0.2903 -0.0000 -0.9569
vn 0.4714 -0.0000 -0.8819
vn 0.6344 -0.0000 -0.7730
vn 0.7730 -0.0000 -0.6344
vn 0.8819 -0.0000 -0.4714
vn 0.9569 -0.0000 -0.2903
vn 0.9952 -0.0000 -0.0980
vn 0.9952 -0.0000 0.0980
vn 0.9569 -0.0000 0.2903
vn 0.8819 -0.0000 0.4714
vn 0.7730 -0.0000 0.6344
vn 0.6344 -0.0000 0.7730
vn 0.4714 -0.0000 0.8819
vn 0.2903 -0.0000 0.9569
vn 0.0980 -0.0000 0.9952
vn -0.0980 -0.0000 0.9952
vn -0.2903 -0.0000 0.9569
vn -0.4714 -0.0000 0.8819
vn -0.6344 -0.0000 0.7730
vn -0.7730 -0.0000 0.6344
vn -0.8819 -0.0000 0.4714
vn -0.0000 1.0000 -0.0000
vn -0.9569 -0.0000 0.2903
vn -0.9952 -0.0000 0.0980
vn -0.0000 -1.0000 -0.0000
vt 1.000000 1.000000
vt 0.968750 0.500000
vt 1.000000 0.500000
vt 0.968750 1.000000
vt 0.937500 0.500000
vt 0.937500 1.000000
vt 0.906250 0.500000
vt 0.906250 1.000000
vt 0.875000 0.500000
vt 0.875000 1.000000
vt 0.843750 0.500000
vt 0.843750 1.000000
vt 0.812500 0.500000
vt 0.812500 1.000000
vt 0.781250 0.500000
vt 0.781250 1.000000
vt 0.750000 0.500000
vt 0.750000 1.000000
vt 0.718750 0.500000
vt 0.718750 1.000000
vt 0.687500 0.500000
vt 0.687500 1.000000
vt 0.656250 0.500000
vt 0.656250 1.000000
vt 0.625000 0.500000
vt 0.625000 1.000000
vt 0.593750 0.500000
vt 0.593750 1.000000
vt 0.562500 0.500000
vt 0.562500 1.000000
vt 0.531250 0.500000
vt 0.531250 1.000000
vt 0.500000 0.500000
vt 0.500000 1.000000
vt 0.468750 0.500000
vt 0.468750 1.000000
vt 0.437500 0.500000
vt 0.437500 1.000000
vt 0.406250 0.500000
vt 0.406250 1.000000
vt 0.375000 0.500000
vt 0.375000 1.000000
vt 0.343750 0.500000
vt 0.343750 1.000000
vt 0.312500 0.500000
vt 0.312500 1.000000
vt 0.281250 0.500000
vt 0.281250 1.000000
vt 0.250000 0.500000
vt 0.250000 1.000000
vt 0.218750 0.500000
vt 0.218750 1.000000
vt 0.187500 0.500000
vt 0.187500 1.000000
vt 0.156250 0.500000
vt 0.156250 1.000000
vt 0.125000 0.500000
vt 0.125000 1.000000
vt 0.093750 0.500000
vt 0.093750 1.000000
vt 0.062500 0.500000
vt 0.158156 0.028269
vt 0.471731 0.158156
vt 0.341844 0.471731
vt 0.062500 1.000000
vt 0.031250 0.500000
vt 0.031250 1.000000
vt 0.000000 0.500000
vt 0.796822 0.014612
vt 0.514612 0.203178
vt 0.703178 0.485388
vt 0.296822 0.485388
vt 0.250000 0.490000
vt 0.203178 0.485388
vt 0.158156 0.471731
vt 0.116663 0.449553
vt 0.080294 0.419706
vt 0.050447 0.383337
vt 0.028269 0.341844
vt 0.014612 0.296822
vt 0.010000 0.250000
vt 0.014612 0.203178
vt 0.028269 0.158156
vt 0.050447 0.116663
vt 0.080294 0.080294
vt 0.116663 0.050447
vt 0.203178 0.014612
vt 0.250000 0.010000
vt 0.296822 0.014612
vt 0.341844 0.028269
vt 0.383337 0.050447
vt 0.419706 0.080294
vt 0.449553 0.116663
vt 0.485388 0.203178
vt 0.490000 0.250000
vt 0.485388 0.296822
vt 0.471731 0.341844
vt 0.449553 0.383337
vt 0.419706 0.419706
vt 0.383337 0.449553
vt 0.000000 1.000000
vt 0.750000 0.490000
vt 0.796822 0.485388
vt 0.841844 0.471731
vt 0.883337 0.449553
vt 0.919706 0.419706
vt 0.949553 0.383337
vt 0.971731 0.341844
vt 0.985388 0.296822
vt 0.990000 0.250000
vt 0.985388 0.203178
vt 0.971731 0.158156
vt 0.949553 0.116663
vt 0.919706 0.080294
vt 0.883337 0.050447
vt 0.841844 0.028269
vt 0.750000 0.010000
vt 0.703178 0.014612
vt 0.658156 0.028269
vt 0.616663 0.050447
vt 0.580294 0.080294
vt 0.550447 0.116663
vt 0.528269 0.158156
vt 0.510000 0.250000
vt 0.514612 0.296822
vt 0.528269 0.341844
vt 0.550447 0.383337
vt 0.580294 0.419706
vt 0.616663 0.449553
vt 0.658156 0.471731
s 0
usemtl Green
f 60/42/20 61/43/20 59/44/20
f 62/45/21 63/46/21 61/43/21
f 64/47/22 65/48/22 63/46/22
f 66/49/23 67/50/23 65/48/23
f 68/51/24 69/52/24 67/50/24
f 70/53/25 71/54/25 69/52/25
f 72/55/26 73/56/26 71/54/26
f 74/57/27 75/58/27 73/56/27
f 76/59/28 77/60/28 75/58/28
f 78/61/29 79/62/29 77/60/29
f 80/63/30 81/64/30 79/62/30
f 82/65/31 83/66/31 81/64/31
f 84/67/32 85/68/32 83/66/32
f 86/69/33 87/70/33 85/68/33
f 88/71/34 89/72/34 87/70/34
f 90/73/35 91/74/35 89/72/35
f 92/75/36 93/76/36 91/74/36
f 94/77/37 95/78/37 93/76/37
f 96/79/38 97/80/38 95/78/38
f 98/81/39 99/82/39 97/80/39
f 100/83/40 101/84/40 99/82/40
f 102/85/41 103/86/41 101/84/41
f 104/87/42 105/88/42 103/86/42
f 106/89/43 107/90/43 105/88/43
f 108/91/44 109/92/44 107/90/44
f 110/93/45 111/94/45 109/92/45
f 112/95/46 113/96/46 111/94/46
f 114/97/47 115/98/47 113/96/47
f 116/99/48 117/100/48 115/98/48
f 118/101/49 119/102/49 117/100/49
f 96/103/50 80/104/50 64/105/50
f 120/106/51 121/107/51 119/102/51
f 122/108/52 59/109/52 121/107/52
f 89/110/53 105/111/53 121/112/53
f 60/42/20 62/45/20 61/43/20
f 62/45/21 64/47/21 63/46/21
f 64/47/22 66/49/22 65/48/22
f 66/49/23 68/51/23 67/50/23
f 68/51/24 70/53/24 69/52/24
f 70/53/25 72/55/25 71/54/25
f 72/55/26 74/57/26 73/56/26
f 74/57/27 76/59/27 75/58/27
f 76/59/28 78/61/28 77/60/28
f 78/61/29 80/63/29 79/62/29
f 80/63/30 82/65/30 81/64/30
f 82/65/31 84/67/31 83/66/31
f 84/67/32 86/69/32 85/68/32
f 86/69/33 88/71/33 87/70/33
f 88/71/34 90/73/34 89/72/34
f 90/73/35 92/75/35 91/74/35
f 92/75/36 94/77/36 93/76/36
f 94/77/37 96/79/37 95/78/37
f 96/79/38 98/81/38 97/80/38
f 98/81/39 100/83/39 99/82/39
f 100/83/40 102/85/40 101/84/40
f 102/85/41 104/87/41 103/86/41
f 104/87/42 106/89/42 105/88/42
f 106/89/43 108/91/43 107/90/43
f 108/91/44 110/93/44 109/92/44
f 110/93/45 112/95/45 111/94/45
f 112/95/46 114/97/46 113/96/46
f 114/97/47 116/99/47 115/98/47
f 116/99/48 118/101/48 117/100/48
f 118/101/49 120/106/49 119/102/49
f 64/105/50 62/113/50 60/114/50
f 60/114/50 122/115/50 120/116/50
f 120/116/50 118/117/50 116/118/50
f 116/118/50 114/119/50 112/120/50
f 112/120/50 110/121/50 108/122/50
f 108/122/50 106/123/50 104/124/50
f 104/124/50 102/125/50 100/126/50
f 100/126/50 98/127/50 96/103/50
f 96/103/50 94/128/50 92/129/50
f 92/129/50 90/130/50 88/131/50
f 88/131/50 86/132/50 84/133/50
f 84/133/50 82/134/50 80/104/50
f 80/104/50 78/135/50 76/136/50
f 76/136/50 74/137/50 72/138/50
f 72/138/50 70/139/50 68/140/50
f 68/140/50 66/141/50 64/105/50
f 64/105/50 60/114/50 120/116/50
f 120/116/50 116/118/50 112/120/50
f 112/120/50 108/122/50 104/124/50
f 104/124/50 100/126/50 96/103/50
f 96/103/50 92/129/50 88/131/50
f 88/131/50 84/133/50 80/104/50
f 80/104/50 76/136/50 72/138/50
f 72/138/50 68/140/50 64/105/50
f 64/105/50 120/116/50 112/120/50
f 112/120/50 104/124/50 96/103/50
f 96/103/50 88/131/50 80/104/50
f 80/104/50 72/138/50 64/105/50
f 64/105/50 112/120/50 96/103/50
f 120/106/51 122/108/51 121/107/51
f 122/108/52 60/142/52 59/109/52
f 121/112/53 59/143/53 61/144/53
f 61/144/53 63/145/53 65/146/53
f 65/146/53 67/147/53 69/148/53
f 69/148/53 71/149/53 73/150/53
f 73/150/53 75/151/53 77/152/53
f 77/152/53 79/153/53 81/154/53
f 81/154/53 83/155/53 85/156/53
f 85/156/53 87/157/53 89/110/53
f 89/110/53 91/158/53 93/159/53
f 93/159/53 95/160/53 97/161/53
f 97/161/53 99/162/53 101/163/53
f 101/163/53 103/164/53 105/111/53
f 105/111/53 107/165/53 109/166/53
f 109/166/53 111/167/53 113/168/53
f 113/168/53 115/169/53 117/170/53
f 117/170/53 119/171/53 121/112/53
f 121/112/53 61/144/53 65/146/53
f 65/146/53 69/148/53 73/150/53
f 73/150/53 77/152/53 81/154/53
f 81/154/53 85/156/53 89/110/53
f 89/110/53 93/159/53 97/161/53
f 97/161/53 101/163/53 105/111/53
f 105/111/53 109/166/53 113/168/53
f 113/168/53 117/170/53 121/112/53
f 121/112/53 65/146/53 73/150/53
f 73/150/53 81/154/53 89/110/53
f 89/110/53 97/161/53 105/111/53
f 105/111/53 113/168/53 121/112/53
f 121/112/53 73/150/53 89/110/53
o LeftCom
v -0.550133 1.849990 -0.333631
v -0.550133 1.899990 -0.333631
v -0.545330 1.849990 -0.382404
v -0.545330 1.899990 -0.382404
v -0.531103 1.849990 -0.429302
v -0.531103 1.899990 -0.429302
v -0.508001 1.849990 -0.472524
v -0.508001 1.899990 -0.472524
v -0.476910 1.849990 -0.510408
v -0.476910 1.899990 -0.510408
v -0.439026 1.849990 -0.541499
v -0.439026 1.899990 -0.541499
v -0.395804 1.849990 -0.564601
v -0.395804 1.899990 -0.564601
v -0.348906 1.849990 -0.578828
v -0.348906 1.899990 -0.578828
v -0.300133 1.849990 -0.583631
v -0.300133 1.899990 -0.583631
v -0.251361 1.849990 -0.578828
v -0.251361 1.899990 -0.578828
v -0.204463 1.849990 -0.564601
v -0.204463 1.899990 -0.564601
v -0.161241 1.849990 -0.541499
v -0.161241 1.899990 -0.541499
v -0.123357 1.849990 -0.510408
v -0.123357 1.899990 -0.510408
v -0.092266 1.849990 -0.472524
v -0.092266 1.899990 -0.472524
v -0.069164 1.849990 -0.429302
v -0.069164 1.899990 -0.429302
v -0.054937 1.849990 -0.382404
v -0.054937 1.899990 -0.382404
v -0.050133 1.849990 -0.333631
v -0.050133 1.899990 -0.333631
v -0.054937 1.849990 -0.284859
v -0.054937 1.899990 -0.284859
v -0.069164 1.849990 -0.237960
v -0.069164 1.899990 -0.237960
v -0.092266 1.849990 -0.194739
v -0.092266 1.899990 -0.194739
v -0.123357 1.849990 -0.156855
v -0.123357 1.899990 -0.156855
v -0.161241 1.849990 -0.125764
v -0.161241 1.899990 -0.125764
v -0.204463 1.849990 -0.102661
v -0.204463 1.899990 -0.102661
v -0.251361 1.849990 -0.088435
v -0.251361 1.899990 -0.088435
v -0.300133 1.849990 -0.083631
v -0.300133 1.899990 -0.083631
v -0.348906 1.849990 -0.088435
v -0.348906 1.899990 -0.088435
v -0.395804 1.849990 -0.102661
v -0.395804 1.899990 -0.102661
v -0.439026 1.849990 -0.125764
v -0.439026 1.899990 -0.125764
v -0.476910 1.849990 -0.156855
v -0.476910 1.899990 -0.156855
v -0.508001 1.849990 -0.194739
v -0.508001 1.899990 -0.194739
v -0.531103 1.849990 -0.237960
v -0.531103 1.899990 -0.237960
v -0.545330 1.849990 -0.284859
v -0.545330 1.899990 -0.284859
vn -0.9952 -0.0000 -0.0980
vn -0.9569 -0.0000 -0.2903
vn -0.8819 -0.0000 -0.4714
vn -0.7730 -0.0000 -0.6344
vn -0.6344 -0.0000 -0.7730
vn -0.4714 -0.0000 -0.8819
vn -0.2903 -0.0000 -0.9569
vn -0.0980 -0.0000 -0.9952
vn 0.0980 -0.0000 -0.9952
vn 0.2903 -0.0000 -0.9569
vn 0.4714 -0.0000 -0.8819
vn 0.6344 -0.0000 -0.7730
vn 0.7730 -0.0000 -0.6344
vn 0.8819 -0.0000 -0.4714
vn 0.9569 -0.0000 -0.2903
vn 0.9952 -0.0000 -0.0980
vn 0.9952 -0.0000 0.0980
vn 0.9569 -0.0000 0.2903
vn 0.8819 -0.0000 0.4714
vn 0.7730 -0.0000 0.6344
vn 0.6344 -0.0000 0.7730
vn 0.4714 -0.0000 0.8819
vn 0.2903 -0.0000 0.9569
vn 0.0980 -0.0000 0.9952
vn -0.0980 -0.0000 0.9952
vn -0.2903 -0.0000 0.9569
vn -0.4714 -0.0000 0.8819
vn -0.6344 -0.0000 0.7730
vn -0.7730 -0.0000 0.6344
vn -0.8819 -0.0000 0.4714
vn -0.0000 1.0000 -0.0000
vn -0.9569 -0.0000 0.2903
vn -0.9952 -0.0000 0.0980
vn -0.0000 -1.0000 -0.0000
vt 1.000000 1.000000
vt 0.968750 0.500000
vt 1.000000 0.500000
vt 0.968750 1.000000
vt 0.937500 0.500000
vt 0.937500 1.000000
vt 0.906250 0.500000
vt 0.906250 1.000000
vt 0.875000 0.500000
vt 0.875000 1.000000
vt 0.843750 0.500000
vt 0.843750 1.000000
vt 0.812500 0.500000
vt 0.812500 1.000000
vt 0.781250 0.500000
vt 0.781250 1.000000
vt 0.750000 0.500000
vt 0.750000 1.000000
vt 0.718750 0.500000
vt 0.718750 1.000000
vt 0.687500 0.500000
vt 0.687500 1.000000
vt 0.656250 0.500000
vt 0.656250 1.000000
vt 0.625000 0.500000
vt 0.625000 1.000000
vt 0.593750 0.500000
vt 0.593750 1.000000
vt 0.562500 0.500000
vt 0.562500 1.000000
vt 0.531250 0.500000
vt 0.531250 1.000000
vt 0.500000 0.500000
vt 0.500000 1.000000
vt 0.468750 0.500000
vt 0.468750 1.000000
vt 0.437500 0.500000
vt 0.437500 1.000000
vt 0.406250 0.500000
vt 0.406250 1.000000
vt 0.375000 0.500000
vt 0.375000 1.000000
vt 0.343750 0.500000
vt 0.343750 1.000000
vt 0.312500 0.500000
vt 0.312500 1.000000
vt 0.281250 0.500000
vt 0.281250 1.000000
vt 0.250000 0.500000
vt 0.250000 1.000000
vt 0.218750 0.500000
vt 0.218750 1.000000
vt 0.187500 0.500000
vt 0.187500 1.000000
vt 0.156250 0.500000
vt 0.156250 1.000000
vt 0.125000 0.500000
vt 0.125000 1.000000
vt 0.093750 0.500000
vt 0.093750 1.000000
vt 0.062500 0.500000
vt 0.158156 0.028269
vt 0.471731 0.158156
vt 0.341844 0.471731
vt 0.062500 1.000000
vt 0.031250 0.500000
vt 0.031250 1.000000
vt 0.000000 0.500000
vt 0.796822 0.014612
vt 0.514612 0.203178
vt 0.703178 0.485388
vt 0.296822 0.485388
vt 0.250000 0.490000
vt 0.203178 0.485388
vt 0.158156 0.471731
vt 0.116663 0.449553
vt 0.080294 0.419706
vt 0.050447 0.383337
vt 0.028269 0.341844
vt 0.014612 0.296822
vt 0.010000 0.250000
vt 0.014612 0.203178
vt 0.028269 0.158156
vt 0.050447 0.116663
vt 0.080294 0.080294
vt 0.116663 0.050447
vt 0.203178 0.014612
vt 0.250000 0.010000
vt 0.296822 0.014612
vt 0.341844 0.028269
vt 0.383337 0.050447
vt 0.419706 0.080294
vt 0.449553 0.116663
vt 0.485388 0.203178
vt 0.490000 0.250000
vt 0.485388 0.296822
vt 0.471731 0.341844
vt 0.449553 0.383337
vt 0.419706 0.419706
vt 0.383337 0.449553
vt 0.000000 1.000000
vt 0.750000 0.490000
vt 0.796822 0.485388
vt 0.841844 0.471731
vt 0.883337 0.449553
vt 0.919706 0.419706
vt 0.949553 0.383337
vt 0.971731 0.341844
vt 0.985388 0.296822
vt 0.990000 0.250000
vt 0.985388 0.203178
vt 0.971731 0.158156
vt 0.949553 0.116663
vt 0.919706 0.080294
vt 0.883337 0.050447
vt 0.841844 0.028269
vt 0.750000 0.010000
vt 0.703178 0.014612
vt 0.658156 0.028269
vt 0.616663 0.050447
vt 0.580294 0.080294
vt 0.550447 0.116663
vt 0.528269 0.158156
vt 0.510000 0.250000
vt 0.514612 0.296822
vt 0.528269 0.341844
vt 0.550447 0.383337
vt 0.580294 0.419706
vt 0.616663 0.449553
vt 0.658156 0.471731
s 0
usemtl Green
f 124/172/54 125/173/54 123/174/54
f 126/175/55 127/176/55 125/173/55
f 128/177/56 129/178/56 127/176/56
f 130/179/57 131/180/57 129/178/57
f 132/181/58 133/182/58 131/180/58
f 134/183/59 135/184/59 133/182/59
f 136/185/60 137/186/60 135/184/60
f 138/187/61 139/188/61 137/186/61
f 140/189/62 141/190/62 139/188/62
f 142/191/63 143/192/63 141/190/63
f 144/193/64 145/194/64 143/192/64
f 146/195/65 147/196/65 145/194/65
f 148/197/66 149/198/66 147/196/66
f 150/199/67 151/200/67 149/198/67
f 152/201/68 153/202/68 151/200/68
f 154/203/69 155/204/69 153/202/69
f 156/205/70 157/206/70 155/204/70
f 158/207/71 159/208/71 157/206/71
f 160/209/72 161/210/72 159/208/72
f 162/211/73 163/212/73 161/210/73
f 164/213/74 165/214/74 163/212/74
f 166/215/75 167/216/75 165/214/75
f 168/217/76 169/218/76 167/216/76
f 170/219/77 171/220/77 169/218/77
f 172/221/78 173/222/78 171/220/78
f 174/223/79 175/224/79 173/222/79
f 176/225/80 177/226/80 175/224/80
f 178/227/81 179/228/81 177/226/81
f 180/229/82 181/230/82 179/228/82
f 182/231/83 183/232/83 181/230/83
f 160/233/84 144/234/84 128/235/84
f 184/236/85 185/237/85 183/232/85
f 186/238/86 123/239/86 185/237/86
f 153/240/87 169/241/87 185/242/87
f 124/172/54 126/175/54 125/173/54
f 126/175/55 128/177/55 127/176/55
f 128/177/56 130/179/56 129/178/56
f 130/179/57 132/181/57 131/180/57
f 132/181/58 134/183/58 133/182/58
f 134/183/59 136/185/59 135/184/59
f 136/185/60 138/187/60 137/186/60
f 138/187/61 140/189/61 139/188/61
f 140/189/62 142/191/62 141/190/62
f 142/191/63 144/193/63 143/192/63
f 144/193/64 146/195/64 145/194/64
f 146/195/65 148/197/65 147/196/65
f 148/197/66 150/199/66 149/198/66
f 150/199/67 152/201/67 151/200/67
f 152/201/68 154/203/68 153/202/68
f 154/203/69 156/205/69 155/204/69
f 156/205/70 158/207/70 157/206/70
f 158/207/71 160/209/71 159/208/71
f 160/209/72 162/211/72 161/210/72
f 162/211/73 164/213/73 163/212/73
f 164/213/74 166/215/74 165/214/74
f 166/215/75 168/217/75 167/216/75
f 168/217/76 170/219/76 169/218/76
f 170/219/77 172/221/77 171/220/77
f 172/221/78 174/223/78 173/222/78
f 174/223/79 176/225/79 175/224/79
f 176/225/80 178/227/80 177/226/80
f 178/227/81 180/229/81 179/228/81
f 180/229/82 182/231/82 181/230/82
f 182/231/83 184/236/83 183/232/83
f 128/235/84 126/243/84 124/244/84
f 124/244/84 186/245/84 184/246/84
f 184/246/84 182/247/84 180/248/84
f 180/248/84 178/249/84 176/250/84
f 176/250/84 174/251/84 172/252/84
f 172/252/84 170/253/84 168/254/84
f 168/254/84 166/255/84 164/256/84
f 164/256/84 162/257/84 160/233/84
f 160/233/84 158/258/84 156/259/84
f 156/259/84 154/260/84 152/261/84
f 152/261/84 150/262/84 148/263/84
f 148/263/84 146/264/84 144/234/84
f 144/234/84 142/265/84 140/266/84
f 140/266/84 138/267/84 136/268/84
f 136/268/84 134/269/84 132/270/84
f 132/270/84 130/271/84 128/235/84
f 128/235/84 124/244/84 184/246/84
f 184/246/84 180/248/84 176/250/84
f 176/250/84 172/252/84 168/254/84
f 168/254/84 164/256/84 160/233/84
f 160/233/84 156/259/84 152/261/84
f 152/261/84 148/263/84 144/234/84
f 144/234/84 140/266/84 136/268/84
f 136/268/84 132/270/84 128/235/84
f 128/235/84 184/246/84 176/250/84
f 176/250/84 168/254/84 160/233/84
f 160/233/84 152/261/84 144/234/84
f 144/234/84 136/268/84 128/235/84
f 128/235/84 176/250/84 160/233/84
f 184/236/85 186/238/85 185/237/85
f 186/238/86 124/272/86 123/239/86
f 185/242/87 123/273/87 125/274/87
f 125/274/87 127/275/87 129/276/87
f 129/276/87 131/277/87 133/278/87
f 133/278/87 135/279/87 137/280/87
f 137/280/87 139/281/87 141/282/87
f 141/282/87 143/283/87 145/284/87
f 145/284/87 147/285/87 149/286/87
f 149/286/87 151/287/87 153/240/87
f 153/240/87 155/288/87 157/289/87
f 157/289/87 159/290/87 161/291/87
f 161/291/87 163/292/87 165/293/87
f 165/293/87 167/294/87 169/241/87
f 169/241/87 171/295/87 173/296/87
f 173/296/87 175/297/87 177/298/87
f 177/298/87 179/299/87 181/300/87
f 181/300/87 183/301/87 185/242/87
f 185/242/87 125/274/87 129/276/87
f 129/276/87 133/278/87 137/280/87
f 137/280/87 141/282/87 145/284/87
f 145/284/87 149/286/87 153/240/87
f 153/240/87 157/289/87 161/291/87
f 161/291/87 165/293/87 169/241/87
f 169/241/87 173/296/87 177/298/87
f 177/298/87 181/300/87 185/242/87
f 185/242/87 129/276/87 137/280/87
f 137/280/87 145/284/87 153/240/87
f 153/240/87 161/291/87 169/241/87
f 169/241/87 177/298/87 185/242/87
f 185/242/87 137/280/87 153/240/87
o Maska
v -0.370717 1.656780 -1.100349
v -0.256593 1.734184 -1.100349
v -0.365132 1.680699 -1.100349
v -0.348922 1.702277 -1.100349
v -0.323674 1.719401 -1.100349
v -0.291859 1.730395 -1.100349
v 0.370051 1.656780 -1.100349
v 0.255926 1.734184 -1.100349
v 0.364465 1.680699 -1.100349
v 0.348255 1.702277 -1.100349
v 0.323007 1.719401 -1.100349
v 0.291192 1.730395 -1.100349
v -0.370717 1.653463 -1.134021
v -0.256593 1.729380 -1.149122
v -0.365132 1.676923 -1.138687
v -0.348922 1.698086 -1.142897
v -0.323674 1.714881 -1.146237
v -0.291859 1.725664 -1.148382
v 0.370051 1.653463 -1.134021
v 0.255926 1.729380 -1.149122
v 0.364465 1.676923 -1.138687
v 0.348255 1.698086 -1.142897
v 0.323007 1.714881 -1.146238
v 0.291192 1.725664 -1.148382
v -0.370717 1.643642 -1.166399
v -0.256593 1.715154 -1.196020
v -0.365132 1.665740 -1.175552
v -0.348922 1.685675 -1.183810
v -0.323674 1.701496 -1.190363
v -0.291859 1.711654 -1.194570
v 0.370051 1.643642 -1.166399
v 0.255926 1.715154 -1.196020
v 0.364465 1.665740 -1.175552
v 0.348255 1.685675 -1.183810
v 0.323007 1.701496 -1.190363
v 0.291192 1.711654 -1.194570
v -0.370717 1.627692 -1.196238
v -0.256593 1.692051 -1.239241
v -0.365132 1.647580 -1.209527
v -0.348922 1.665521 -1.221515
v -0.323674 1.679760 -1.231029
v -0.291859 1.688901 -1.237137
v 0.370051 1.627692 -1.196238
v 0.255926 1.692051 -1.239241
v 0.364465 1.647580 -1.209527
v 0.348255 1.665521 -1.221515
v 0.323007 1.679760 -1.231029
v 0.291192 1.688901 -1.237137
v -0.370718 1.606228 -1.222393
v -0.256593 1.660960 -1.277126
v -0.365132 1.623141 -1.239306
v -0.348922 1.638399 -1.254564
v -0.323674 1.650507 -1.266673
v -0.291859 1.658282 -1.274447
v 0.370051 1.606228 -1.222393
v 0.255926 1.660960 -1.277126
v 0.364465 1.623141 -1.239306
v 0.348255 1.638399 -1.254564
v 0.323007 1.650507 -1.266673
v 0.291192 1.658282 -1.274447
v -0.370717 1.580073 -1.243857
v -0.256593 1.623076 -1.308216
v -0.365132 1.593362 -1.263745
v -0.348921 1.605350 -1.281687
v -0.323673 1.614863 -1.295925
v -0.291859 1.620972 -1.305066
v 0.370051 1.580073 -1.243857
v 0.255926 1.623076 -1.308216
v 0.364465 1.593362 -1.263745
v 0.348255 1.605350 -1.281687
v 0.323007 1.614863 -1.295925
v 0.291192 1.620972 -1.305066
v -0.370717 1.550233 -1.259807
v -0.256593 1.579855 -1.331319
v -0.365132 1.559387 -1.281905
v -0.348922 1.567644 -1.301841
v -0.323674 1.574198 -1.317661
v -0.291859 1.578405 -1.327819
v 0.370051 1.550233 -1.259807
v 0.255926 1.579855 -1.331319
v 0.364465 1.559387 -1.281905
v 0.348255 1.567644 -1.301841
v 0.323007 1.574198 -1.317661
v 0.291192 1.578405 -1.327819
v -0.370717 1.517856 -1.269628
v -0.256593 1.532956 -1.345545
v -0.365132 1.522522 -1.293088
v -0.348922 1.526732 -1.314251
v -0.323674 1.530072 -1.331046
v -0.291859 1.532217 -1.341830
v 0.370051 1.517856 -1.269629
v 0.255926 1.532956 -1.345545
v 0.364465 1.522522 -1.293088
v 0.348255 1.526732 -1.314251
v 0.323007 1.530072 -1.331046
v 0.291192 1.532217 -1.341830
v -0.370717 1.484184 -1.272945
v -0.256593 1.484184 -1.350349
v -0.365132 1.484184 -1.296864
v -0.348922 1.484184 -1.318442
v -0.323674 1.484184 -1.335566
v -0.291859 1.484184 -1.346560
v 0.370051 1.484184 -1.272945
v 0.255926 1.484184 -1.350349
v 0.364465 1.484184 -1.296864
v 0.348255 1.484184 -1.318442
v 0.323007 1.484184 -1.335566
v 0.291192 1.484184 -1.346561
v -0.370717 1.450512 -1.269628
v -0.256593 1.435411 -1.345545
v -0.365132 1.445846 -1.293088
v -0.348922 1.441636 -1.314251
v -0.323674 1.438295 -1.331046
v -0.291859 1.436150 -1.341830
v 0.370051 1.450512 -1.269629
v 0.255926 1.435411 -1.345545
v 0.364465 1.445845 -1.293088
v 0.348255 1.441636 -1.314251
v 0.323007 1.438295 -1.331046
v 0.291192 1.436150 -1.341830
v -0.370717 1.418134 -1.259807
v -0.256593 1.388513 -1.331319
v -0.365132 1.408981 -1.281905
v -0.348922 1.400723 -1.301840
v -0.323674 1.394170 -1.317661
v -0.291859 1.389963 -1.327819
v 0.370051 1.418134 -1.259807
v 0.255926 1.388513 -1.331319
v 0.364465 1.408981 -1.281905
v 0.348255 1.400723 -1.301841
v 0.323007 1.394170 -1.317661
v 0.291192 1.389963 -1.327819
v -0.370717 1.388295 -1.243857
v -0.256593 1.345291 -1.308216
v -0.365132 1.375006 -1.263745
v -0.348922 1.363018 -1.281687
v -0.323674 1.353504 -1.295925
v -0.291859 1.347396 -1.305066
v 0.370051 1.388295 -1.243857
v 0.255926 1.345291 -1.308216
v 0.364465 1.375006 -1.263745
v 0.348255 1.363018 -1.281687
v 0.323007 1.353504 -1.295925
v 0.291192 1.347396 -1.305066
v -0.370717 1.362140 -1.222393
v -0.256593 1.307407 -1.277126
v -0.365132 1.345227 -1.239306
v -0.348922 1.329969 -1.254564
v -0.323674 1.317860 -1.266673
v -0.291859 1.310086 -1.274447
v 0.370051 1.362140 -1.222393
v 0.255926 1.307407 -1.277126
v 0.364465 1.345227 -1.239306
v 0.348255 1.329969 -1.254564
v 0.323007 1.317860 -1.266673
v 0.291192 1.310086 -1.274447
v -0.370717 1.340676 -1.196238
v -0.256593 1.276316 -1.239241
v -0.365132 1.320787 -1.209527
v -0.348922 1.302846 -1.221515
v -0.323674 1.288608 -1.231029
v -0.291859 1.279466 -1.237137
v 0.370051 1.340675 -1.196238
v 0.255926 1.276316 -1.239241
v 0.364465 1.320787 -1.209527
v 0.348255 1.302846 -1.221515
v 0.323007 1.288608 -1.231029
v 0.291192 1.279466 -1.237137
v -0.370717 1.324726 -1.166399
v -0.256593 1.253214 -1.196020
v -0.365132 1.302628 -1.175552
v -0.348922 1.282692 -1.183810
v -0.323674 1.266871 -1.190363
v -0.291859 1.256714 -1.194570
v 0.370051 1.324726 -1.166399
v 0.255926 1.253214 -1.196020
v 0.364465 1.302628 -1.175552
v 0.348255 1.282692 -1.183810
v 0.323007 1.266871 -1.190363
v 0.291192 1.256714 -1.194570
v -0.370717 1.314904 -1.134021
v -0.256593 1.238987 -1.149122
v -0.365132 1.291445 -1.138687
v -0.348922 1.270282 -1.142897
v -0.323674 1.253486 -1.146237
v -0.291859 1.242703 -1.148382
v 0.370051 1.314904 -1.134021
v 0.255926 1.238987 -1.149122
v 0.364465 1.291445 -1.138687
v 0.348255 1.270282 -1.142897
v 0.323007 1.253486 -1.146238
v 0.291192 1.242703 -1.148382
v -0.370717 1.311588 -1.100349
v -0.256593 1.234184 -1.100349
v -0.365132 1.287669 -1.100349
v -0.348922 1.266091 -1.100349
v -0.323674 1.248967 -1.100349
v -0.291859 1.237972 -1.100349
v 0.370051 1.311588 -1.100349
v 0.255926 1.234184 -1.100349
v 0.364465 1.287669 -1.100349
v 0.348255 1.266091 -1.100349
v 0.323007 1.248967 -1.100349
v 0.291192 1.237972 -1.100349
v -0.370717 1.314904 -1.066677
v -0.256593 1.238987 -1.051576
v -0.365132 1.291445 -1.062011
v -0.348922 1.270282 -1.057801
v -0.323674 1.253486 -1.054460
v -0.291859 1.242703 -1.052315
v 0.370051 1.314904 -1.066677
v 0.255926 1.238987 -1.051576
v 0.364465 1.291445 -1.062011
v 0.348255 1.270282 -1.057801
v 0.323007 1.253486 -1.054460
v 0.291192 1.242703 -1.052315
v -0.370717 1.324726 -1.034299
v -0.256593 1.253214 -1.004678
v -0.365132 1.302628 -1.025146
v -0.348922 1.282692 -1.016888
v -0.323674 1.266871 -1.010335
v -0.291859 1.256714 -1.006128
v 0.370051 1.324726 -1.034299
v 0.255926 1.253214 -1.004678
v 0.364465 1.302628 -1.025146
v 0.348255 1.282692 -1.016888
v 0.323007 1.266871 -1.010335
v 0.291192 1.256714 -1.006128
v -0.370717 1.340675 -1.004460
v -0.256593 1.276316 -0.961456
v -0.365132 1.320787 -0.991171
v -0.348922 1.302846 -0.979183
v -0.323674 1.288608 -0.969669
v -0.291859 1.279466 -0.963561
v 0.370051 1.340675 -1.004460
v 0.255926 1.276316 -0.961456
v 0.364465 1.320787 -0.991171
v 0.348255 1.302846 -0.979183
v 0.323007 1.288608 -0.969669
v 0.291192 1.279466 -0.963561
v -0.370717 1.362140 -0.978305
v -0.256593 1.307407 -0.923572
v -0.365132 1.345227 -0.961392
v -0.348922 1.329969 -0.946134
v -0.323674 1.317860 -0.934025
v -0.291859 1.310086 -0.926251
v 0.370051 1.362140 -0.978305
v 0.255926 1.307407 -0.923572
v 0.364465 1.345227 -0.961392
v 0.348255 1.329969 -0.946134
v 0.323007 1.317860 -0.934025
v 0.291192 1.310086 -0.926251
v -0.370717 1.388295 -0.956841
v -0.256593 1.345291 -0.892482
v -0.365132 1.375006 -0.936953
v -0.348922 1.363018 -0.919011
v -0.323674 1.353504 -0.904773
v -0.291859 1.347396 -0.895631
v 0.370051 1.388295 -0.956841
v 0.255926 1.345291 -0.892482
v 0.364465 1.375006 -0.936953
v 0.348255 1.363018 -0.919011
v 0.323007 1.353504 -0.904773
v 0.291192 1.347396 -0.895632
v -0.370717 1.418134 -0.940891
v -0.256593 1.388513 -0.869379
v -0.365132 1.408981 -0.918793
v -0.348922 1.400723 -0.898857
v -0.323674 1.394170 -0.883037
v -0.291859 1.389963 -0.872879
v 0.370051 1.418134 -0.940891
v 0.255926 1.388513 -0.869379
v 0.364465 1.408981 -0.918793
v 0.348255 1.400723 -0.898857
v 0.323007 1.394170 -0.883037
v 0.291192 1.389963 -0.872879
v -0.370717 1.450512 -0.931069
v -0.256593 1.435411 -0.855153
v -0.365132 1.445846 -0.907610
v -0.348922 1.441636 -0.886447
v -0.323674 1.438295 -0.869651
v -0.291859 1.436150 -0.858868
v 0.370051 1.450512 -0.931069
v 0.255926 1.435411 -0.855153
v 0.364465 1.445845 -0.907610
v 0.348255 1.441636 -0.886447
v 0.323007 1.438295 -0.869651
v 0.291192 1.436150 -0.858868
v -0.370717 1.484184 -0.927753
v -0.256593 1.484184 -0.850349
v -0.365132 1.484184 -0.903834
v -0.348922 1.484184 -0.882256
v -0.323674 1.484184 -0.865132
v -0.291859 1.484184 -0.854137
v 0.370051 1.484184 -0.927753
v 0.255926 1.484184 -0.850349
v 0.364465 1.484184 -0.903834
v 0.348255 1.484184 -0.882256
v 0.323007 1.484184 -0.865132
v 0.291192 1.484184 -0.854137
v -0.370717 1.517856 -0.931069
v -0.256593 1.532956 -0.855153
v -0.365132 1.522522 -0.907610
v -0.348922 1.526732 -0.886447
v -0.323674 1.530072 -0.869651
v -0.291859 1.532217 -0.858868
v 0.370051 1.517856 -0.931069
v 0.255926 1.532956 -0.855153
v 0.364465 1.522522 -0.907610
v 0.348255 1.526732 -0.886447
v 0.323007 1.530072 -0.869651
v 0.291192 1.532217 -0.858868
v -0.370717 1.550233 -0.940891
v -0.256593 1.579855 -0.869379
v -0.365132 1.559387 -0.918793
v -0.348922 1.567644 -0.898857
v -0.323674 1.574198 -0.883037
v -0.291859 1.578405 -0.872879
v 0.370051 1.550233 -0.940891
v 0.255926 1.579855 -0.869379
v 0.364465 1.559387 -0.918793
v 0.348255 1.567644 -0.898857
v 0.323007 1.574198 -0.883037
v 0.291192 1.578405 -0.872879
v -0.370717 1.580073 -0.956841
v -0.256593 1.623076 -0.892482
v -0.365132 1.593362 -0.936953
v -0.348921 1.605350 -0.919011
v -0.323673 1.614863 -0.904773
v -0.291859 1.620972 -0.895631
v 0.370051 1.580073 -0.956841
v 0.255926 1.623076 -0.892482
v 0.364465 1.593362 -0.936953
v 0.348255 1.605350 -0.919011
v 0.323007 1.614863 -0.904773
v 0.291192 1.620972 -0.895631
v -0.370718 1.606228 -0.978305
v -0.256593 1.660960 -0.923572
v -0.365132 1.623141 -0.961392
v -0.348922 1.638399 -0.946134
v -0.323674 1.650507 -0.934025
v -0.291859 1.658282 -0.926251
v 0.370051 1.606228 -0.978305
v 0.255926 1.660960 -0.923572
v 0.364465 1.623141 -0.961392
v 0.348255 1.638399 -0.946134
v 0.323007 1.650507 -0.934025
v 0.291192 1.658282 -0.926251
v -0.370717 1.627692 -1.004460
v -0.256593 1.692051 -0.961456
v -0.365132 1.647580 -0.991171
v -0.348922 1.665521 -0.979183
v -0.323674 1.679760 -0.969669
v -0.291859 1.688901 -0.963561
v 0.370051 1.627692 -1.004460
v 0.255926 1.692051 -0.961456
v 0.364465 1.647580 -0.991171
v 0.348255 1.665521 -0.979183
v 0.323007 1.679760 -0.969669
v 0.291192 1.688901 -0.963561
v -0.370717 1.643642 -1.034299
v -0.256593 1.715154 -1.004678
v -0.365132 1.665740 -1.025146
v -0.348922 1.685675 -1.016888
v -0.323674 1.701496 -1.010335
v -0.291859 1.711654 -1.006128
v 0.370051 1.643642 -1.034299
v 0.255926 1.715154 -1.004678
v 0.364465 1.665740 -1.025146
v 0.348255 1.685675 -1.016888
v 0.323007 1.701496 -1.010335
v 0.291192 1.711654 -1.006128
v -0.370717 1.653463 -1.066677
v -0.256593 1.729380 -1.051576
v -0.365132 1.676923 -1.062011
v -0.348922 1.698086 -1.057801
v -0.323674 1.714881 -1.054460
v -0.291859 1.725664 -1.052315
v 0.370051 1.653463 -1.066677
v 0.255926 1.729380 -1.051576
v 0.364465 1.676923 -1.062011
v 0.348255 1.698086 -1.057801
v 0.323007 1.714881 -1.054460
v 0.291192 1.725664 -1.052315
vn -0.1063 0.9895 -0.0975
vn -0.3252 0.9411 -0.0927
vn -0.5595 0.8249 -0.0812
vn -0.7981 0.5996 -0.0591
vn -0.9736 0.2273 -0.0224
vn 0.1063 0.9895 -0.0975
vn 0.3252 0.9411 -0.0927
vn 0.5595 0.8249 -0.0812
vn 0.7981 0.5996 -0.0591
vn 0.9736 0.2273 -0.0224
vn -0.1063 0.9515 -0.2886
vn -0.3252 0.9049 -0.2745
vn -0.5595 0.7932 -0.2406
vn -0.7981 0.5765 -0.1749
vn -0.9736 0.2186 -0.0663
vn 0.1063 0.9515 -0.2886
vn 0.3252 0.9049 -0.2745
vn 0.5595 0.7932 -0.2406
vn 0.7981 0.5765 -0.1749
vn 0.9736 0.2186 -0.0663
vn -0.1063 0.8769 -0.4687
vn -0.3252 0.8340 -0.4458
vn -0.5595 0.7310 -0.3907
vn -0.7981 0.5313 -0.2840
vn -0.9736 0.2015 -0.1077
vn 0.1063 0.8769 -0.4687
vn 0.3252 0.8340 -0.4458
vn 0.5595 0.7310 -0.3907
vn 0.7981 0.5313 -0.2840
vn 0.9736 0.2015 -0.1077
vn -0.1063 0.7686 -0.6308
vn -0.3252 0.7310 -0.5999
vn -0.5595 0.6407 -0.5258
vn -0.7981 0.4657 -0.3822
vn -0.9736 0.1766 -0.1449
vn 0.1063 0.7686 -0.6308
vn 0.3252 0.7310 -0.5999
vn 0.5595 0.6407 -0.5258
vn 0.7981 0.4657 -0.3822
vn 0.9736 0.1766 -0.1449
vn -0.1063 0.6308 -0.7686
vn -0.3252 0.5999 -0.7310
vn -0.5595 0.5258 -0.6407
vn -0.7981 0.3822 -0.4657
vn -0.9736 0.1449 -0.1766
vn 0.1063 0.6308 -0.7686
vn 0.3252 0.5999 -0.7310
vn 0.5595 0.5258 -0.6407
vn 0.7981 0.3822 -0.4657
vn 0.9736 0.1449 -0.1766
vn -0.1063 0.4687 -0.8769
vn -0.3252 0.4458 -0.8340
vn -0.5595 0.3907 -0.7310
vn -0.7981 0.2840 -0.5313
vn -0.9736 0.1077 -0.2015
vn 0.1063 0.4687 -0.8769
vn 0.3252 0.4458 -0.8340
vn 0.5595 0.3907 -0.7310
vn 0.7981 0.2840 -0.5313
vn 0.9736 0.1077 -0.2015
vn -0.1063 0.2886 -0.9515
vn -0.3252 0.2745 -0.9049
vn -0.5595 0.2406 -0.7932
vn -0.7981 0.1749 -0.5765
vn -0.9736 0.0663 -0.2186
vn 0.1063 0.2886 -0.9515
vn 0.3252 0.2745 -0.9049
vn 0.5595 0.2406 -0.7932
vn 0.7981 0.1749 -0.5765
vn 0.9736 0.0663 -0.2186
vn -0.1063 0.0975 -0.9895
vn -0.3252 0.0927 -0.9411
vn -0.5595 0.0812 -0.8249
vn -0.7981 0.0591 -0.5996
vn -0.9736 0.0224 -0.2273
vn 0.1063 0.0975 -0.9895
vn 0.3252 0.0927 -0.9411
vn 0.5595 0.0812 -0.8249
vn 0.7981 0.0591 -0.5996
vn 0.9736 0.0224 -0.2273
vn -0.1063 -0.0975 -0.9895
vn -0.3252 -0.0927 -0.9411
vn -0.5595 -0.0812 -0.8249
vn -0.7981 -0.0591 -0.5996
vn -0.9736 -0.0224 -0.2273
vn 0.1063 -0.0975 -0.9895
vn 0.3252 -0.0927 -0.9411
vn 0.5595 -0.0812 -0.8249
vn 0.7981 -0.0591 -0.5996
vn 0.9736 -0.0224 -0.2273
vn -0.1063 -0.2886 -0.9515
vn -0.3252 -0.2745 -0.9049
vn -0.5595 -0.2406 -0.7932
vn -0.7981 -0.1749 -0.5765
vn -0.9736 -0.0663 -0.2186
vn 0.1063 -0.2886 -0.9515
vn 0.3252 -0.2745 -0.9049
vn 0.5595 -0.2406 -0.7932
vn 0.7981 -0.1749 -0.5765
vn 0.9736 -0.0663 -0.2186
vn -0.1063 -0.4687 -0.8769
vn -0.3252 -0.4458 -0.8340
vn -0.5595 -0.3907 -0.7310
vn -0.7981 -0.2840 -0.5313
vn -0.9736 -0.1077 -0.2015
vn 0.1063 -0.4687 -0.8769
vn 0.3252 -0.4458 -0.8340
vn 0.5595 -0.3907 -0.7310
vn 0.7981 -0.2840 -0.5313
vn 0.9736 -0.1077 -0.2015
vn -0.1063 -0.6308 -0.7686
vn -0.3252 -0.5999 -0.7310
vn -0.5595 -0.5258 -0.6407
vn -0.7981 -0.3822 -0.4657
vn -0.9736 -0.1449 -0.1766
vn 0.1063 -0.6308 -0.7686
vn 0.3252 -0.5999 -0.7310
vn 0.5595 -0.5258 -0.6407
vn 0.7981 -0.3822 -0.4657
vn 0.9736 -0.1449 -0.1766
vn -0.1063 -0.7686 -0.6308
vn -0.3252 -0.7310 -0.5999
vn -0.5595 -0.6407 -0.5258
vn -0.7981 -0.4657 -0.3822
vn -0.9736 -0.1766 -0.1449
vn 0.1063 -0.7686 -0.6308
vn 0.3252 -0.7310 -0.5999
vn 0.5595 -0.6407 -0.5258
vn 0.7981 -0.4657 -0.3822
vn 0.9736 -0.1766 -0.1449
vn -0.1063 -0.8769 -0.4687
vn -0.3252 -0.8340 -0.4458
vn -0.5595 -0.7310 -0.3907
vn -0.7981 -0.5313 -0.2840
vn -0.9736 -0.2015 -0.1077
vn 0.1063 -0.8769 -0.4687
vn 0.3252 -0.8340 -0.4458
vn 0.5595 -0.7310 -0.3907
vn 0.7981 -0.5313 -0.2840
vn 0.9736 -0.2015 -0.1077
vn -0.1063 -0.9515 -0.2886
vn -0.3252 -0.9049 -0.2745
vn -0.5595 -0.7932 -0.2406
vn -0.7981 -0.5765 -0.1749
vn -0.9736 -0.2186 -0.0663
vn 0.1063 -0.9515 -0.2886
vn 0.3252 -0.9049 -0.2745
vn 0.5595 -0.7932 -0.2406
vn 0.7981 -0.5765 -0.1749
vn 0.9736 -0.2186 -0.0663
vn -0.1063 -0.9895 -0.0975
vn -0.3252 -0.9411 -0.0927
vn -0.5595 -0.8249 -0.0812
vn -0.7981 -0.5996 -0.0591
vn -0.9736 -0.2273 -0.0224
vn 0.1063 -0.9895 -0.0975
vn 0.3252 -0.9411 -0.0927
vn 0.5595 -0.8249 -0.0812
vn 0.7981 -0.5996 -0.0591
vn 0.9736 -0.2273 -0.0224
vn -0.1063 -0.9895 0.0975
vn -0.3252 -0.9411 0.0927
vn -0.5595 -0.8249 0.0812
vn -0.7981 -0.5996 0.0591
vn -0.9736 -0.2273 0.0224
vn 0.1063 -0.9895 0.0975
vn 0.3252 -0.9411 0.0927
vn 0.5595 -0.8249 0.0812
vn 0.7981 -0.5996 0.0591
vn 0.9736 -0.2273 0.0224
vn -0.1063 -0.9515 0.2886
vn -0.3252 -0.9049 0.2745
vn -0.5595 -0.7932 0.2406
vn -0.7981 -0.5765 0.1749
vn -0.9736 -0.2186 0.0663
vn 0.1063 -0.9515 0.2886
vn 0.3252 -0.9049 0.2745
vn 0.5595 -0.7932 0.2406
vn 0.7981 -0.5765 0.1749
vn 0.9736 -0.2186 0.0663
vn -0.1063 -0.8769 0.4687
vn -0.3252 -0.8340 0.4458
vn -0.5595 -0.7310 0.3907
vn -0.7981 -0.5313 0.2840
vn -0.9736 -0.2015 0.1077
vn 0.1063 -0.8769 0.4687
vn 0.3252 -0.8340 0.4458
vn 0.5595 -0.7310 0.3907
vn 0.7981 -0.5313 0.2840
vn 0.9736 -0.2015 0.1077
vn -0.1063 -0.7686 0.6308
vn -0.3252 -0.7310 0.5999
vn -0.5595 -0.6407 0.5258
vn -0.7981 -0.4657 0.3822
vn -0.9736 -0.1766 0.1449
vn 0.1063 -0.7686 0.6308
vn 0.3252 -0.7310 0.5999
vn 0.5595 -0.6407 0.5258
vn 0.7981 -0.4657 0.3822
vn 0.9736 -0.1766 0.1449
vn -0.1063 -0.6308 0.7686
vn -0.3252 -0.5999 0.7310
vn -0.5595 -0.5258 0.6407
vn -0.7981 -0.3822 0.4657
vn -0.9736 -0.1449 0.1766
vn 0.1063 -0.6308 0.7686
vn 0.3252 -0.5999 0.7310
vn 0.5595 -0.5258 0.6407
vn 0.7981 -0.3822 0.4657
vn 0.9736 -0.1449 0.1766
vn -0.1063 -0.4687 0.8769
vn -0.3252 -0.4458 0.8340
vn -0.5595 -0.3907 0.7310
vn -0.7981 -0.2840 0.5313
vn -0.9736 -0.1077 0.2015
vn 0.1063 -0.4687 0.8769
vn 0.3252 -0.4458 0.8340
vn 0.5595 -0.3907 0.7310
vn 0.7981 -0.2840 0.5313
vn 0.9736 -0.1077 0.2015
vn -0.1063 -0.2886 0.9515
vn -0.3252 -0.2745 0.9049
vn -0.5595 -0.2406 0.7932
vn -0.7981 -0.1749 0.5765
vn -0.9736 -0.0663 0.2186
vn 0.1063 -0.2886 0.9515
vn 0.3252 -0.2745 0.9049
vn 0.5595 -0.2406 0.7932
vn 0.7981 -0.1749 0.5765
vn 0.9736 -0.0663 0.2186
vn -0.1063 -0.0975 0.9895
vn -0.3252 -0.0927 0.9411
vn -0.5595 -0.0812 0.8249
vn -0.7981 -0.0591 0.5996
vn -0.9736 -0.0224 0.2273
vn 0.1063 -0.0975 0.9895
vn 0.3252 -0.0927 0.9411
vn 0.5595 -0.0812 0.8249
vn 0.7981 -0.0591 0.5996
vn 0.9736 -0.0224 0.2273
vn -0.1063 0.0975 0.9895
vn -0.3252 0.0927 0.9411
vn -0.5595 0.0812 0.8249
vn -0.7981 0.0591 0.5996
vn -0.9736 0.0224 0.2273
vn 0.1063 0.0975 0.9895
vn 0.3252 0.0927 0.9411
vn 0.5595 0.0812 0.8249
vn 0.7981 0.0591 0.5996
vn 0.9736 0.0224 0.2273
vn -0.1063 0.2886 0.9515
vn -0.3252 0.2745 0.9049
vn -0.5595 0.2406 0.7932
vn -0.7981 0.1749 0.5765
vn -0.9736 0.0663 0.2186
vn 0.1063 0.2886 0.9515
vn 0.3252 0.2745 0.9049
vn 0.5595 0.2406 0.7932
vn 0.7981 0.1749 0.5765
vn 0.9736 0.0663 0.2186
vn -0.1063 0.4687 0.8769
vn -0.3252 0.4458 0.8340
vn -0.5595 0.3907 0.7310
vn -0.7981 0.2840 0.5313
vn -0.9736 0.1077 0.2015
vn 0.1063 0.4687 0.8769
vn 0.3252 0.4458 0.8340
vn 0.5595 0.3907 0.7310
vn 0.7981 0.2840 0.5313
vn 0.9736 0.1077 0.2015
vn -0.1063 0.6308 0.7686
vn -0.3252 0.5999 0.7310
vn -0.5595 0.5258 0.6407
vn -0.7981 0.3822 0.4657
vn -0.9736 0.1449 0.1766
vn 0.1063 0.6308 0.7686
vn 0.3252 0.5999 0.7310
vn 0.5595 0.5258 0.6407
vn 0.7981 0.3822 0.4657
vn 0.9736 0.1449 0.1766
vn -0.1063 0.7686 0.6308
vn -0.3252 0.7310 0.5999
vn -0.5595 0.6407 0.5258
vn -0.7981 0.4657 0.3822
vn -0.9736 0.1766 0.1449
vn 0.1063 0.7686 0.6308
vn 0.3252 0.7310 0.5999
vn 0.5595 0.6407 0.5258
vn 0.7981 0.4657 0.3822
vn 0.9736 0.1766 0.1449
vn -0.1063 0.8769 0.4687
vn -0.3252 0.8340 0.4458
vn -0.5595 0.7310 0.3907
vn -0.7981 0.5313 0.2840
vn -0.9736 0.2015 0.1077
vn 0.1063 0.8769 0.4687
vn 0.3252 0.8340 0.4458
vn 0.5595 0.7310 0.3907
vn 0.7981 0.5313 0.2840
vn 0.9736 0.2015 0.1077
vn -0.1063 0.9515 0.2886
vn -0.3252 0.9049 0.2745
vn -0.5595 0.7932 0.2406
vn -0.7981 0.5765 0.1749
vn -0.9736 0.2186 0.0663
vn 0.1063 0.9515 0.2886
vn 0.3252 0.9049 0.2745
vn 0.5595 0.7932 0.2406
vn 0.7981 0.5765 0.1749
vn 0.9736 0.2186 0.0663
vn -0.1063 0.9895 0.0975
vn -0.3252 0.9411 0.0927
vn -0.5595 0.8249 0.0812
vn -0.7981 0.5996 0.0591
vn -0.9736 0.2273 0.0224
vn 0.1063 0.9895 0.0975
vn 0.3252 0.9411 0.0927
vn 0.5595 0.8249 0.0812
vn 0.7981 0.5996 0.0591
vn 0.9736 0.2273 0.0224
vn -1.0000 -0.0000 -0.0000
vn -0.0000 0.9952 -0.0980
vn -0.0000 0.9952 0.0980
vn 1.0000 -0.0000 -0.0000
vn -0.0000 0.9569 -0.2903
vn -0.0000 0.8819 -0.4714
vn -0.0000 0.7730 -0.6344
vn -0.0000 0.6344 -0.7730
vn -0.0000 0.4714 -0.8819
vn -0.0000 0.2903 -0.9569
vn -0.0000 0.0980 -0.9952
vn -0.0000 -0.0980 -0.9952
vn -0.0000 -0.2903 -0.9569
vn -0.0000 -0.4714 -0.8819
vn -0.0000 -0.6344 -0.7730
vn -0.0000 -0.7730 -0.6344
vn -0.0000 -0.8819 -0.4714
vn -0.0000 -0.9569 -0.2903
vn -0.0000 -0.9952 -0.0980
vn -0.0000 -0.9952 0.0980
vn -0.0000 -0.9569 0.2903
vn -0.0000 -0.8819 0.4714
vn -0.0000 -0.7730 0.6344
vn -0.0000 -0.6344 0.7730
vn -0.0000 -0.4714 0.8819
vn -0.0000 -0.2903 0.9569
vn -0.0000 -0.0980 0.9952
vn -0.0000 0.0980 0.9952
vn -0.0000 0.2903 0.9569
vn -0.0000 0.4714 0.8819
vn -0.0000 0.6344 0.7730
vn -0.0000 0.7730 0.6344
vn -0.0000 0.8819 0.4714
vn -0.0000 0.9569 0.2903
vn -1.0000 -0.0001 -0.0001
vn 1.0000 -0.0000 0.0001
vn 1.0000 -0.0000 -0.0001
vt 0.968750 0.577031
vt 0.999763 0.553227
vt 1.000000 0.577031
vt 0.968750 0.553227
vt 0.999076 0.531753
vt 0.968750 0.500000
vt 0.998006 0.500000
vt 0.796764 0.485100
vt 0.750000 0.438654
vt 0.750000 0.489706
vt 0.786805 0.435029
vt 0.750000 0.415692
vt 1.000000 0.922969
vt 0.968750 0.946773
vt 0.968750 0.922969
vt 0.999763 0.946773
vt 0.968750 0.968246
vt 0.999076 0.968246
vt 0.968750 1.000000
vt 0.296764 0.485100
vt 0.250000 0.438654
vt 0.286805 0.435030
vt 0.282325 0.412508
vt 0.937500 0.577031
vt 0.937500 0.553227
vt 0.968750 0.531753
vt 0.937500 0.531753
vt 0.822195 0.424294
vt 0.813408 0.403080
vt 0.782325 0.412508
vt 0.937500 0.946773
vt 0.937500 0.922969
vt 0.937500 0.968247
vt 0.937500 1.000000
vt 0.322195 0.424294
vt 0.341731 0.471459
vt 0.313408 0.403080
vt 0.906250 0.553227
vt 0.906250 0.500000
vt 0.937500 0.500000
vt 0.883173 0.449308
vt 0.841731 0.471459
vt 0.854811 0.406861
vt 0.906250 0.946773
vt 0.906250 0.922969
vt 0.906250 0.968246
vt 0.906250 1.000000
vt 0.354811 0.406860
vt 0.383173 0.449308
vt 0.342054 0.387768
vt 0.906250 0.577031
vt 0.875000 0.553227
vt 0.906250 0.531753
vt 0.875000 0.531753
vt 0.919497 0.419498
vt 0.883399 0.383399
vt 0.842054 0.387768
vt 0.875000 0.946773
vt 0.875000 0.922969
vt 0.875000 0.968247
vt 0.875000 1.000000
vt 0.383399 0.383399
vt 0.419498 0.419498
vt 0.367162 0.367162
vt 0.875000 0.577031
vt 0.843750 0.553227
vt 0.843750 0.531753
vt 0.843750 0.500000
vt 0.875000 0.500000
vt 0.906861 0.354811
vt 0.887768 0.342054
vt 0.867162 0.367162
vt 0.843750 0.946773
vt 0.843750 0.922969
vt 0.843750 0.968247
vt 0.843750 1.000000
vt 0.406861 0.354811
vt 0.449308 0.383173
vt 0.387768 0.342054
vt 0.812500 0.577031
vt 0.843750 0.577031
vt 0.812500 0.553227
vt 0.812500 0.531753
vt 0.971459 0.341731
vt 0.949308 0.383173
vt 0.924294 0.322195
vt 0.812500 0.946773
vt 0.812500 0.922969
vt 0.812500 0.968247
vt 0.812500 1.000000
vt 0.471459 0.341731
vt 0.424294 0.322195
vt 0.403080 0.313408
vt 0.781250 0.577031
vt 0.781250 0.531753
vt 0.781250 0.500000
vt 0.812500 0.500000
vt 0.985100 0.296764
vt 0.912509 0.282325
vt 0.903080 0.313408
vt 0.781250 0.946773
vt 0.781250 0.922969
vt 0.781250 0.968246
vt 0.781250 1.000000
vt 0.435030 0.286805
vt 0.485100 0.296764
vt 0.412508 0.282325
vt 0.750000 0.577031
vt 0.781250 0.553227
vt 0.750000 0.531753
vt 0.750000 0.500000
vt 0.938654 0.250000
vt 0.935030 0.286805
vt 0.915692 0.250000
vt 0.750000 0.946773
vt 0.750000 0.922969
vt 0.750000 0.968247
vt 0.750000 1.000000
vt 0.438654 0.250000
vt 0.489706 0.250000
vt 0.415692 0.250000
vt 0.718750 0.577031
vt 0.750000 0.553227
vt 0.718750 0.553227
vt 0.718750 0.531753
vt 0.985100 0.203236
vt 0.989706 0.250000
vt 0.935030 0.213195
vt 0.718750 0.946773
vt 0.718750 0.922969
vt 0.718750 0.968247
vt 0.718750 1.000000
vt 0.485100 0.203236
vt 0.435030 0.213195
vt 0.412508 0.217675
vt 0.687500 0.577031
vt 0.687500 0.553227
vt 0.687500 0.531753
vt 0.718750 0.500000
vt 0.971459 0.158269
vt 0.924294 0.177805
vt 0.912508 0.217675
vt 0.687500 0.946773
vt 0.687500 0.922969
vt 0.687500 0.968246
vt 0.687500 1.000000
vt 0.424294 0.177805
vt 0.471459 0.158269
vt 0.403080 0.186592
vt 0.656250 0.577031
vt 0.656250 0.531753
vt 0.687500 0.500000
vt 0.906860 0.145189
vt 0.903080 0.186592
vt 0.656250 0.946773
vt 0.656250 0.922969
vt 0.656250 0.968246
vt 0.656250 1.000000
vt 0.406860 0.145189
vt 0.449308 0.116827
vt 0.387768 0.157946
vt 0.625000 0.577031
vt 0.656250 0.553227
vt 0.625000 0.553227
vt 0.625000 0.531753
vt 0.656250 0.500000
vt 0.919497 0.080502
vt 0.949308 0.116827
vt 0.883399 0.116601
vt 0.887768 0.157946
vt 0.625000 0.922969
vt 0.625000 0.946773
vt 0.625000 0.968247
vt 0.625000 1.000000
vt 0.419498 0.080502
vt 0.383399 0.116601
vt 0.367162 0.132838
vt 0.593750 0.577031
vt 0.593750 0.553227
vt 0.593750 0.531753
vt 0.625000 0.500000
vt 0.883173 0.050692
vt 0.854811 0.093140
vt 0.867162 0.132838
vt 0.593750 0.922969
vt 0.593750 0.946773
vt 0.593750 0.968247
vt 0.593750 1.000000
vt 0.354811 0.093140
vt 0.383173 0.050692
vt 0.342054 0.112232
vt 0.562500 0.577031
vt 0.562500 0.553227
vt 0.562500 0.531753
vt 0.593750 0.500000
vt 0.841731 0.028541
vt 0.822195 0.075706
vt 0.842054 0.112232
vt 0.562500 0.922969
vt 0.562500 0.946773
vt 0.562500 0.968247
vt 0.562500 1.000000
vt 0.322195 0.075706
vt 0.341731 0.028541
vt 0.313408 0.096920
vt 0.531250 0.577031
vt 0.531250 0.553227
vt 0.531250 0.531753
vt 0.562500 0.500000
vt 0.796764 0.014900
vt 0.786805 0.064970
vt 0.813408 0.096921
vt 0.531250 0.946773
vt 0.531250 0.922969
vt 0.531250 0.968247
vt 0.531250 1.000000
vt 0.296764 0.014900
vt 0.286805 0.064970
vt 0.282325 0.087492
vt 0.500000 0.577031
vt 0.500000 0.553227
vt 0.500000 0.531753
vt 0.531250 0.500000
vt 0.750000 0.061346
vt 0.782325 0.087492
vt 0.500000 0.946773
vt 0.500000 0.922969
vt 0.500000 0.968247
vt 0.500000 1.000000
vt 0.250000 0.061346
vt 0.250000 0.010294
vt 0.250000 0.084308
vt 0.468750 0.553227
vt 0.468750 0.531753
vt 0.468750 0.500000
vt 0.500000 0.500000
vt 0.703236 0.014900
vt 0.750000 0.010294
vt 0.713195 0.064970
vt 0.750000 0.084308
vt 0.468750 0.922969
vt 0.468750 0.946773
vt 0.468750 0.968247
vt 0.468750 1.000000
vt 0.203236 0.014900
vt 0.213195 0.064970
vt 0.217675 0.087492
vt 0.468750 0.577031
vt 0.437500 0.553227
vt 0.437500 0.531753
vt 0.677805 0.075706
vt 0.686592 0.096920
vt 0.717675 0.087492
vt 0.437500 0.946773
vt 0.437500 0.922969
vt 0.437500 0.968247
vt 0.437500 1.000000
vt 0.177805 0.075706
vt 0.158269 0.028541
vt 0.186592 0.096921
vt 0.437500 0.577031
vt 0.406250 0.553227
vt 0.406250 0.531754
vt 0.437500 0.500000
vt 0.616827 0.050692
vt 0.658269 0.028541
vt 0.657947 0.112232
vt 0.406250 0.922969
vt 0.406250 0.946773
vt 0.406250 0.968247
vt 0.406250 1.000000
vt 0.145189 0.093140
vt 0.116827 0.050692
vt 0.157946 0.112232
vt 0.406250 0.577031
vt 0.375000 0.553227
vt 0.375000 0.500000
vt 0.406250 0.500000
vt 0.616601 0.116601
vt 0.645189 0.093140
vt 0.632838 0.132838
vt 0.375000 0.946773
vt 0.375000 0.922969
vt 0.375000 0.968247
vt 0.375000 1.000000
vt 0.116601 0.116601
vt 0.080502 0.080502
vt 0.132838 0.132838
vt 0.375000 0.577031
vt 0.343750 0.553227
vt 0.375000 0.531754
vt 0.343750 0.500000
vt 0.580503 0.080502
vt 0.593140 0.145189
vt 0.612232 0.157946
vt 0.343750 0.946773
vt 0.343750 0.922969
vt 0.343750 0.968246
vt 0.343750 1.000000
vt 0.093140 0.145189
vt 0.050692 0.116827
vt 0.112232 0.157946
vt 0.312500 0.577031
vt 0.343750 0.577031
vt 0.312500 0.553227
vt 0.343750 0.531753
vt 0.312500 0.531753
vt 0.528541 0.158269
vt 0.550692 0.116827
vt 0.575706 0.177805
vt 0.312500 0.946773
vt 0.312500 0.922969
vt 0.312500 0.968247
vt 0.312500 1.000000
vt 0.028541 0.158269
vt 0.075706 0.177805
vt 0.096920 0.186593
vt 0.281250 0.577031
vt 0.281250 0.531753
vt 0.281250 0.500000
vt 0.312500 0.500000
vt 0.564970 0.213195
vt 0.587492 0.217675
vt 0.596920 0.186592
vt 0.281250 0.922969
vt 0.281250 0.946773
vt 0.281250 0.968246
vt 0.281250 1.000000
vt 0.064970 0.213195
vt 0.014900 0.203236
vt 0.087492 0.217675
vt 0.250000 0.577031
vt 0.281250 0.553227
vt 0.250000 0.531753
vt 0.250000 0.500000
vt 0.514900 0.203236
vt 0.561345 0.250000
vt 0.584308 0.250000
vt 0.250000 0.946773
vt 0.250000 0.922969
vt 0.250000 0.968246
vt 0.250000 1.000000
vt 0.061346 0.250000
vt 0.010294 0.250000
vt 0.084308 0.250000
vt 0.218750 0.577031
vt 0.250000 0.553227
vt 0.218750 0.553227
vt 0.218750 0.531753
vt 0.514900 0.296764
vt 0.510294 0.250000
vt 0.564970 0.286805
vt 0.218750 0.946773
vt 0.218750 0.922969
vt 0.218750 0.968247
vt 0.218750 1.000000
vt 0.014900 0.296764
vt 0.064970 0.286805
vt 0.087492 0.282325
vt 0.187500 0.553227
vt 0.187500 0.531754
vt 0.218750 0.500000
vt 0.528541 0.341731
vt 0.575706 0.322195
vt 0.587492 0.282325
vt 0.187500 0.946773
vt 0.187500 0.922969
vt 0.187500 0.968246
vt 0.187500 1.000000
vt 0.028541 0.341731
vt 0.075706 0.322195
vt 0.096920 0.313408
vt 0.156250 0.577031
vt 0.187500 0.577031
vt 0.156250 0.531753
vt 0.156250 0.500000
vt 0.187500 0.500000
vt 0.593140 0.354811
vt 0.612232 0.342054
vt 0.596920 0.313408
vt 0.156250 0.946773
vt 0.156250 0.922969
vt 0.156250 0.968247
vt 0.156250 1.000000
vt 0.093140 0.354811
vt 0.050692 0.383173
vt 0.112232 0.342054
vt 0.125000 0.577031
vt 0.156250 0.553227
vt 0.125000 0.531753
vt 0.580503 0.419498
vt 0.550692 0.383173
vt 0.616601 0.383399
vt 0.125000 0.922969
vt 0.125000 0.946773
vt 0.125000 0.968246
vt 0.125000 1.000000
vt 0.080502 0.419498
vt 0.116601 0.383399
vt 0.132838 0.367162
vt 0.093750 0.577031
vt 0.125000 0.553227
vt 0.093750 0.531753
vt 0.093750 0.500000
vt 0.125000 0.500000
vt 0.616827 0.449308
vt 0.657946 0.387768
vt 0.632838 0.367162
vt 0.093750 0.922969
vt 0.093750 0.946773
vt 0.093750 0.968247
vt 0.093750 1.000000
vt 0.116827 0.449308
vt 0.145189 0.406861
vt 0.157946 0.387768
vt 0.062500 0.553227
vt 0.093750 0.553227
vt 0.062500 0.531753
vt 0.658269 0.471459
vt 0.645189 0.406861
vt 0.677805 0.424294
vt 0.062500 0.922969
vt 0.062500 0.946773
vt 0.062500 0.968247
vt 0.062500 1.000000
vt 0.177805 0.424294
vt 0.158269 0.471459
vt 0.186592 0.403080
vt 0.031250 0.577031
vt 0.062500 0.577031
vt 0.031250 0.553227
vt 0.031250 0.531753
vt 0.062500 0.500000
vt 0.703236 0.485100
vt 0.713195 0.435029
vt 0.686592 0.403079
vt 0.031250 0.922969
vt 0.031250 0.946773
vt 0.031250 0.968247
vt 0.031250 1.000000
vt 0.203236 0.485100
vt 0.213195 0.435029
vt 0.217675 0.412508
vt 0.000237 0.553227
vt 0.000924 0.531753
vt 0.031250 0.500000
vt 0.717675 0.412508
vt 0.000000 0.922969
vt 0.000237 0.946773
vt 0.000924 0.968246
vt 0.001994 1.000000
vt 0.250000 0.489706
vt 0.250000 0.415692
vt 0.000000 0.577031
vt 0.998006 1.000000
vt 0.001994 0.500000
s 0
usemtl Green
f 200/302/88 192/303/88 188/304/88
f 204/305/89 191/306/89 192/303/89
f 191/306/90 202/307/90 190/308/90
f 202/309/91 189/310/91 190/311/91
f 201/312/92 187/313/92 189/310/92
f 194/314/93 210/315/93 206/316/93
f 198/317/94 209/318/94 210/315/94
f 197/319/95 208/320/95 209/318/95
f 208/321/96 195/322/96 207/323/96
f 195/322/97 205/324/97 207/323/97
f 212/325/98 204/305/98 200/302/98
f 216/326/99 203/327/99 204/305/99
f 215/328/100 202/307/100 203/327/100
f 202/309/101 213/329/101 201/312/101
f 201/312/102 211/330/102 199/331/102
f 206/316/103 222/332/103 218/333/103
f 210/315/104 221/334/104 222/332/104
f 209/318/105 220/335/105 221/334/105
f 208/321/106 219/336/106 220/337/106
f 207/323/107 217/338/107 219/336/107
f 212/325/108 228/339/108 216/326/108
f 228/339/109 215/328/109 216/326/109
f 215/328/110 226/340/110 214/341/110
f 226/342/111 213/329/111 214/343/111
f 225/344/112 211/330/112 213/329/112
f 218/333/113 234/345/113 230/346/113
f 222/332/114 233/347/114 234/345/114
f 221/334/115 232/348/115 233/347/115
f 220/337/116 231/349/116 232/350/116
f 219/336/117 229/351/117 231/349/117
f 224/352/118 240/353/118 228/339/118
f 240/353/119 227/354/119 228/339/119
f 239/355/120 226/340/120 227/354/120
f 238/356/121 225/344/121 226/342/121
f 237/357/122 223/358/122 225/344/122
f 230/346/123 246/359/123 242/360/123
f 234/345/124 245/361/124 246/359/124
f 233/347/125 244/362/125 245/361/125
f 232/350/126 243/363/126 244/364/126
f 231/349/127 241/365/127 243/363/127
f 236/366/128 252/367/128 240/353/128
f 240/353/129 251/368/129 239/355/129
f 239/355/130 250/369/130 238/370/130
f 238/356/131 249/371/131 237/357/131
f 237/357/132 247/372/132 235/373/132
f 242/360/133 258/374/133 254/375/133
f 246/359/134 257/376/134 258/374/134
f 245/361/135 256/377/135 257/376/135
f 244/364/136 255/378/136 256/379/136
f 243/363/137 253/380/137 255/378/137
f 260/381/138 252/367/138 248/382/138
f 264/383/139 251/368/139 252/367/139
f 263/384/140 250/369/140 251/368/140
f 262/385/141 249/371/141 250/386/141
f 261/387/142 247/372/142 249/371/142
f 254/375/143 270/388/143 266/389/143
f 270/388/144 257/376/144 269/390/144
f 257/376/145 268/391/145 269/390/145
f 268/392/146 255/378/146 267/393/146
f 255/378/147 265/394/147 267/393/147
f 272/395/148 264/383/148 260/381/148
f 264/383/149 275/396/149 263/384/149
f 263/384/150 274/397/150 262/398/150
f 274/399/151 261/387/151 262/385/151
f 261/387/152 271/400/152 259/401/152
f 266/389/153 282/402/153 278/403/153
f 270/388/154 281/404/154 282/402/154
f 269/390/155 280/405/155 281/404/155
f 268/392/156 279/406/156 280/407/156
f 267/393/157 277/408/157 279/406/157
f 284/409/158 276/410/158 272/395/158
f 276/410/159 287/411/159 275/396/159
f 275/396/160 286/412/160 274/397/160
f 274/399/161 285/413/161 273/414/161
f 273/414/162 283/415/162 271/400/162
f 278/403/163 294/416/163 290/417/163
f 282/402/164 293/418/164 294/416/164
f 281/404/165 292/419/165 293/418/165
f 280/407/166 291/420/166 292/421/166
f 279/406/167 289/422/167 291/420/167
f 296/423/168 288/424/168 284/409/168
f 300/425/169 287/411/169 288/424/169
f 299/426/170 286/412/170 287/411/170
f 298/427/171 285/413/171 286/428/171
f 297/429/172 283/415/172 285/413/172
f 290/417/173 306/430/173 302/431/173
f 306/430/174 293/418/174 305/432/174
f 305/432/175 292/419/175 304/433/175
f 304/434/176 291/420/176 303/435/176
f 303/435/177 289/422/177 301/436/177
f 308/437/178 300/425/178 296/423/178
f 312/438/179 299/426/179 300/425/179
f 311/439/180 298/440/180 299/426/180
f 310/441/181 297/429/181 298/427/181
f 309/442/182 295/443/182 297/429/182
f 302/431/183 318/444/183 314/445/183
f 318/444/184 305/432/184 317/446/184
f 317/446/185 304/433/185 316/447/185
f 304/434/186 315/448/186 316/449/186
f 315/448/187 301/436/187 313/450/187
f 320/451/188 312/438/188 308/437/188
f 312/438/189 323/452/189 311/439/189
f 323/452/190 310/453/190 311/439/190
f 310/441/191 321/454/191 309/442/191
f 321/454/192 307/455/192 309/442/192
f 314/445/193 330/456/193 326/457/193
f 318/444/194 329/458/194 330/456/194
f 317/446/195 328/459/195 329/458/195
f 316/449/196 327/460/196 328/461/196
f 315/448/197 325/462/197 327/460/197
f 332/463/198 324/464/198 320/451/198
f 336/465/199 323/452/199 324/464/199
f 335/466/200 322/467/200 323/452/200
f 334/468/201 321/454/201 322/469/201
f 333/470/202 319/471/202 321/454/202
f 338/472/203 330/456/203 342/473/203
f 342/473/204 329/458/204 341/474/204
f 341/474/205 328/459/205 340/475/205
f 340/476/206 327/460/206 339/477/206
f 339/477/207 325/462/207 337/478/207
f 344/479/208 336/465/208 332/463/208
f 348/480/209 335/466/209 336/465/209
f 347/481/210 334/482/210 335/466/210
f 346/483/211 333/470/211 334/468/211
f 345/484/212 331/485/212 333/470/212
f 350/486/213 342/473/213 354/487/213
f 342/473/214 353/488/214 354/487/214
f 341/474/215 352/489/215 353/488/215
f 340/476/216 351/490/216 352/491/216
f 339/477/217 349/492/217 351/490/217
f 356/493/218 348/480/218 344/479/218
f 360/494/219 347/481/219 348/480/219
f 359/495/220 346/496/220 347/481/220
f 358/497/221 345/484/221 346/483/221
f 357/498/222 343/499/222 345/484/222
f 362/500/223 354/487/223 366/501/223
f 354/487/224 365/502/224 366/501/224
f 365/502/225 352/489/225 364/503/225
f 352/491/226 363/504/226 364/505/226
f 351/490/227 361/506/227 363/504/227
f 368/507/228 360/494/228 356/493/228
f 372/508/229 359/495/229 360/494/229
f 371/509/230 358/510/230 359/495/230
f 370/511/231 357/498/231 358/497/231
f 369/512/232 355/513/232 357/498/232
f 362/500/233 378/514/233 374/515/233
f 366/501/234 377/516/234 378/514/234
f 365/502/235 376/517/235 377/516/235
f 376/518/236 363/504/236 375/519/236
f 375/519/237 361/506/237 373/520/237
f 380/521/238 372/508/238 368/507/238
f 384/522/239 371/509/239 372/508/239
f 383/523/240 370/524/240 371/509/240
f 370/511/241 381/525/241 369/512/241
f 381/525/242 367/526/242 369/512/242
f 374/515/243 390/527/243 386/528/243
f 378/514/244 389/529/244 390/527/244
f 389/529/245 376/517/245 388/530/245
f 376/518/246 387/531/246 388/532/246
f 375/519/247 385/533/247 387/531/247
f 380/521/248 396/534/248 384/522/248
f 384/522/249 395/535/249 383/523/249
f 383/523/250 394/536/250 382/537/250
f 394/538/251 381/525/251 382/539/251
f 393/540/252 379/541/252 381/525/252
f 398/542/253 390/527/253 402/543/253
f 390/527/254 401/544/254 402/543/254
f 389/529/255 400/545/255 401/544/255
f 400/546/256 387/531/256 399/547/256
f 399/547/257 385/533/257 397/548/257
f 392/549/258 408/550/258 396/534/258
f 396/534/259 407/551/259 395/535/259
f 407/551/260 394/536/260 395/535/260
f 394/538/261 405/552/261 393/540/261
f 393/540/262 403/553/262 391/554/262
f 398/542/263 414/555/263 410/556/263
f 402/543/264 413/557/264 414/555/264
f 401/544/265 412/558/265 413/557/265
f 400/546/266 411/559/266 412/560/266
f 399/547/267 409/561/267 411/559/267
f 404/562/268 420/563/268 408/550/268
f 408/550/269 419/564/269 407/551/269
f 419/564/270 406/565/270 407/551/270
f 418/566/271 405/552/271 406/567/271
f 405/552/272 415/568/272 403/553/272
f 422/569/273 414/555/273 426/570/273
f 414/555/274 425/571/274 426/570/274
f 413/557/275 424/572/275 425/571/275
f 412/560/276 423/573/276 424/574/276
f 411/559/277 421/575/277 423/573/277
f 416/576/278 432/577/278 420/563/278
f 432/577/279 419/564/279 420/563/279
f 419/564/280 430/578/280 418/579/280
f 418/566/281 429/580/281 417/581/281
f 417/581/282 427/582/282 415/568/282
f 422/569/283 438/583/283 434/584/283
f 438/583/284 425/571/284 437/585/284
f 437/585/285 424/572/285 436/586/285
f 424/574/286 435/587/286 436/588/286
f 435/587/287 421/575/287 433/589/287
f 428/590/288 444/591/288 432/577/288
f 444/591/289 431/592/289 432/577/289
f 431/592/290 442/593/290 430/578/290
f 430/594/291 441/595/291 429/580/291
f 429/580/292 439/596/292 427/582/292
f 434/584/293 450/597/293 446/598/293
f 450/597/294 437/585/294 449/599/294
f 437/585/295 448/600/295 449/599/295
f 436/588/296 447/601/296 448/602/296
f 435/587/297 445/603/297 447/601/297
f 452/604/298 444/591/298 440/605/298
f 456/606/299 443/607/299 444/591/299
f 455/608/300 442/593/300 443/607/300
f 454/609/301 441/595/301 442/610/301
f 453/611/302 439/596/302 441/595/302
f 446/598/303 462/612/303 458/613/303
f 462/612/304 449/599/304 461/614/304
f 461/614/305 448/600/305 460/615/305
f 460/616/306 447/601/306 459/617/306
f 459/617/307 445/603/307 457/618/307
f 464/619/308 456/606/308 452/604/308
f 456/606/309 467/620/309 455/608/309
f 455/608/310 466/621/310 454/622/310
f 454/609/311 465/623/311 453/611/311
f 453/611/312 463/624/312 451/625/312
f 470/626/313 462/612/313 474/627/313
f 474/627/314 461/614/314 473/628/314
f 461/614/315 472/629/315 473/628/315
f 460/616/316 471/630/316 472/631/316
f 459/617/317 469/632/317 471/630/317
f 476/633/318 468/634/318 464/619/318
f 468/634/319 479/635/319 467/620/319
f 467/620/320 478/636/320 466/621/320
f 466/637/321 477/638/321 465/623/321
f 465/623/322 475/639/322 463/624/322
f 470/626/323 486/640/323 482/641/323
f 474/627/324 485/642/324 486/640/324
f 473/628/325 484/643/325 485/642/325
f 472/631/326 483/644/326 484/645/326
f 471/630/327 481/646/327 483/644/327
f 488/647/328 480/648/328 476/633/328
f 492/649/329 479/635/329 480/648/329
f 491/650/330 478/636/330 479/635/330
f 490/651/331 477/638/331 478/652/331
f 489/653/332 475/639/332 477/638/332
f 482/641/333 498/654/333 494/655/333
f 498/654/334 485/642/334 497/656/334
f 497/656/335 484/643/335 496/657/335
f 496/658/336 483/644/336 495/659/336
f 495/659/337 481/646/337 493/660/337
f 488/647/338 504/661/338 492/649/338
f 492/649/339 503/662/339 491/650/339
f 503/662/340 490/663/340 491/650/340
f 502/664/341 489/653/341 490/651/341
f 501/665/342 487/666/342 489/653/342
f 494/655/343 510/667/343 506/668/343
f 510/667/344 497/656/344 509/669/344
f 509/669/345 496/657/345 508/670/345
f 508/671/346 495/659/346 507/672/346
f 507/672/347 493/660/347 505/673/347
f 512/674/348 504/661/348 500/675/348
f 504/661/349 515/676/349 503/662/349
f 503/662/350 514/677/350 502/678/350
f 502/664/351 513/679/351 501/665/351
f 501/665/352 511/680/352 499/681/352
f 506/668/353 522/682/353 518/683/353
f 510/667/354 521/684/354 522/682/354
f 509/669/355 520/685/355 521/684/355
f 508/671/356 519/686/356 520/687/356
f 507/672/357 517/688/357 519/686/357
f 524/689/358 516/690/358 512/674/358
f 516/690/359 527/691/359 515/676/359
f 527/691/360 514/677/360 515/676/360
f 526/692/361 513/679/361 514/693/361
f 525/694/362 511/680/362 513/679/362
f 530/695/363 522/682/363 534/696/363
f 522/682/364 533/697/364 534/696/364
f 533/697/365 520/685/365 532/698/365
f 532/699/366 519/686/366 531/700/366
f 531/700/367 517/688/367 529/701/367
f 536/702/368 528/703/368 524/689/368
f 528/703/369 539/704/369 527/691/369
f 527/691/370 538/705/370 526/706/370
f 538/707/371 525/694/371 526/692/371
f 525/694/372 535/708/372 523/709/372
f 542/710/373 534/696/373 546/711/373
f 534/696/374 545/712/374 546/711/374
f 545/712/375 532/698/375 544/713/375
f 544/714/376 531/700/376 543/715/376
f 543/715/377 529/701/377 541/716/377
f 536/702/378 552/717/378 540/718/378
f 552/717/379 539/704/379 540/718/379
f 551/719/380 538/705/380 539/704/380
f 550/720/381 537/721/381 538/707/381
f 549/722/382 535/708/382 537/721/382
f 554/723/383 546/711/383 558/724/383
f 558/724/384 545/712/384 557/725/384
f 545/712/385 556/726/385 557/725/385
f 544/714/386 555/727/386 556/728/386
f 555/727/387 541/716/387 553/729/387
f 560/730/388 552/717/388 548/731/388
f 564/732/389 551/719/389 552/717/389
f 563/733/390 550/734/390 551/719/390
f 562/735/391 549/722/391 550/720/391
f 561/736/392 547/737/392 549/722/392
f 566/738/393 558/724/393 570/739/393
f 570/739/394 557/725/394 569/740/394
f 557/725/395 568/741/395 569/740/395
f 568/742/396 555/727/396 567/743/396
f 567/743/397 553/729/397 565/744/397
f 560/730/398 192/745/398 564/732/398
f 192/745/399 563/733/399 564/732/399
f 191/746/400 562/747/400 563/733/400
f 562/735/401 189/310/401 561/736/401
f 561/736/402 187/313/402 559/748/402
f 194/749/403 570/739/403 198/750/403
f 198/750/404 569/740/404 197/751/404
f 197/751/405 568/741/405 196/752/405
f 568/742/406 195/322/406 196/753/406
f 567/743/407 193/754/407 195/322/407
f 367/526/408 463/624/408 559/748/408
f 194/314/409 200/302/409 188/304/409
f 566/738/410 188/755/410 560/730/410
f 409/561/411 313/450/411 217/338/411
f 206/316/412 212/325/412 200/302/412
f 218/333/413 224/352/413 212/325/413
f 230/346/414 236/366/414 224/352/414
f 242/360/415 248/382/415 236/366/415
f 254/375/416 260/381/416 248/382/416
f 266/389/417 272/395/417 260/381/417
f 278/403/418 284/409/418 272/395/418
f 290/417/419 296/423/419 284/409/419
f 302/431/420 308/437/420 296/423/420
f 308/437/421 326/457/421 320/451/421
f 326/457/422 332/463/422 320/451/422
f 338/472/423 344/479/423 332/463/423
f 350/486/424 356/493/424 344/479/424
f 362/500/425 368/507/425 356/493/425
f 374/515/426 380/521/426 368/507/426
f 386/528/427 392/549/427 380/521/427
f 398/542/428 404/562/428 392/549/428
f 410/556/429 416/576/429 404/562/429
f 422/569/430 428/590/430 416/576/430
f 434/584/431 440/605/431 428/590/431
f 446/598/432 452/604/432 440/605/432
f 452/604/433 470/626/433 464/619/433
f 464/619/434 482/641/434 476/633/434
f 476/633/435 494/655/435 488/647/435
f 488/647/436 506/668/436 500/675/436
f 506/668/437 512/674/437 500/675/437
f 518/683/438 524/689/438 512/674/438
f 530/695/439 536/702/439 524/689/439
f 542/710/440 548/731/440 536/702/440
f 554/723/441 560/730/441 548/731/441
f 200/302/88 204/305/88 192/303/88
f 204/305/89 203/327/89 191/306/89
f 191/306/90 203/327/90 202/307/90
f 202/309/91 201/312/91 189/310/91
f 201/312/92 199/331/92 187/313/92
f 194/314/93 198/317/93 210/315/93
f 198/317/94 197/319/94 209/318/94
f 197/319/95 196/756/95 208/320/95
f 208/321/96 196/753/96 195/322/96
f 195/322/97 193/754/97 205/324/97
f 212/325/98 216/326/98 204/305/98
f 216/326/99 215/328/99 203/327/99
f 215/328/100 214/341/100 202/307/100
f 202/309/101 214/343/101 213/329/101
f 201/312/102 213/329/102 211/330/102
f 206/316/103 210/315/103 222/332/103
f 210/315/104 209/318/104 221/334/104
f 209/318/105 208/320/105 220/335/105
f 208/321/106 207/323/106 219/336/106
f 207/323/107 205/324/107 217/338/107
f 212/325/108 224/352/108 228/339/108
f 228/339/109 227/354/109 215/328/109
f 215/328/110 227/354/110 226/340/110
f 226/342/111 225/344/111 213/329/111
f 225/344/112 223/358/112 211/330/112
f 218/333/113 222/332/113 234/345/113
f 222/332/114 221/334/114 233/347/114
f 221/334/115 220/335/115 232/348/115
f 220/337/116 219/336/116 231/349/116
f 219/336/117 217/338/117 229/351/117
f 224/352/118 236/366/118 240/353/118
f 240/353/119 239/355/119 227/354/119
f 239/355/120 238/370/120 226/340/120
f 238/356/121 237/357/121 225/344/121
f 237/357/122 235/373/122 223/358/122
f 230/346/123 234/345/123 246/359/123
f 234/345/124 233/347/124 245/361/124
f 233/347/125 232/348/125 244/362/125
f 232/350/126 231/349/126 243/363/126
f 231/349/127 229/351/127 241/365/127
f 236/366/128 248/382/128 252/367/128
f 240/353/129 252/367/129 251/368/129
f 239/355/130 251/368/130 250/369/130
f 238/356/131 250/386/131 249/371/131
f 237/357/132 249/371/132 247/372/132
f 242/360/133 246/359/133 258/374/133
f 246/359/134 245/361/134 257/376/134
f 245/361/135 244/362/135 256/377/135
f 244/364/136 243/363/136 255/378/136
f 243/363/137 241/365/137 253/380/137
f 260/381/138 264/383/138 252/367/138
f 264/383/139 263/384/139 251/368/139
f 263/384/140 262/398/140 250/369/140
f 262/385/141 261/387/141 249/371/141
f 261/387/142 259/401/142 247/372/142
f 254/375/143 258/374/143 270/388/143
f 270/388/144 258/374/144 257/376/144
f 257/376/145 256/377/145 268/391/145
f 268/392/146 256/379/146 255/378/146
f 255/378/147 253/380/147 265/394/147
f 272/395/148 276/410/148 264/383/148
f 264/383/149 276/410/149 275/396/149
f 263/384/150 275/396/150 274/397/150
f 274/399/151 273/414/151 261/387/151
f 261/387/152 273/414/152 271/400/152
f 266/389/153 270/388/153 282/402/153
f 270/388/154 269/390/154 281/404/154
f 269/390/155 268/391/155 280/405/155
f 268/392/156 267/393/156 279/406/156
f 267/393/157 265/394/157 277/408/157
f 284/409/158 288/424/158 276/410/158
f 276/410/159 288/424/159 287/411/159
f 275/396/160 287/411/160 286/412/160
f 274/399/161 286/428/161 285/413/161
f 273/414/162 285/413/162 283/415/162
f 278/403/163 282/402/163 294/416/163
f 282/402/164 281/404/164 293/418/164
f 281/404/165 280/405/165 292/419/165
f 280/407/166 279/406/166 291/420/166
f 279/406/167 277/408/167 289/422/167
f 296/423/168 300/425/168 288/424/168
f 300/425/169 299/426/169 287/411/169
f 299/426/170 298/440/170 286/412/170
f 298/427/171 297/429/171 285/413/171
f 297/429/172 295/443/172 283/415/172
f 290/417/173 294/416/173 306/430/173
f 306/430/174 294/416/174 293/418/174
f 305/432/175 293/418/175 292/419/175
f 304/434/176 292/421/176 291/420/176
f 303/435/177 291/420/177 289/422/177
f 308/437/178 312/438/178 300/425/178
f 312/438/179 311/439/179 299/426/179
f 311/439/180 310/453/180 298/440/180
f 310/441/181 309/442/181 297/429/181
f 309/442/182 307/455/182 295/443/182
f 302/431/183 306/430/183 318/444/183
f 318/444/184 306/430/184 305/432/184
f 317/446/185 305/432/185 304/433/185
f 304/434/186 303/435/186 315/448/186
f 315/448/187 303/435/187 301/436/187
f 320/451/188 324/464/188 312/438/188
f 312/438/189 324/464/189 323/452/189
f 323/452/190 322/467/190 310/453/190
f 310/441/191 322/469/191 321/454/191
f 321/454/192 319/471/192 307/455/192
f 314/445/193 318/444/193 330/456/193
f 318/444/194 317/446/194 329/458/194
f 317/446/195 316/447/195 328/459/195
f 316/449/196 315/448/196 327/460/196
f 315/448/197 313/450/197 325/462/197
f 332/463/198 336/465/198 324/464/198
f 336/465/199 335/466/199 323/452/199
f 335/466/200 334/482/200 322/467/200
f 334/468/201 333/470/201 321/454/201
f 333/470/202 331/485/202 319/471/202
f 338/472/203 326/457/203 330/456/203
f 342/473/204 330/456/204 329/458/204
f 341/474/205 329/458/205 328/459/205
f 340/476/206 328/461/206 327/460/206
f 339/477/207 327/460/207 325/462/207
f 344/479/208 348/480/208 336/465/208
f 348/480/209 347/481/209 335/466/209
f 347/481/210 346/496/210 334/482/210
f 346/483/211 345/484/211 333/470/211
f 345/484/212 343/499/212 331/485/212
f 350/486/213 338/472/213 342/473/213
f 342/473/214 341/474/214 353/488/214
f 341/474/215 340/475/215 352/489/215
f 340/476/216 339/477/216 351/490/216
f 339/477/217 337/478/217 349/492/217
f 356/493/218 360/494/218 348/480/218
f 360/494/219 359/495/219 347/481/219
f 359/495/220 358/510/220 346/496/220
f 358/497/221 357/498/221 345/484/221
f 357/498/222 355/513/222 343/499/222
f 362/500/223 350/486/223 354/487/223
f 354/487/224 353/488/224 365/502/224
f 365/502/225 353/488/225 352/489/225
f 352/491/226 351/490/226 363/504/226
f 351/490/227 349/492/227 361/506/227
f 368/507/228 372/508/228 360/494/228
f 372/508/229 371/509/229 359/495/229
f 371/509/230 370/524/230 358/510/230
f 370/511/231 369/512/231 357/498/231
f 369/512/232 367/526/232 355/513/232
f 362/500/233 366/501/233 378/514/233
f 366/501/234 365/502/234 377/516/234
f 365/502/235 364/503/235 376/517/235
f 376/518/236 364/505/236 363/504/236
f 375/519/237 363/504/237 361/506/237
f 380/521/238 384/522/238 372/508/238
f 384/522/239 383/523/239 371/509/239
f 383/523/240 382/537/240 370/524/240
f 370/511/241 382/539/241 381/525/241
f 381/525/242 379/541/242 367/526/242
f 374/515/243 378/514/243 390/527/243
f 378/514/244 377/516/244 389/529/244
f 389/529/245 377/516/245 376/517/245
f 376/518/246 375/519/246 387/531/246
f 375/519/247 373/520/247 385/533/247
f 380/521/248 392/549/248 396/534/248
f 384/522/249 396/534/249 395/535/249
f 383/523/250 395/535/250 394/536/250
f 394/538/251 393/540/251 381/525/251
f 393/540/252 391/554/252 379/541/252
f 398/542/253 386/528/253 390/527/253
f 390/527/254 389/529/254 401/544/254
f 389/529/255 388/530/255 400/545/255
f 400/546/256 388/532/256 387/531/256
f 399/547/257 387/531/257 385/533/257
f 392/549/258 404/562/258 408/550/258
f 396/534/259 408/550/259 407/551/259
f 407/551/260 406/565/260 394/536/260
f 394/538/261 406/567/261 405/552/261
f 393/540/262 405/552/262 403/553/262
f 398/542/263 402/543/263 414/555/263
f 402/543/264 401/544/264 413/557/264
f 401/544/265 400/545/265 412/558/265
f 400/546/266 399/547/266 411/559/266
f 399/547/267 397/548/267 409/561/267
f 404/562/268 416/576/268 420/563/268
f 408/550/269 420/563/269 419/564/269
f 419/564/270 418/579/270 406/565/270
f 418/566/271 417/581/271 405/552/271
f 405/552/272 417/581/272 415/568/272
f 422/569/273 410/556/273 414/555/273
f 414/555/274 413/557/274 425/571/274
f 413/557/275 412/558/275 424/572/275
f 412/560/276 411/559/276 423/573/276
f 411/559/277 409/561/277 421/575/277
f 416/576/278 428/590/278 432/577/278
f 432/577/279 431/592/279 419/564/279
f 419/564/280 431/592/280 430/578/280
f 418/566/281 430/594/281 429/580/281
f 417/581/282 429/580/282 427/582/282
f 422/569/283 426/570/283 438/583/283
f 438/583/284 426/570/284 425/571/284
f 437/585/285 425/571/285 424/572/285
f 424/574/286 423/573/286 435/587/286
f 435/587/287 423/573/287 421/575/287
f 428/590/288 440/605/288 444/591/288
f 444/591/289 443/607/289 431/592/289
f 431/592/290 443/607/290 442/593/290
f 430/594/291 442/610/291 441/595/291
f 429/580/292 441/595/292 439/596/292
f 434/584/293 438/583/293 450/597/293
f 450/597/294 438/583/294 437/585/294
f 437/585/295 436/586/295 448/600/295
f 436/588/296 435/587/296 447/601/296
f 435/587/297 433/589/297 445/603/297
f 452/604/298 456/606/298 444/591/298
f 456/606/299 455/608/299 443/607/299
f 455/608/300 454/622/300 442/593/300
f 454/609/301 453/611/301 441/595/301
f 453/611/302 451/625/302 439/596/302
f 446/598/303 450/597/303 462/612/303
f 462/612/304 450/597/304 449/599/304
f 461/614/305 449/599/305 448/600/305
f 460/616/306 448/602/306 447/601/306
f 459/617/307 447/601/307 445/603/307
f 464/619/308 468/634/308 456/606/308
f 456/606/309 468/634/309 467/620/309
f 455/608/310 467/620/310 466/621/310
f 454/609/311 466/637/311 465/623/311
f 453/611/312 465/623/312 463/624/312
f 470/626/313 458/613/313 462/612/313
f 474/627/314 462/612/314 461/614/314
f 461/614/315 460/615/315 472/629/315
f 460/616/316 459/617/316 471/630/316
f 459/617/317 457/618/317 469/632/317
f 476/633/318 480/648/318 468/634/318
f 468/634/319 480/648/319 479/635/319
f 467/620/320 479/635/320 478/636/320
f 466/637/321 478/652/321 477/638/321
f 465/623/322 477/638/322 475/639/322
f 470/626/323 474/627/323 486/640/323
f 474/627/324 473/628/324 485/642/324
f 473/628/325 472/629/325 484/643/325
f 472/631/326 471/630/326 483/644/326
f 471/630/327 469/632/327 481/646/327
f 488/647/328 492/649/328 480/648/328
f 492/649/329 491/650/329 479/635/329
f 491/650/330 490/663/330 478/636/330
f 490/651/331 489/653/331 477/638/331
f 489/653/332 487/666/332 475/639/332
f 482/641/333 486/640/333 498/654/333
f 498/654/334 486/640/334 485/642/334
f 497/656/335 485/642/335 484/643/335
f 496/658/336 484/645/336 483/644/336
f 495/659/337 483/644/337 481/646/337
f 488/647/338 500/675/338 504/661/338
f 492/649/339 504/661/339 503/662/339
f 503/662/340 502/678/340 490/663/340
f 502/664/341 501/665/341 489/653/341
f 501/665/342 499/681/342 487/666/342
f 494/655/343 498/654/343 510/667/343
f 510/667/344 498/654/344 497/656/344
f 509/669/345 497/656/345 496/657/345
f 508/671/346 496/658/346 495/659/346
f 507/672/347 495/659/347 493/660/347
f 512/674/348 516/690/348 504/661/348
f 504/661/349 516/690/349 515/676/349
f 503/662/350 515/676/350 514/677/350
f 502/664/351 514/693/351 513/679/351
f 501/665/352 513/679/352 511/680/352
f 506/668/353 510/667/353 522/682/353
f 510/667/354 509/669/354 521/684/354
f 509/669/355 508/670/355 520/685/355
f 508/671/356 507/672/356 519/686/356
f 507/672/357 505/673/357 517/688/357
f 524/689/358 528/703/358 516/690/358
f 516/690/359 528/703/359 527/691/359
f 527/691/360 526/706/360 514/677/360
f 526/692/361 525/694/361 513/679/361
f 525/694/362 523/709/362 511/680/362
f 530/695/363 518/683/363 522/682/363
f 522/682/364 521/684/364 533/697/364
f 533/697/365 521/684/365 520/685/365
f 532/699/366 520/687/366 519/686/366
f 531/700/367 519/686/367 517/688/367
f 536/702/368 540/718/368 528/703/368
f 528/703/369 540/718/369 539/704/369
f 527/691/370 539/704/370 538/705/370
f 538/707/371 537/721/371 525/694/371
f 525/694/372 537/721/372 535/708/372
f 542/710/373 530/695/373 534/696/373
f 534/696/374 533/697/374 545/712/374
f 545/712/375 533/697/375 532/698/375
f 544/714/376 532/699/376 531/700/376
f 543/715/377 531/700/377 529/701/377
f 536/702/378 548/731/378 552/717/378
f 552/717/379 551/719/379 539/704/379
f 551/719/380 550/734/380 538/705/380
f 550/720/381 549/722/381 537/721/381
f 549/722/382 547/737/382 535/708/382
f 554/723/383 542/710/383 546/711/383
f 558/724/384 546/711/384 545/712/384
f 545/712/385 544/713/385 556/726/385
f 544/714/386 543/715/386 555/727/386
f 555/727/387 543/715/387 541/716/387
f 560/730/388 564/732/388 552/717/388
f 564/732/389 563/733/389 551/719/389
f 563/733/390 562/747/390 550/734/390
f 562/735/391 561/736/391 549/722/391
f 561/736/392 559/748/392 547/737/392
f 566/738/393 554/723/393 558/724/393
f 570/739/394 558/724/394 557/725/394
f 557/725/395 556/726/395 568/741/395
f 568/742/396 556/728/396 555/727/396
f 567/743/397 555/727/397 553/729/397
f 560/730/398 188/755/398 192/745/398
f 192/745/399 191/746/399 563/733/399
f 191/746/400 190/757/400 562/747/400
f 562/735/401 190/311/401 189/310/401
f 561/736/402 189/310/402 187/313/402
f 194/749/403 566/738/403 570/739/403
f 198/750/404 570/739/404 569/740/404
f 197/751/405 569/740/405 568/741/405
f 568/742/406 567/743/406 195/322/406
f 567/743/407 565/744/407 193/754/407
f 559/748/408 187/313/408 199/331/408
f 199/331/408 211/330/408 223/358/408
f 223/358/408 235/373/408 247/372/408
f 247/372/408 259/401/408 271/400/408
f 271/400/408 283/415/408 295/443/408
f 295/443/408 307/455/408 319/471/408
f 319/471/408 331/485/408 343/499/408
f 343/499/408 355/513/408 367/526/408
f 367/526/408 379/541/408 391/554/408
f 391/554/408 403/553/408 415/568/408
f 415/568/408 427/582/408 439/596/408
f 439/596/408 451/625/408 463/624/408
f 463/624/408 475/639/408 487/666/408
f 487/666/408 499/681/408 511/680/408
f 511/680/442 523/709/442 535/708/442
f 535/708/408 547/737/408 559/748/408
f 559/748/408 199/331/408 223/358/408
f 223/358/408 247/372/408 271/400/408
f 271/400/408 295/443/408 319/471/408
f 319/471/408 343/499/408 367/526/408
f 367/526/408 391/554/408 415/568/408
f 415/568/408 439/596/408 463/624/408
f 463/624/408 487/666/408 511/680/408
f 511/680/408 535/708/408 559/748/408
f 559/748/408 223/358/408 271/400/408
f 271/400/408 319/471/408 367/526/408
f 367/526/408 415/568/408 463/624/408
f 463/624/408 511/680/408 559/748/408
f 559/748/408 271/400/408 367/526/408
f 194/314/409 206/316/409 200/302/409
f 566/738/410 194/749/410 188/755/410
f 217/338/411 205/324/411 193/754/411
f 193/754/411 565/744/411 553/729/411
f 553/729/411 541/716/411 529/701/411
f 529/701/411 517/688/411 505/673/411
f 505/673/411 493/660/411 481/646/411
f 481/646/411 469/632/411 457/618/411
f 457/618/443 445/603/443 433/589/443
f 433/589/411 421/575/411 409/561/411
f 409/561/411 397/548/411 385/533/411
f 385/533/411 373/520/411 361/506/411
f 361/506/411 349/492/411 337/478/411
f 337/478/444 325/462/444 313/450/444
f 313/450/411 301/436/411 289/422/411
f 289/422/411 277/408/411 265/394/411
f 265/394/411 253/380/411 241/365/411
f 241/365/411 229/351/411 217/338/411
f 217/338/411 193/754/411 553/729/411
f 553/729/411 529/701/411 505/673/411
f 505/673/411 481/646/411 457/618/411
f 457/618/411 433/589/411 409/561/411
f 409/561/411 385/533/411 361/506/411
f 361/506/411 337/478/411 313/450/411
f 313/450/411 289/422/411 265/394/411
f 265/394/411 241/365/411 217/338/411
f 217/338/411 553/729/411 505/673/411
f 505/673/411 457/618/411 409/561/411
f 409/561/411 361/506/411 313/450/411
f 313/450/411 265/394/411 217/338/411
f 217/338/411 505/673/411 409/561/411
f 206/316/412 218/333/412 212/325/412
f 218/333/413 230/346/413 224/352/413
f 230/346/414 242/360/414 236/366/414
f 242/360/415 254/375/415 248/382/415
f 254/375/416 266/389/416 260/381/416
f 266/389/417 278/403/417 272/395/417
f 278/403/418 290/417/418 284/409/418
f 290/417/419 302/431/419 296/423/419
f 302/431/420 314/445/420 308/437/420
f 308/437/421 314/445/421 326/457/421
f 326/457/422 338/472/422 332/463/422
f 338/472/423 350/486/423 344/479/423
f 350/486/424 362/500/424 356/493/424
f 362/500/425 374/515/425 368/507/425
f 374/515/426 386/528/426 380/521/426
f 386/528/427 398/542/427 392/549/427
f 398/542/428 410/556/428 404/562/428
f 410/556/429 422/569/429 416/576/429
f 422/569/430 434/584/430 428/590/430
f 434/584/431 446/598/431 440/605/431
f 446/598/432 458/613/432 452/604/432
f 452/604/433 458/613/433 470/626/433
f 464/619/434 470/626/434 482/641/434
f 476/633/435 482/641/435 494/655/435
f 488/647/436 494/655/436 506/668/436
f 506/668/437 518/683/437 512/674/437
f 518/683/438 530/695/438 524/689/438
f 530/695/439 542/710/439 536/702/439
f 542/710/440 554/723/440 548/731/440
f 554/723/441 566/738/441 560/730/441
o Weel
v -1.425333 0.449991 -1.029540
v -0.975333 0.449991 -1.029540
v -1.425333 0.441344 -1.117331
v -0.975333 0.441344 -1.117331
v -1.425333 0.415737 -1.201747
v -0.975333 0.415737 -1.201748
v -1.425333 0.374152 -1.279546
v -0.975333 0.374152 -1.279546
v -1.425333 0.318189 -1.347738
v -0.975333 0.318189 -1.347738
v -1.425333 0.249998 -1.403701
v -0.975333 0.249997 -1.403701
v -1.425333 0.172198 -1.445286
v -0.975333 0.172198 -1.445286
v -1.425333 0.087782 -1.470893
v -0.975333 0.087782 -1.470893
v -1.425333 -0.000009 -1.479540
v -0.975333 -0.000009 -1.479540
v -1.425333 -0.087800 -1.470893
v -0.975333 -0.087800 -1.470893
v -1.425333 -0.172217 -1.445286
v -0.975333 -0.172217 -1.445286
v -1.425333 -0.250016 -1.403701
v -0.975333 -0.250016 -1.403701
v -1.425333 -0.318207 -1.347738
v -0.975333 -0.318207 -1.347738
v -1.425333 -0.374170 -1.279546
v -0.975333 -0.374170 -1.279546
v -1.425333 -0.415755 -1.201747
v -0.975333 -0.415755 -1.201748
v -1.425333 -0.441362 -1.117331
v -0.975333 -0.441363 -1.117331
v -1.425333 -0.450009 -1.029540
v -0.975333 -0.450009 -1.029540
v -1.425333 -0.441362 -0.941749
v -0.975333 -0.441363 -0.941749
v -1.425333 -0.415755 -0.857332
v -0.975333 -0.415755 -0.857332
v -1.425333 -0.374170 -0.779533
v -0.975333 -0.374170 -0.779533
v -1.425333 -0.318207 -0.711342
v -0.975333 -0.318207 -0.711342
v -1.425333 -0.250016 -0.655379
v -0.975333 -0.250016 -0.655379
v -1.425333 -0.172217 -0.613794
v -0.975333 -0.172217 -0.613794
v -1.425333 -0.087800 -0.588187
v -0.975333 -0.087800 -0.588187
v -1.425333 -0.000009 -0.579540
v -0.975333 -0.000009 -0.579540
v -1.425333 0.087782 -0.588187
v -0.975333 0.087782 -0.588187
v -1.425333 0.172198 -0.613794
v -0.975333 0.172198 -0.613794
v -1.425333 0.249998 -0.655379
v -0.975333 0.249997 -0.655379
v -1.425333 0.318189 -0.711342
v -0.975333 0.318189 -0.711342
v -1.425333 0.374152 -0.779533
v -0.975333 0.374152 -0.779533
v -1.425333 0.415737 -0.857332
v -0.975333 0.415737 -0.857332
v -1.425333 0.441344 -0.941749
v -0.975333 0.441344 -0.941749
vn -0.0000 0.9952 -0.0980
vn -0.0000 0.9569 -0.2903
vn -0.0000 0.8819 -0.4714
vn -0.0000 0.7730 -0.6344
vn -0.0000 0.6344 -0.7730
vn -0.0000 0.4714 -0.8819
vn -0.0000 0.2903 -0.9569
vn -0.0000 0.0980 -0.9952
vn -0.0000 -0.0980 -0.9952
vn -0.0000 -0.2903 -0.9569
vn -0.0000 -0.4714 -0.8819
vn -0.0000 -0.6344 -0.7730
vn -0.0000 -0.7730 -0.6344
vn -0.0000 -0.8819 -0.4714
vn -0.0000 -0.9569 -0.2903
vn -0.0000 -0.9952 -0.0980
vn -0.0000 -0.9952 0.0980
vn -0.0000 -0.9569 0.2903
vn -0.0000 -0.8819 0.4714
vn -0.0000 -0.7730 0.6344
vn -0.0000 -0.6344 0.7730
vn -0.0000 -0.4714 0.8819
vn -0.0000 -0.2903 0.9569
vn -0.0000 -0.0980 0.9952
vn -0.0000 0.0980 0.9952
vn -0.0000 0.2903 0.9569
vn -0.0000 0.4714 0.8819
vn -0.0000 0.6344 0.7730
vn -0.0000 0.7730 0.6344
vn -0.0000 0.8819 0.4714
vn 1.0000 -0.0000 -0.0000
vn -0.0000 0.9569 0.2903
vn -0.0000 0.9952 0.0980
vn -1.0000 -0.0000 -0.0000
vt 1.000000 1.000000
vt 0.968750 0.500000
vt 1.000000 0.500000
vt 0.968750 1.000000
vt 0.937500 0.500000
vt 0.937500 1.000000
vt 0.906250 0.500000
vt 0.906250 1.000000
vt 0.875000 0.500000
vt 0.875000 1.000000
vt 0.843750 0.500000
vt 0.812500 1.000000
vt 0.812500 0.500000
vt 0.781250 0.500000
vt 0.781250 1.000000
vt 0.750000 0.500000
vt 0.718750 1.000000
vt 0.718750 0.500000
vt 0.687500 1.000000
vt 0.687500 0.500000
vt 0.656250 0.500000
vt 0.656250 1.000000
vt 0.625000 0.500000
vt 0.625000 1.000000
vt 0.593750 0.500000
vt 0.593750 1.000000
vt 0.562500 0.500000
vt 0.562500 1.000000
vt 0.531250 0.500000
vt 0.531250 1.000000
vt 0.500000 0.500000
vt 0.500000 1.000000
vt 0.468750 0.500000
vt 0.468750 1.000000
vt 0.437500 0.500000
vt 0.437500 1.000000
vt 0.406250 0.500000
vt 0.406250 1.000000
vt 0.375000 0.500000
vt 0.375000 1.000000
vt 0.343750 0.500000
vt 0.343750 1.000000
vt 0.312500 0.500000
vt 0.281250 1.000000
vt 0.281250 0.500000
vt 0.250000 0.500000
vt 0.250000 1.000000
vt 0.218750 0.500000
vt 0.218750 1.000000
vt 0.187500 0.500000
vt 0.156250 1.000000
vt 0.156250 0.500000
vt 0.125000 0.500000
vt 0.125000 1.000000
vt 0.093750 0.500000
vt 0.093750 1.000000
vt 0.062500 0.500000
vt 0.158156 0.028269
vt 0.471731 0.158156
vt 0.341844 0.471731
vt 0.062500 1.000000
vt 0.031250 0.500000
vt 0.031250 1.000000
vt 0.000000 0.500000
vt 0.796822 0.014612
vt 0.514612 0.203178
vt 0.703178 0.485388
vt 0.843750 1.000000
vt 0.750000 1.000000
vt 0.312500 1.000000
vt 0.187500 1.000000
vt 0.296822 0.485388
vt 0.250000 0.490000
vt 0.203178 0.485388
vt 0.158156 0.471731
vt 0.116663 0.449553
vt 0.080294 0.419706
vt 0.050447 0.383337
vt 0.028269 0.341844
vt 0.014612 0.296822
vt 0.010000 0.250000
vt 0.014612 0.203178
vt 0.028269 0.158156
vt 0.050447 0.116663
vt 0.080294 0.080294
vt 0.116663 0.050447
vt 0.203178 0.014612
vt 0.250000 0.010000
vt 0.296822 0.014612
vt 0.341844 0.028269
vt 0.383337 0.050447
vt 0.419706 0.080294
vt 0.449553 0.116663
vt 0.485388 0.203178
vt 0.490000 0.250000
vt 0.485388 0.296822
vt 0.471731 0.341844
vt 0.449553 0.383337
vt 0.419706 0.419706
vt 0.383337 0.449553
vt 0.000000 1.000000
vt 0.750000 0.490000
vt 0.796822 0.485388
vt 0.841844 0.471731
vt 0.883337 0.449553
vt 0.919706 0.419706
vt 0.949553 0.383337
vt 0.971731 0.341844
vt 0.985388 0.296822
vt 0.990000 0.250000
vt 0.985388 0.203178
vt 0.971731 0.158156
vt 0.949553 0.116663
vt 0.919706 0.080294
vt 0.883337 0.050447
vt 0.841844 0.028269
vt 0.750000 0.010000
vt 0.703178 0.014612
vt 0.658156 0.028269
vt 0.616663 0.050447
vt 0.580294 0.080294
vt 0.550447 0.116663
vt 0.528269 0.158156
vt 0.510000 0.250000
vt 0.514612 0.296822
vt 0.528269 0.341844
vt 0.550447 0.383337
vt 0.580294 0.419706
vt 0.616663 0.449553
vt 0.658156 0.471731
s 0
usemtl Green
f 572/758/445 573/759/445 571/760/445
f 574/761/446 575/762/446 573/759/446
f 576/763/447 577/764/447 575/762/447
f 578/765/448 579/766/448 577/764/448
f 580/767/449 581/768/449 579/766/449
f 581/768/450 584/769/450 583/770/450
f 584/769/451 585/771/451 583/770/451
f 586/772/452 587/773/452 585/771/452
f 587/773/453 590/774/453 589/775/453
f 589/775/454 592/776/454 591/777/454
f 592/776/455 593/778/455 591/777/455
f 594/779/456 595/780/456 593/778/456
f 596/781/457 597/782/457 595/780/457
f 598/783/458 599/784/458 597/782/458
f 600/785/459 601/786/459 599/784/459
f 602/787/460 603/788/460 601/786/460
f 604/789/461 605/790/461 603/788/461
f 606/791/462 607/792/462 605/790/462
f 608/793/463 609/794/463 607/792/463
f 610/795/464 611/796/464 609/794/464
f 612/797/465 613/798/465 611/796/465
f 614/799/466 615/800/466 613/798/466
f 615/800/467 618/801/467 617/802/467
f 618/801/468 619/803/468 617/802/468
f 620/804/469 621/805/469 619/803/469
f 622/806/470 623/807/470 621/805/470
f 623/807/471 626/808/471 625/809/471
f 626/808/472 627/810/472 625/809/472
f 628/811/473 629/812/473 627/810/473
f 630/813/474 631/814/474 629/812/474
f 608/815/475 592/816/475 576/817/475
f 632/818/476 633/819/476 631/814/476
f 634/820/477 571/821/477 633/819/477
f 601/822/478 617/823/478 633/824/478
f 572/758/445 574/761/445 573/759/445
f 574/761/446 576/763/446 575/762/446
f 576/763/447 578/765/447 577/764/447
f 578/765/448 580/767/448 579/766/448
f 580/767/449 582/825/449 581/768/449
f 581/768/450 582/825/450 584/769/450
f 584/769/451 586/772/451 585/771/451
f 586/772/452 588/826/452 587/773/452
f 587/773/453 588/826/453 590/774/453
f 589/775/454 590/774/454 592/776/454
f 592/776/455 594/779/455 593/778/455
f 594/779/456 596/781/456 595/780/456
f 596/781/457 598/783/457 597/782/457
f 598/783/458 600/785/458 599/784/458
f 600/785/459 602/787/459 601/786/459
f 602/787/460 604/789/460 603/788/460
f 604/789/461 606/791/461 605/790/461
f 606/791/462 608/793/462 607/792/462
f 608/793/463 610/795/463 609/794/463
f 610/795/464 612/797/464 611/796/464
f 612/797/465 614/799/465 613/798/465
f 614/799/466 616/827/466 615/800/466
f 615/800/467 616/827/467 618/801/467
f 618/801/468 620/804/468 619/803/468
f 620/804/469 622/806/469 621/805/469
f 622/806/470 624/828/470 623/807/470
f 623/807/471 624/828/471 626/808/471
f 626/808/472 628/811/472 627/810/472
f 628/811/473 630/813/473 629/812/473
f 630/813/474 632/818/474 631/814/474
f 576/817/475 574/829/475 572/830/475
f 572/830/475 634/831/475 632/832/475
f 632/832/475 630/833/475 628/834/475
f 628/834/475 626/835/475 624/836/475
f 624/836/475 622/837/475 620/838/475
f 620/838/475 618/839/475 616/840/475
f 616/840/475 614/841/475 612/842/475
f 612/842/475 610/843/475 608/815/475
f 608/815/475 606/844/475 604/845/475
f 604/845/475 602/846/475 600/847/475
f 600/847/475 598/848/475 596/849/475
f 596/849/475 594/850/475 592/816/475
f 592/816/475 590/851/475 588/852/475
f 588/852/475 586/853/475 584/854/475
f 584/854/475 582/855/475 580/856/475
f 580/856/475 578/857/475 576/817/475
f 576/817/475 572/830/475 632/832/475
f 632/832/475 628/834/475 624/836/475
f 624/836/475 620/838/475 616/840/475
f 616/840/475 612/842/475 608/815/475
f 608/815/475 604/845/475 600/847/475
f 600/847/475 596/849/475 592/816/475
f 592/816/475 588/852/475 584/854/475
f 584/854/475 580/856/475 576/817/475
f 576/817/475 632/832/475 624/836/475
f 624/836/475 616/840/475 608/815/475
f 608/815/475 600/847/475 592/816/475
f 592/816/475 584/854/475 576/817/475
f 576/817/475 624/836/475 608/815/475
f 632/818/476 634/820/476 633/819/476
f 634/820/477 572/858/477 571/821/477
f 633/824/478 571/859/478 573/860/478
f 573/860/478 575/861/478 577/862/478
f 577/862/478 579/863/478 581/864/478
f 581/864/478 583/865/478 585/866/478
f 585/866/478 587/867/478 589/868/478
f 589/868/478 591/869/478 593/870/478
f 593/870/478 595/871/478 597/872/478
f 597/872/478 599/873/478 601/822/478
f 601/822/478 603/874/478 605/875/478
f 605/875/478 607/876/478 609/877/478
f 609/877/478 611/878/478 613/879/478
f 613/879/478 615/880/478 617/823/478
f 617/823/478 619/881/478 621/882/478
f 621/882/478 623/883/478 625/884/478
f 625/884/478 627/885/478 629/886/478
f 629/886/478 631/887/478 633/824/478
f 633/824/478 573/860/478 577/862/478
f 577/862/478 581/864/478 585/866/478
f 585/866/478 589/868/478 593/870/478
f 593/870/478 597/872/478 601/822/478
f 601/822/478 605/875/478 609/877/478
f 609/877/478 613/879/478 617/823/478
f 617/823/478 621/882/478 625/884/478
f 625/884/478 629/886/478 633/824/478
f 633/824/478 577/862/478 585/866/478
f 585/866/478 593/870/478 601/822/478
f 601/822/478 609/877/478 617/823/478
f 617/823/478 625/884/478 633/824/478
f 633/824/478 585/866/478 601/822/478
o Weel.001
v -1.425334 0.524991 -2.709540
v -0.975334 0.524991 -2.709540
v -1.425334 0.520668 -2.753435
v -0.975334 0.520668 -2.753435
v -1.425334 0.507864 -2.795644
v -0.975334 0.507864 -2.795644
v -1.425334 0.487072 -2.834543
v -0.975334 0.487072 -2.834543
v -1.425334 0.459090 -2.868639
v -0.975334 0.459090 -2.868639
v -1.425334 0.424994 -2.896621
v -0.975334 0.424994 -2.896621
v -1.425334 0.386095 -2.917413
v -0.975334 0.386095 -2.917413
v -1.425334 0.343886 -2.930217
v -0.975334 0.343886 -2.930217
v -1.425334 0.299991 -2.934540
v -0.975334 0.299991 -2.934540
v -1.425334 0.256096 -2.930217
v -0.975334 0.256096 -2.930217
v -1.425334 0.213887 -2.917413
v -0.975334 0.213887 -2.917413
v -1.425334 0.174988 -2.896621
v -0.975334 0.174988 -2.896621
v -1.425334 0.140892 -2.868639
v -0.975334 0.140892 -2.868639
v -1.425334 0.112910 -2.834543
v -0.975334 0.112910 -2.834543
v -1.425334 0.092118 -2.795644
v -0.975334 0.092118 -2.795644
v -1.425334 0.079314 -2.753435
v -0.975334 0.079314 -2.753435
v -1.425334 0.074991 -2.709540
v -0.975334 0.074991 -2.709540
v -1.425334 0.079314 -2.665645
v -0.975334 0.079314 -2.665645
v -1.425334 0.092118 -2.623436
v -0.975334 0.092118 -2.623436
v -1.425334 0.112910 -2.584537
v -0.975334 0.112910 -2.584537
v -1.425334 0.140892 -2.550441
v -0.975334 0.140892 -2.550441
v -1.425334 0.174988 -2.522459
v -0.975334 0.174988 -2.522459
v -1.425334 0.213887 -2.501667
v -0.975334 0.213887 -2.501667
v -1.425334 0.256096 -2.488863
v -0.975334 0.256096 -2.488863
v -1.425334 0.299991 -2.484540
v -0.975334 0.299991 -2.484540
v -1.425334 0.343886 -2.488863
v -0.975334 0.343886 -2.488863
v -1.425334 0.386095 -2.501667
v -0.975334 0.386095 -2.501667
v -1.425334 0.424994 -2.522459
v -0.975334 0.424994 -2.522459
v -1.425334 0.459090 -2.550441
v -0.975334 0.459090 -2.550441
v -1.425334 0.487072 -2.584537
v -0.975334 0.487072 -2.584537
v -1.425334 0.507864 -2.623436
v -0.975334 0.507864 -2.623436
v -1.425334 0.520668 -2.665645
v -0.975334 0.520668 -2.665645
vn -0.0000 0.9952 -0.0980
vn -0.0000 0.9569 -0.2903
vn -0.0000 0.8819 -0.4714
vn -0.0000 0.7730 -0.6344
vn -0.0000 0.6344 -0.7730
vn -0.0000 0.4714 -0.8819
vn -0.0000 0.2903 -0.9569
vn -0.0000 0.0980 -0.9952
vn -0.0000 -0.0980 -0.9952
vn -0.0000 -0.2903 -0.9569
vn -0.0000 -0.4714 -0.8819
vn -0.0000 -0.6344 -0.7730
vn -0.0000 -0.7730 -0.6344
vn -0.0000 -0.8819 -0.4714
vn -0.0000 -0.9569 -0.2903
vn -0.0000 -0.9952 -0.0980
vn -0.0000 -0.9952 0.0980
vn -0.0000 -0.9569 0.2903
vn -0.0000 -0.8819 0.4714
vn -0.0000 -0.7730 0.6344
vn -0.0000 -0.6344 0.7730
vn -0.0000 -0.4714 0.8819
vn -0.0000 -0.2903 0.9569
vn -0.0000 -0.0980 0.9952
vn -0.0000 0.0980 0.9952
vn -0.0000 0.2903 0.9569
vn -0.0000 0.4714 0.8819
vn -0.0000 0.6344 0.7730
vn -0.0000 0.7730 0.6344
vn -0.0000 0.8819 0.4714
vn 1.0000 -0.0000 -0.0000
vn -0.0000 0.9569 0.2903
vn -0.0000 0.9952 0.0980
vn -1.0000 -0.0000 -0.0000
vt 1.000000 1.000000
vt 0.968750 0.500000
vt 1.000000 0.500000
vt 0.968750 1.000000
vt 0.937500 0.500000
vt 0.937500 1.000000
vt 0.906250 0.500000
vt 0.906250 1.000000
vt 0.875000 0.500000
vt 0.875000 1.000000
vt 0.843750 0.500000
vt 0.812500 1.000000
vt 0.812500 0.500000
vt 0.781250 0.500000
vt 0.781250 1.000000
vt 0.750000 0.500000
vt 0.718750 1.000000
vt 0.718750 0.500000
vt 0.687500 1.000000
vt 0.687500 0.500000
vt 0.656250 0.500000
vt 0.656250 1.000000
vt 0.625000 0.500000
vt 0.625000 1.000000
vt 0.593750 0.500000
vt 0.593750 1.000000
vt 0.562500 0.500000
vt 0.562500 1.000000
vt 0.531250 0.500000
vt 0.531250 1.000000
vt 0.500000 0.500000
vt 0.500000 1.000000
vt 0.468750 0.500000
vt 0.468750 1.000000
vt 0.437500 0.500000
vt 0.437500 1.000000
vt 0.406250 0.500000
vt 0.406250 1.000000
vt 0.375000 0.500000
vt 0.375000 1.000000
vt 0.343750 0.500000
vt 0.343750 1.000000
vt 0.312500 0.500000
vt 0.281250 1.000000
vt 0.281250 0.500000
vt 0.250000 0.500000
vt 0.250000 1.000000
vt 0.218750 0.500000
vt 0.218750 1.000000
vt 0.187500 0.500000
vt 0.156250 1.000000
vt 0.156250 0.500000
vt 0.125000 0.500000
vt 0.125000 1.000000
vt 0.093750 0.500000
vt 0.093750 1.000000
vt 0.062500 0.500000
vt 0.158156 0.028269
vt 0.471731 0.158156
vt 0.341844 0.471731
vt 0.062500 1.000000
vt 0.031250 0.500000
vt 0.031250 1.000000
vt 0.000000 0.500000
vt 0.796822 0.014612
vt 0.514612 0.203178
vt 0.703178 0.485388
vt 0.843750 1.000000
vt 0.750000 1.000000
vt 0.312500 1.000000
vt 0.187500 1.000000
vt 0.296822 0.485388
vt 0.250000 0.490000
vt 0.203178 0.485388
vt 0.158156 0.471731
vt 0.116663 0.449553
vt 0.080294 0.419706
vt 0.050447 0.383337
vt 0.028269 0.341844
vt 0.014612 0.296822
vt 0.010000 0.250000
vt 0.014612 0.203178
vt 0.028269 0.158156
vt 0.050447 0.116663
vt 0.080294 0.080294
vt 0.116663 0.050447
vt 0.203178 0.014612
vt 0.250000 0.010000
vt 0.296822 0.014612
vt 0.341844 0.028269
vt 0.383337 0.050447
vt 0.419706 0.080294
vt 0.449553 0.116663
vt 0.485388 0.203178
vt 0.490000 0.250000
vt 0.485388 0.296822
vt 0.471731 0.341844
vt 0.449553 0.383337
vt 0.419706 0.419706
vt 0.383337 0.449553
vt 0.000000 1.000000
vt 0.750000 0.490000
vt 0.796822 0.485388
vt 0.841844 0.471731
vt 0.883337 0.449553
vt 0.919706 0.419706
vt 0.949553 0.383337
vt 0.971731 0.341844
vt 0.985388 0.296822
vt 0.990000 0.250000
vt 0.985388 0.203178
vt 0.971731 0.158156
vt 0.949553 0.116663
vt 0.919706 0.080294
vt 0.883337 0.050447
vt 0.841844 0.028269
vt 0.750000 0.010000
vt 0.703178 0.014612
vt 0.658156 0.028269
vt 0.616663 0.050447
vt 0.580294 0.080294
vt 0.550447 0.116663
vt 0.528269 0.158156
vt 0.510000 0.250000
vt 0.514612 0.296822
vt 0.528269 0.341844
vt 0.550447 0.383337
vt 0.580294 0.419706
vt 0.616663 0.449553
vt 0.658156 0.471731
s 0
usemtl Green
f 636/888/479 637/889/479 635/890/479
f 638/891/480 639/892/480 637/889/480
f 640/893/481 641/894/481 639/892/481
f 642/895/482 643/896/482 641/894/482
f 644/897/483 645/898/483 643/896/483
f 645/898/484 648/899/484 647/900/484
f 648/899/485 649/901/485 647/900/485
f 650/902/486 651/903/486 649/901/486
f 651/903/487 654/904/487 653/905/487
f 653/905/488 656/906/488 655/907/488
f 656/906/489 657/908/489 655/907/489
f 658/909/490 659/910/490 657/908/490
f 660/911/491 661/912/491 659/910/491
f 662/913/492 663/914/492 661/912/492
f 664/915/493 665/916/493 663/914/493
f 666/917/494 667/918/494 665/916/494
f 668/919/495 669/920/495 667/918/495
f 670/921/496 671/922/496 669/920/496
f 672/923/497 673/924/497 671/922/497
f 674/925/498 675/926/498 673/924/498
f 676/927/499 677/928/499 675/926/499
f 678/929/500 679/930/500 677/928/500
f 679/930/501 682/931/501 681/932/501
f 682/931/502 683/933/502 681/932/502
f 684/934/503 685/935/503 683/933/503
f 686/936/504 687/937/504 685/935/504
f 687/937/505 690/938/505 689/939/505
f 690/938/506 691/940/506 689/939/506
f 692/941/507 693/942/507 691/940/507
f 694/943/508 695/944/508 693/942/508
f 672/945/509 656/946/509 640/947/509
f 696/948/510 697/949/510 695/944/510
f 698/950/511 635/951/511 697/949/511
f 665/952/512 681/953/512 697/954/512
f 636/888/479 638/891/479 637/889/479
f 638/891/480 640/893/480 639/892/480
f 640/893/481 642/895/481 641/894/481
f 642/895/482 644/897/482 643/896/482
f 644/897/483 646/955/483 645/898/483
f 645/898/484 646/955/484 648/899/484
f 648/899/485 650/902/485 649/901/485
f 650/902/486 652/956/486 651/903/486
f 651/903/487 652/956/487 654/904/487
f 653/905/488 654/904/488 656/906/488
f 656/906/489 658/909/489 657/908/489
f 658/909/490 660/911/490 659/910/490
f 660/911/491 662/913/491 661/912/491
f 662/913/492 664/915/492 663/914/492
f 664/915/493 666/917/493 665/916/493
f 666/917/494 668/919/494 667/918/494
f 668/919/495 670/921/495 669/920/495
f 670/921/496 672/923/496 671/922/496
f 672/923/497 674/925/497 673/924/497
f 674/925/498 676/927/498 675/926/498
f 676/927/499 678/929/499 677/928/499
f 678/929/500 680/957/500 679/930/500
f 679/930/501 680/957/501 682/931/501
f 682/931/502 684/934/502 683/933/502
f 684/934/503 686/936/503 685/935/503
f 686/936/504 688/958/504 687/937/504
f 687/937/505 688/958/505 690/938/505
f 690/938/506 692/941/506 691/940/506
f 692/941/507 694/943/507 693/942/507
f 694/943/508 696/948/508 695/944/508
f 640/947/509 638/959/509 636/960/509
f 636/960/509 698/961/509 696/962/509
f 696/962/509 694/963/509 692/964/509
f 692/964/509 690/965/509 688/966/509
f 688/966/509 686/967/509 684/968/509
f 684/968/509 682/969/509 680/970/509
f 680/970/509 678/971/509 676/972/509
f 676/972/509 674/973/509 672/945/509
f 672/945/509 670/974/509 668/975/509
f 668/975/509 666/976/509 664/977/509
f 664/977/509 662/978/509 660/979/509
f 660/979/509 658/980/509 656/946/509
f 656/946/509 654/981/509 652/982/509
f 652/982/509 650/983/509 648/984/509
f 648/984/509 646/985/509 644/986/509
f 644/986/509 642/987/509 640/947/509
f 640/947/509 636/960/509 696/962/509
f 696/962/509 692/964/509 688/966/509
f 688/966/509 684/968/509 680/970/509
f 680/970/509 676/972/509 672/945/509
f 672/945/509 668/975/509 664/977/509
f 664/977/509 660/979/509 656/946/509
f 656/946/509 652/982/509 648/984/509
f 648/984/509 644/986/509 640/947/509
f 640/947/509 696/962/509 688/966/509
f 688/966/509 680/970/509 672/945/509
f 672/945/509 664/977/509 656/946/509
f 656/946/509 648/984/509 640/947/509
f 640/947/509 688/966/509 672/945/509
f 696/948/510 698/950/510 697/949/510
f 698/950/511 636/988/511 635/951/511
f 697/954/512 635/989/512 637/990/512
f 637/990/512 639/991/512 641/992/512
f 641/992/512 643/993/512 645/994/512
f 645/994/512 647/995/512 649/996/512
f 649/996/512 651/997/512 653/998/512
f 653/998/512 655/999/512 657/1000/512
f 657/1000/512 659/1001/512 661/1002/512
f 661/1002/512 663/1003/512 665/952/512
f 665/952/512 667/1004/512 669/1005/512
f 669/1005/512 671/1006/512 673/1007/512
f 673/1007/512 675/1008/512 677/1009/512
f 677/1009/512 679/1010/512 681/953/512
f 681/953/512 683/1011/512 685/1012/512
f 685/1012/512 687/1013/512 689/1014/512
f 689/1014/512 691/1015/512 693/1016/512
f 693/1016/512 695/1017/512 697/954/512
f 697/954/512 637/990/512 641/992/512
f 641/992/512 645/994/512 649/996/512
f 649/996/512 653/998/512 657/1000/512
f 657/1000/512 661/1002/512 665/952/512
f 665/952/512 669/1005/512 673/1007/512
f 673/1007/512 677/1009/512 681/953/512
f 681/953/512 685/1012/512 689/1014/512
f 689/1014/512 693/1016/512 697/954/512
f 697/954/512 641/992/512 649/996/512
f 649/996/512 657/1000/512 665/952/512
f 665/952/512 673/1007/512 681/953/512
f 681/953/512 689/1014/512 697/954/512
f 697/954/512 649/996/512 665/952/512
o Weel.002
v -1.425333 0.449991 -1.989540
v -0.975333 0.449991 -1.989540
v -1.425333 0.441344 -2.077331
v -0.975333 0.441344 -2.077331
v -1.425333 0.415737 -2.161748
v -0.975333 0.415737 -2.161748
v -1.425333 0.374152 -2.239547
v -0.975333 0.374152 -2.239547
v -1.425333 0.318189 -2.307738
v -0.975333 0.318189 -2.307738
v -1.425333 0.249998 -2.363702
v -0.975333 0.249997 -2.363702
v -1.425333 0.172198 -2.405286
v -0.975333 0.172198 -2.405286
v -1.425333 0.087782 -2.430894
v -0.975333 0.087782 -2.430894
v -1.425333 -0.000009 -2.439540
v -0.975333 -0.000009 -2.439540
v -1.425333 -0.087800 -2.430894
v -0.975333 -0.087800 -2.430894
v -1.425333 -0.172217 -2.405286
v -0.975333 -0.172217 -2.405286
v -1.425333 -0.250016 -2.363702
v -0.975333 -0.250016 -2.363702
v -1.425333 -0.318207 -2.307738
v -0.975333 -0.318207 -2.307738
v -1.425333 -0.374170 -2.239547
v -0.975333 -0.374170 -2.239547
v -1.425333 -0.415755 -2.161748
v -0.975333 -0.415755 -2.161748
v -1.425333 -0.441362 -2.077331
v -0.975333 -0.441363 -2.077331
v -1.425333 -0.450009 -1.989540
v -0.975333 -0.450009 -1.989540
v -1.425333 -0.441362 -1.901750
v -0.975333 -0.441363 -1.901750
v -1.425333 -0.415755 -1.817333
v -0.975333 -0.415755 -1.817333
v -1.425333 -0.374170 -1.739534
v -0.975333 -0.374170 -1.739534
v -1.425333 -0.318207 -1.671342
v -0.975333 -0.318207 -1.671342
v -1.425333 -0.250016 -1.615379
v -0.975333 -0.250016 -1.615379
v -1.425333 -0.172217 -1.573795
v -0.975333 -0.172217 -1.573795
v -1.425333 -0.087800 -1.548187
v -0.975333 -0.087800 -1.548187
v -1.425333 -0.000009 -1.539540
v -0.975333 -0.000009 -1.539540
v -1.425333 0.087782 -1.548187
v -0.975333 0.087782 -1.548187
v -1.425333 0.172198 -1.573795
v -0.975333 0.172198 -1.573795
v -1.425333 0.249998 -1.615379
v -0.975333 0.249997 -1.615379
v -1.425333 0.318189 -1.671342
v -0.975333 0.318189 -1.671342
v -1.425333 0.374152 -1.739534
v -0.975333 0.374152 -1.739534
v -1.425333 0.415737 -1.817333
v -0.975333 0.415737 -1.817333
v -1.425333 0.441344 -1.901750
v -0.975333 0.441344 -1.901750
vn -0.0000 0.9952 -0.0980
vn -0.0000 0.9569 -0.2903
vn -0.0000 0.8819 -0.4714
vn -0.0000 0.7730 -0.6344
vn -0.0000 0.6344 -0.7730
vn -0.0000 0.4714 -0.8819
vn -0.0000 0.2903 -0.9569
vn -0.0000 0.0980 -0.9952
vn -0.0000 -0.0980 -0.9952
vn -0.0000 -0.2903 -0.9569
vn -0.0000 -0.4714 -0.8819
vn -0.0000 -0.6344 -0.7730
vn -0.0000 -0.7730 -0.6344
vn -0.0000 -0.8819 -0.4714
vn -0.0000 -0.9569 -0.2903
vn -0.0000 -0.9952 -0.0980
vn -0.0000 -0.9952 0.0980
vn -0.0000 -0.9569 0.2903
vn -0.0000 -0.8819 0.4714
vn -0.0000 -0.7730 0.6344
vn -0.0000 -0.6344 0.7730
vn -0.0000 -0.4714 0.8819
vn -0.0000 -0.2903 0.9569
vn -0.0000 -0.0980 0.9952
vn -0.0000 0.0980 0.9952
vn -0.0000 0.2903 0.9569
vn -0.0000 0.4714 0.8819
vn -0.0000 0.6344 0.7730
vn -0.0000 0.7730 0.6344
vn -0.0000 0.8819 0.4714
vn 1.0000 -0.0000 -0.0000
vn -0.0000 0.9569 0.2903
vn -0.0000 0.9952 0.0980
vn -1.0000 -0.0000 -0.0000
vt 1.000000 1.000000
vt 0.968750 0.500000
vt 1.000000 0.500000
vt 0.968750 1.000000
vt 0.937500 0.500000
vt 0.937500 1.000000
vt 0.906250 0.500000
vt 0.906250 1.000000
vt 0.875000 0.500000
vt 0.875000 1.000000
vt 0.843750 0.500000
vt 0.812500 1.000000
vt 0.812500 0.500000
vt 0.781250 0.500000
vt 0.781250 1.000000
vt 0.750000 0.500000
vt 0.718750 1.000000
vt 0.718750 0.500000
vt 0.687500 1.000000
vt 0.687500 0.500000
vt 0.656250 0.500000
vt 0.656250 1.000000
vt 0.625000 0.500000
vt 0.625000 1.000000
vt 0.593750 0.500000
vt 0.593750 1.000000
vt 0.562500 0.500000
vt 0.562500 1.000000
vt 0.531250 0.500000
vt 0.531250 1.000000
vt 0.500000 0.500000
vt 0.500000 1.000000
vt 0.468750 0.500000
vt 0.468750 1.000000
vt 0.437500 0.500000
vt 0.437500 1.000000
vt 0.406250 0.500000
vt 0.406250 1.000000
vt 0.375000 0.500000
vt 0.375000 1.000000
vt 0.343750 0.500000
vt 0.343750 1.000000
vt 0.312500 0.500000
vt 0.281250 1.000000
vt 0.281250 0.500000
vt 0.250000 0.500000
vt 0.250000 1.000000
vt 0.218750 0.500000
vt 0.218750 1.000000
vt 0.187500 0.500000
vt 0.156250 1.000000
vt 0.156250 0.500000
vt 0.125000 0.500000
vt 0.125000 1.000000
vt 0.093750 0.500000
vt 0.093750 1.000000
vt 0.062500 0.500000
vt 0.158156 0.028269
vt 0.471731 0.158156
vt 0.341844 0.471731
vt 0.062500 1.000000
vt 0.031250 0.500000
vt 0.031250 1.000000
vt 0.000000 0.500000
vt 0.796822 0.014612
vt 0.514612 0.203178
vt 0.703178 0.485388
vt 0.843750 1.000000
vt 0.750000 1.000000
vt 0.312500 1.000000
vt 0.187500 1.000000
vt 0.296822 0.485388
vt 0.250000 0.490000
vt 0.203178 0.485388
vt 0.158156 0.471731
vt 0.116663 0.449553
vt 0.080294 0.419706
vt 0.050447 0.383337
vt 0.028269 0.341844
vt 0.014612 0.296822
vt 0.010000 0.250000
vt 0.014612 0.203178
vt 0.028269 0.158156
vt 0.050447 0.116663
vt 0.080294 0.080294
vt 0.116663 0.050447
vt 0.203178 0.014612
vt 0.250000 0.010000
vt 0.296822 0.014612
vt 0.341844 0.028269
vt 0.383337 0.050447
vt 0.419706 0.080294
vt 0.449553 0.116663
vt 0.485388 0.203178
vt 0.490000 0.250000
vt 0.485388 0.296822
vt 0.471731 0.341844
vt 0.449553 0.383337
vt 0.419706 0.419706
vt 0.383337 0.449553
vt 0.000000 1.000000
vt 0.750000 0.490000
vt 0.796822 0.485388
vt 0.841844 0.471731
vt 0.883337 0.449553
vt 0.919706 0.419706
vt 0.949553 0.383337
vt 0.971731 0.341844
vt 0.985388 0.296822
vt 0.990000 0.250000
vt 0.985388 0.203178
vt 0.971731 0.158156
vt 0.949553 0.116663
vt 0.919706 0.080294
vt 0.883337 0.050447
vt 0.841844 0.028269
vt 0.750000 0.010000
vt 0.703178 0.014612
vt 0.658156 0.028269
vt 0.616663 0.050447
vt 0.580294 0.080294
vt 0.550447 0.116663
vt 0.528269 0.158156
vt 0.510000 0.250000
vt 0.514612 0.296822
vt 0.528269 0.341844
vt 0.550447 0.383337
vt 0.580294 0.419706
vt 0.616663 0.449553
vt 0.658156 0.471731
s 0
usemtl Green
f 700/1018/513 701/1019/513 699/1020/513
f 702/1021/514 703/1022/514 701/1019/514
f 704/1023/515 705/1024/515 703/1022/515
f 706/1025/516 707/1026/516 705/1024/516
f 708/1027/517 709/1028/517 707/1026/517
f 709/1028/518 712/1029/518 711/1030/518
f 712/1029/519 713/1031/519 711/1030/519
f 714/1032/520 715/1033/520 713/1031/520
f 715/1033/521 718/1034/521 717/1035/521
f 717/1035/522 720/1036/522 719/1037/522
f 720/1036/523 721/1038/523 719/1037/523
f 722/1039/524 723/1040/524 721/1038/524
f 724/1041/525 725/1042/525 723/1040/525
f 726/1043/526 727/1044/526 725/1042/526
f 728/1045/527 729/1046/527 727/1044/527
f 730/1047/528 731/1048/528 729/1046/528
f 732/1049/529 733/1050/529 731/1048/529
f 734/1051/530 735/1052/530 733/1050/530
f 736/1053/531 737/1054/531 735/1052/531
f 738/1055/532 739/1056/532 737/1054/532
f 740/1057/533 741/1058/533 739/1056/533
f 742/1059/534 743/1060/534 741/1058/534
f 743/1060/535 746/1061/535 745/1062/535
f 746/1061/536 747/1063/536 745/1062/536
f 748/1064/537 749/1065/537 747/1063/537
f 750/1066/538 751/1067/538 749/1065/538
f 751/1067/539 754/1068/539 753/1069/539
f 754/1068/540 755/1070/540 753/1069/540
f 756/1071/541 757/1072/541 755/1070/541
f 758/1073/542 759/1074/542 757/1072/542
f 736/1075/543 720/1076/543 704/1077/543
f 760/1078/544 761/1079/544 759/1074/544
f 762/1080/545 699/1081/545 761/1079/545
f 729/1082/546 745/1083/546 761/1084/546
f 700/1018/513 702/1021/513 701/1019/513
f 702/1021/514 704/1023/514 703/1022/514
f 704/1023/515 706/1025/515 705/1024/515
f 706/1025/516 708/1027/516 707/1026/516
f 708/1027/517 710/1085/517 709/1028/517
f 709/1028/518 710/1085/518 712/1029/518
f 712/1029/519 714/1032/519 713/1031/519
f 714/1032/520 716/1086/520 715/1033/520
f 715/1033/521 716/1086/521 718/1034/521
f 717/1035/522 718/1034/522 720/1036/522
f 720/1036/523 722/1039/523 721/1038/523
f 722/1039/524 724/1041/524 723/1040/524
f 724/1041/525 726/1043/525 725/1042/525
f 726/1043/526 728/1045/526 727/1044/526
f 728/1045/527 730/1047/527 729/1046/527
f 730/1047/528 732/1049/528 731/1048/528
f 732/1049/529 734/1051/529 733/1050/529
f 734/1051/530 736/1053/530 735/1052/530
f 736/1053/531 738/1055/531 737/1054/531
f 738/1055/532 740/1057/532 739/1056/532
f 740/1057/533 742/1059/533 741/1058/533
f 742/1059/534 744/1087/534 743/1060/534
f 743/1060/535 744/1087/535 746/1061/535
f 746/1061/536 748/1064/536 747/1063/536
f 748/1064/537 750/1066/537 749/1065/537
f 750/1066/538 752/1088/538 751/1067/538
f 751/1067/539 752/1088/539 754/1068/539
f 754/1068/540 756/1071/540 755/1070/540
f 756/1071/541 758/1073/541 757/1072/541
f 758/1073/542 760/1078/542 759/1074/542
f 704/1077/543 702/1089/543 700/1090/543
f 700/1090/543 762/1091/543 760/1092/543
f 760/1092/543 758/1093/543 756/1094/543
f 756/1094/543 754/1095/543 752/1096/543
f 752/1096/543 750/1097/543 748/1098/543
f 748/1098/543 746/1099/543 744/1100/543
f 744/1100/543 742/1101/543 740/1102/543
f 740/1102/543 738/1103/543 736/1075/543
f 736/1075/543 734/1104/543 732/1105/543
f 732/1105/543 730/1106/543 728/1107/543
f 728/1107/543 726/1108/543 724/1109/543
f 724/1109/543 722/1110/543 720/1076/543
f 720/1076/543 718/1111/543 716/1112/543
f 716/1112/543 714/1113/543 712/1114/543
f 712/1114/543 710/1115/543 708/1116/543
f 708/1116/543 706/1117/543 704/1077/543
f 704/1077/543 700/1090/543 760/1092/543
f 760/1092/543 756/1094/543 752/1096/543
f 752/1096/543 748/1098/543 744/1100/543
f 744/1100/543 740/1102/543 736/1075/543
f 736/1075/543 732/1105/543 728/1107/543
f 728/1107/543 724/1109/543 720/1076/543
f 720/1076/543 716/1112/543 712/1114/543
f 712/1114/543 708/1116/543 704/1077/543
f 704/1077/543 760/1092/543 752/1096/543
f 752/1096/543 744/1100/543 736/1075/543
f 736/1075/543 728/1107/543 720/1076/543
f 720/1076/543 712/1114/543 704/1077/543
f 704/1077/543 752/1096/543 736/1075/543
f 760/1078/544 762/1080/544 761/1079/544
f 762/1080/545 700/1118/545 699/1081/545
f 761/1084/546 699/1119/546 701/1120/546
f 701/1120/546 703/1121/546 705/1122/546
f 705/1122/546 707/1123/546 709/1124/546
f 709/1124/546 711/1125/546 713/1126/546
f 713/1126/546 715/1127/546 717/1128/546
f 717/1128/546 719/1129/546 721/1130/546
f 721/1130/546 723/1131/546 725/1132/546
f 725/1132/546 727/1133/546 729/1082/546
f 729/1082/546 731/1134/546 733/1135/546
f 733/1135/546 735/1136/546 737/1137/546
f 737/1137/546 739/1138/546 741/1139/546
f 741/1139/546 743/1140/546 745/1083/546
f 745/1083/546 747/1141/546 749/1142/546
f 749/1142/546 751/1143/546 753/1144/546
f 753/1144/546 755/1145/546 757/1146/546
f 757/1146/546 759/1147/546 761/1084/546
f 761/1084/546 701/1120/546 705/1122/546
f 705/1122/546 709/1124/546 713/1126/546
f 713/1126/546 717/1128/546 721/1130/546
f 721/1130/546 725/1132/546 729/1082/546
f 729/1082/546 733/1135/546 737/1137/546
f 737/1137/546 741/1139/546 745/1083/546
f 745/1083/546 749/1142/546 753/1144/546
f 753/1144/546 757/1146/546 761/1084/546
f 761/1084/546 705/1122/546 713/1126/546
f 713/1126/546 721/1130/546 729/1082/546
f 729/1082/546 737/1137/546 745/1083/546
f 745/1083/546 753/1144/546 761/1084/546
f 761/1084/546 713/1126/546 729/1082/546
o Weel.003
v -1.425333 0.449991 -0.069540
v -0.975333 0.449991 -0.069540
v -1.425333 0.441344 -0.157331
v -0.975333 0.441344 -0.157331
v -1.425333 0.415737 -0.241748
v -0.975333 0.415737 -0.241748
v -1.425333 0.374152 -0.319547
v -0.975333 0.374152 -0.319547
v -1.425333 0.318189 -0.387738
v -0.975333 0.318189 -0.387738
v -1.425333 0.249998 -0.443701
v -0.975333 0.249997 -0.443701
v -1.425333 0.172198 -0.485286
v -0.975333 0.172198 -0.485286
v -1.425333 0.087782 -0.510893
v -0.975333 0.087782 -0.510893
v -1.425333 -0.000009 -0.519540
v -0.975333 -0.000009 -0.519540
v -1.425333 -0.087800 -0.510893
v -0.975333 -0.087800 -0.510893
v -1.425333 -0.172217 -0.485286
v -0.975333 -0.172217 -0.485286
v -1.425333 -0.250016 -0.443701
v -0.975333 -0.250016 -0.443701
v -1.425333 -0.318207 -0.387738
v -0.975333 -0.318207 -0.387738
v -1.425333 -0.374170 -0.319547
v -0.975333 -0.374170 -0.319547
v -1.425333 -0.415755 -0.241748
v -0.975333 -0.415755 -0.241748
v -1.425333 -0.441362 -0.157331
v -0.975333 -0.441363 -0.157331
v -1.425333 -0.450009 -0.069540
v -0.975333 -0.450009 -0.069540
v -1.425333 -0.441362 0.018251
v -0.975333 -0.441363 0.018251
v -1.425333 -0.415755 0.102668
v -0.975333 -0.415755 0.102668
v -1.425333 -0.374170 0.180467
v -0.975333 -0.374170 0.180467
v -1.425333 -0.318207 0.248658
v -0.975333 -0.318207 0.248658
v -1.425333 -0.250016 0.304621
v -0.975333 -0.250016 0.304621
v -1.425333 -0.172217 0.346206
v -0.975333 -0.172217 0.346206
v -1.425333 -0.087800 0.371813
v -0.975333 -0.087800 0.371813
v -1.425333 -0.000009 0.380460
v -0.975333 -0.000009 0.380460
v -1.425333 0.087782 0.371813
v -0.975333 0.087782 0.371813
v -1.425333 0.172198 0.346206
v -0.975333 0.172198 0.346206
v -1.425333 0.249998 0.304621
v -0.975333 0.249997 0.304621
v -1.425333 0.318189 0.248658
v -0.975333 0.318189 0.248658
v -1.425333 0.374152 0.180467
v -0.975333 0.374152 0.180467
v -1.425333 0.415737 0.102668
v -0.975333 0.415737 0.102668
v -1.425333 0.441344 0.018251
v -0.975333 0.441344 0.018251
vn -0.0000 0.9952 -0.0980
vn -0.0000 0.9569 -0.2903
vn -0.0000 0.8819 -0.4714
vn -0.0000 0.7730 -0.6344
vn -0.0000 0.6344 -0.7730
vn -0.0000 0.4714 -0.8819
vn -0.0000 0.2903 -0.9569
vn -0.0000 0.0980 -0.9952
vn -0.0000 -0.0980 -0.9952
vn -0.0000 -0.2903 -0.9569
vn -0.0000 -0.4714 -0.8819
vn -0.0000 -0.6344 -0.7730
vn -0.0000 -0.7730 -0.6344
vn -0.0000 -0.8819 -0.4714
vn -0.0000 -0.9569 -0.2903
vn -0.0000 -0.9952 -0.0980
vn -0.0000 -0.9952 0.0980
vn -0.0000 -0.9569 0.2903
vn -0.0000 -0.8819 0.4714
vn -0.0000 -0.7730 0.6344
vn -0.0000 -0.6344 0.7730
vn -0.0000 -0.4714 0.8819
vn -0.0000 -0.2903 0.9569
vn -0.0000 -0.0980 0.9952
vn -0.0000 0.0980 0.9952
vn -0.0000 0.2903 0.9569
vn -0.0000 0.4714 0.8819
vn -0.0000 0.6344 0.7730
vn -0.0000 0.7730 0.6344
vn -0.0000 0.8819 0.4714
vn 1.0000 -0.0000 -0.0000
vn -0.0000 0.9569 0.2903
vn -0.0000 0.9952 0.0980
vn -1.0000 -0.0000 -0.0000
vt 1.000000 1.000000
vt 0.968750 0.500000
vt 1.000000 0.500000
vt 0.968750 1.000000
vt 0.937500 0.500000
vt 0.937500 1.000000
vt 0.906250 0.500000
vt 0.906250 1.000000
vt 0.875000 0.500000
vt 0.875000 1.000000
vt 0.843750 0.500000
vt 0.812500 1.000000
vt 0.812500 0.500000
vt 0.781250 0.500000
vt 0.781250 1.000000
vt 0.750000 0.500000
vt 0.718750 1.000000
vt 0.718750 0.500000
vt 0.687500 1.000000
vt 0.687500 0.500000
vt 0.656250 0.500000
vt 0.656250 1.000000
vt 0.625000 0.500000
vt 0.625000 1.000000
vt 0.593750 0.500000
vt 0.593750 1.000000
vt 0.562500 0.500000
vt 0.562500 1.000000
vt 0.531250 0.500000
vt 0.531250 1.000000
vt 0.500000 0.500000
vt 0.500000 1.000000
vt 0.468750 0.500000
vt 0.468750 1.000000
vt 0.437500 0.500000
vt 0.437500 1.000000
vt 0.406250 0.500000
vt 0.406250 1.000000
vt 0.375000 0.500000
vt 0.375000 1.000000
vt 0.343750 0.500000
vt 0.343750 1.000000
vt 0.312500 0.500000
vt 0.281250 1.000000
vt 0.281250 0.500000
vt 0.250000 0.500000
vt 0.250000 1.000000
vt 0.218750 0.500000
vt 0.218750 1.000000
vt 0.187500 0.500000
vt 0.156250 1.000000
vt 0.156250 0.500000
vt 0.125000 0.500000
vt 0.125000 1.000000
vt 0.093750 0.500000
vt 0.093750 1.000000
vt 0.062500 0.500000
vt 0.158156 0.028269
vt 0.471731 0.158156
vt 0.341844 0.471731
vt 0.062500 1.000000
vt 0.031250 0.500000
vt 0.031250 1.000000
vt 0.000000 0.500000
vt 0.796822 0.014612
vt 0.514612 0.203178
vt 0.703178 0.485388
vt 0.843750 1.000000
vt 0.750000 1.000000
vt 0.312500 1.000000
vt 0.187500 1.000000
vt 0.296822 0.485388
vt 0.250000 0.490000
vt 0.203178 0.485388
vt 0.158156 0.471731
vt 0.116663 0.449553
vt 0.080294 0.419706
vt 0.050447 0.383337
vt 0.028269 0.341844
vt 0.014612 0.296822
vt 0.010000 0.250000
vt 0.014612 0.203178
vt 0.028269 0.158156
vt 0.050447 0.116663
vt 0.080294 0.080294
vt 0.116663 0.050447
vt 0.203178 0.014612
vt 0.250000 0.010000
vt 0.296822 0.014612
vt 0.341844 0.028269
vt 0.383337 0.050447
vt 0.419706 0.080294
vt 0.449553 0.116663
vt 0.485388 0.203178
vt 0.490000 0.250000
vt 0.485388 0.296822
vt 0.471731 0.341844
vt 0.449553 0.383337
vt 0.419706 0.419706
vt 0.383337 0.449553
vt 0.000000 1.000000
vt 0.750000 0.490000
vt 0.796822 0.485388
vt 0.841844 0.471731
vt 0.883337 0.449553
vt 0.919706 0.419706
vt 0.949553 0.383337
vt 0.971731 0.341844
vt 0.985388 0.296822
vt 0.990000 0.250000
vt 0.985388 0.203178
vt 0.971731 0.158156
vt 0.949553 0.116663
vt 0.919706 0.080294
vt 0.883337 0.050447
vt 0.841844 0.028269
vt 0.750000 0.010000
vt 0.703178 0.014612
vt 0.658156 0.028269
vt 0.616663 0.050447
vt 0.580294 0.080294
vt 0.550447 0.116663
vt 0.528269 0.158156
vt 0.510000 0.250000
vt 0.514612 0.296822
vt 0.528269 0.341844
vt 0.550447 0.383337
vt 0.580294 0.419706
vt 0.616663 0.449553
vt 0.658156 0.471731
s 0
usemtl Green
f 764/1148/547 765/1149/547 763/1150/547
f 766/1151/548 767/1152/548 765/1149/548
f 768/1153/549 769/1154/549 767/1152/549
f 770/1155/550 771/1156/550 769/1154/550
f 772/1157/551 773/1158/551 771/1156/551
f 773/1158/552 776/1159/552 775/1160/552
f 776/1159/553 777/1161/553 775/1160/553
f 778/1162/554 779/1163/554 777/1161/554
f 779/1163/555 782/1164/555 781/1165/555
f 781/1165/556 784/1166/556 783/1167/556
f 784/1166/557 785/1168/557 783/1167/557
f 786/1169/558 787/1170/558 785/1168/558
f 788/1171/559 789/1172/559 787/1170/559
f 790/1173/560 791/1174/560 789/1172/560
f 792/1175/561 793/1176/561 791/1174/561
f 794/1177/562 795/1178/562 793/1176/562
f 796/1179/563 797/1180/563 795/1178/563
f 798/1181/564 799/1182/564 797/1180/564
f 800/1183/565 801/1184/565 799/1182/565
f 802/1185/566 803/1186/566 801/1184/566
f 804/1187/567 805/1188/567 803/1186/567
f 806/1189/568 807/1190/568 805/1188/568
f 807/1190/569 810/1191/569 809/1192/569
f 810/1191/570 811/1193/570 809/1192/570
f 812/1194/571 813/1195/571 811/1193/571
f 814/1196/572 815/1197/572 813/1195/572
f 815/1197/573 818/1198/573 817/1199/573
f 818/1198/574 819/1200/574 817/1199/574
f 820/1201/575 821/1202/575 819/1200/575
f 822/1203/576 823/1204/576 821/1202/576
f 800/1205/577 784/1206/577 768/1207/577
f 824/1208/578 825/1209/578 823/1204/578
f 826/1210/579 763/1211/579 825/1209/579
f 793/1212/580 809/1213/580 825/1214/580
f 764/1148/547 766/1151/547 765/1149/547
f 766/1151/548 768/1153/548 767/1152/548
f 768/1153/549 770/1155/549 769/1154/549
f 770/1155/550 772/1157/550 771/1156/550
f 772/1157/551 774/1215/551 773/1158/551
f 773/1158/552 774/1215/552 776/1159/552
f 776/1159/553 778/1162/553 777/1161/553
f 778/1162/554 780/1216/554 779/1163/554
f 779/1163/555 780/1216/555 782/1164/555
f 781/1165/556 782/1164/556 784/1166/556
f 784/1166/557 786/1169/557 785/1168/557
f 786/1169/558 788/1171/558 787/1170/558
f 788/1171/559 790/1173/559 789/1172/559
f 790/1173/560 792/1175/560 791/1174/560
f 792/1175/561 794/1177/561 793/1176/561
f 794/1177/562 796/1179/562 795/1178/562
f 796/1179/563 798/1181/563 797/1180/563
f 798/1181/564 800/1183/564 799/1182/564
f 800/1183/565 802/1185/565 801/1184/565
f 802/1185/566 804/1187/566 803/1186/566
f 804/1187/567 806/1189/567 805/1188/567
f 806/1189/568 808/1217/568 807/1190/568
f 807/1190/569 808/1217/569 810/1191/569
f 810/1191/570 812/1194/570 811/1193/570
f 812/1194/571 814/1196/571 813/1195/571
f 814/1196/572 816/1218/572 815/1197/572
f 815/1197/573 816/1218/573 818/1198/573
f 818/1198/574 820/1201/574 819/1200/574
f 820/1201/575 822/1203/575 821/1202/575
f 822/1203/576 824/1208/576 823/1204/576
f 768/1207/577 766/1219/577 764/1220/577
f 764/1220/577 826/1221/577 824/1222/577
f 824/1222/577 822/1223/577 820/1224/577
f 820/1224/577 818/1225/577 816/1226/577
f 816/1226/577 814/1227/577 812/1228/577
f 812/1228/577 810/1229/577 808/1230/577
f 808/1230/577 806/1231/577 804/1232/577
f 804/1232/577 802/1233/577 800/1205/577
f 800/1205/577 798/1234/577 796/1235/577
f 796/1235/577 794/1236/577 792/1237/577
f 792/1237/577 790/1238/577 788/1239/577
f 788/1239/577 786/1240/577 784/1206/577
f 784/1206/577 782/1241/577 780/1242/577
f 780/1242/577 778/1243/577 776/1244/577
f 776/1244/577 774/1245/577 772/1246/577
f 772/1246/577 770/1247/577 768/1207/577
f 768/1207/577 764/1220/577 824/1222/577
f 824/1222/577 820/1224/577 816/1226/577
f 816/1226/577 812/1228/577 808/1230/577
f 808/1230/577 804/1232/577 800/1205/577
f 800/1205/577 796/1235/577 792/1237/577
f 792/1237/577 788/1239/577 784/1206/577
f 784/1206/577 780/1242/577 776/1244/577
f 776/1244/577 772/1246/577 768/1207/577
f 768/1207/577 824/1222/577 816/1226/577
f 816/1226/577 808/1230/577 800/1205/577
f 800/1205/577 792/1237/577 784/1206/577
f 784/1206/577 776/1244/577 768/1207/577
f 768/1207/577 816/1226/577 800/1205/577
f 824/1208/578 826/1210/578 825/1209/578
f 826/1210/579 764/1248/579 763/1211/579
f 825/1214/580 763/1249/580 765/1250/580
f 765/1250/580 767/1251/580 769/1252/580
f 769/1252/580 771/1253/580 773/1254/580
f 773/1254/580 775/1255/580 777/1256/580
f 777/1256/580 779/1257/580 781/1258/580
f 781/1258/580 783/1259/580 785/1260/580
f 785/1260/580 787/1261/580 789/1262/580
f 789/1262/580 791/1263/580 793/1212/580
f 793/1212/580 795/1264/580 797/1265/580
f 797/1265/580 799/1266/580 801/1267/580
f 801/1267/580 803/1268/580 805/1269/580
f 805/1269/580 807/1270/580 809/1213/580
f 809/1213/580 811/1271/580 813/1272/580
f 813/1272/580 815/1273/580 817/1274/580
f 817/1274/580 819/1275/580 821/1276/580
f 821/1276/580 823/1277/580 825/1214/580
f 825/1214/580 765/1250/580 769/1252/580
f 769/1252/580 773/1254/580 777/1256/580
f 777/1256/580 781/1258/580 785/1260/580
f 785/1260/580 789/1262/580 793/1212/580
f 793/1212/580 797/1265/580 801/1267/580
f 801/1267/580 805/1269/580 809/1213/580
f 809/1213/580 813/1272/580 817/1274/580
f 817/1274/580 821/1276/580 825/1214/580
f 825/1214/580 769/1252/580 777/1256/580
f 777/1256/580 785/1260/580 793/1212/580
f 793/1212/580 801/1267/580 809/1213/580
f 809/1213/580 817/1274/580 825/1214/580
f 825/1214/580 777/1256/580 793/1212/580
o Weel.004
v -1.425333 0.449991 0.890460
v -0.975333 0.449991 0.890460
v -1.425333 0.441344 0.802670
v -0.975333 0.441344 0.802669
v -1.425333 0.415737 0.718253
v -0.975333 0.415737 0.718253
v -1.425333 0.374152 0.640454
v -0.975333 0.374152 0.640454
v -1.425333 0.318189 0.572262
v -0.975333 0.318189 0.572262
v -1.425333 0.249998 0.516299
v -0.975333 0.249997 0.516299
v -1.425333 0.172198 0.474714
v -0.975333 0.172198 0.474714
v -1.425333 0.087782 0.449107
v -0.975333 0.087782 0.449107
v -1.425333 -0.000009 0.440460
v -0.975333 -0.000009 0.440460
v -1.425333 -0.087800 0.449107
v -0.975333 -0.087800 0.449107
v -1.425333 -0.172217 0.474714
v -0.975333 -0.172217 0.474714
v -1.425333 -0.250016 0.516299
v -0.975333 -0.250016 0.516299
v -1.425333 -0.318207 0.572262
v -0.975333 -0.318207 0.572262
v -1.425333 -0.374170 0.640454
v -0.975333 -0.374170 0.640454
v -1.425333 -0.415755 0.718253
v -0.975333 -0.415755 0.718253
v -1.425333 -0.441362 0.802670
v -0.975333 -0.441363 0.802669
v -1.425333 -0.450009 0.890460
v -0.975333 -0.450009 0.890460
v -1.425333 -0.441362 0.978251
v -0.975333 -0.441363 0.978251
v -1.425333 -0.415755 1.062668
v -0.975333 -0.415755 1.062668
v -1.425333 -0.374170 1.140467
v -0.975333 -0.374170 1.140467
v -1.425333 -0.318207 1.208658
v -0.975333 -0.318207 1.208658
v -1.425333 -0.250016 1.264621
v -0.975333 -0.250016 1.264621
v -1.425333 -0.172217 1.306206
v -0.975333 -0.172217 1.306206
v -1.425333 -0.087800 1.331813
v -0.975333 -0.087800 1.331813
v -1.425333 -0.000009 1.340460
v -0.975333 -0.000009 1.340460
v -1.425333 0.087782 1.331813
v -0.975333 0.087782 1.331813
v -1.425333 0.172198 1.306206
v -0.975333 0.172198 1.306206
v -1.425333 0.249998 1.264621
v -0.975333 0.249997 1.264621
v -1.425333 0.318189 1.208658
v -0.975333 0.318189 1.208658
v -1.425333 0.374152 1.140467
v -0.975333 0.374152 1.140467
v -1.425333 0.415737 1.062668
v -0.975333 0.415737 1.062668
v -1.425333 0.441344 0.978251
v -0.975333 0.441344 0.978251
vn -0.0000 0.9952 -0.0980
vn -0.0000 0.9569 -0.2903
vn -0.0000 0.8819 -0.4714
vn -0.0000 0.7730 -0.6344
vn -0.0000 0.6344 -0.7730
vn -0.0000 0.4714 -0.8819
vn -0.0000 0.2903 -0.9569
vn -0.0000 0.0980 -0.9952
vn -0.0000 -0.0980 -0.9952
vn -0.0000 -0.2903 -0.9569
vn -0.0000 -0.4714 -0.8819
vn -0.0000 -0.6344 -0.7730
vn -0.0000 -0.7730 -0.6344
vn -0.0000 -0.8819 -0.4714
vn -0.0000 -0.9569 -0.2903
vn -0.0000 -0.9952 -0.0980
vn -0.0000 -0.9952 0.0980
vn -0.0000 -0.9569 0.2903
vn -0.0000 -0.8819 0.4714
vn -0.0000 -0.7730 0.6344
vn -0.0000 -0.6344 0.7730
vn -0.0000 -0.4714 0.8819
vn -0.0000 -0.2903 0.9569
vn -0.0000 -0.0980 0.9952
vn -0.0000 0.0980 0.9952
vn -0.0000 0.2903 0.9569
vn -0.0000 0.4714 0.8819
vn -0.0000 0.6344 0.7730
vn -0.0000 0.7730 0.6344
vn -0.0000 0.8819 0.4714
vn 1.0000 -0.0000 -0.0000
vn -0.0000 0.9569 0.2903
vn -0.0000 0.9952 0.0980
vn -1.0000 -0.0000 -0.0000
vt 1.000000 1.000000
vt 0.968750 0.500000
vt 1.000000 0.500000
vt 0.968750 1.000000
vt 0.937500 0.500000
vt 0.937500 1.000000
vt 0.906250 0.500000
vt 0.906250 1.000000
vt 0.875000 0.500000
vt 0.875000 1.000000
vt 0.843750 0.500000
vt 0.812500 1.000000
vt 0.812500 0.500000
vt 0.781250 0.500000
vt 0.781250 1.000000
vt 0.750000 0.500000
vt 0.718750 1.000000
vt 0.718750 0.500000
vt 0.687500 1.000000
vt 0.687500 0.500000
vt 0.656250 0.500000
vt 0.656250 1.000000
vt 0.625000 0.500000
vt 0.625000 1.000000
vt 0.593750 0.500000
vt 0.593750 1.000000
vt 0.562500 0.500000
vt 0.562500 1.000000
vt 0.531250 0.500000
vt 0.531250 1.000000
vt 0.500000 0.500000
vt 0.500000 1.000000
vt 0.468750 0.500000
vt 0.468750 1.000000
vt 0.437500 0.500000
vt 0.437500 1.000000
vt 0.406250 0.500000
vt 0.406250 1.000000
vt 0.375000 0.500000
vt 0.375000 1.000000
vt 0.343750 0.500000
vt 0.343750 1.000000
vt 0.312500 0.500000
vt 0.281250 1.000000
vt 0.281250 0.500000
vt 0.250000 0.500000
vt 0.250000 1.000000
vt 0.218750 0.500000
vt 0.218750 1.000000
vt 0.187500 0.500000
vt 0.156250 1.000000
vt 0.156250 0.500000
vt 0.125000 0.500000
vt 0.125000 1.000000
vt 0.093750 0.500000
vt 0.093750 1.000000
vt 0.062500 0.500000
vt 0.158156 0.028269
vt 0.471731 0.158156
vt 0.341844 0.471731
vt 0.062500 1.000000
vt 0.031250 0.500000
vt 0.031250 1.000000
vt 0.000000 0.500000
vt 0.796822 0.014612
vt 0.514612 0.203178
vt 0.703178 0.485388
vt 0.843750 1.000000
vt 0.750000 1.000000
vt 0.312500 1.000000
vt 0.187500 1.000000
vt 0.296822 0.485388
vt 0.250000 0.490000
vt 0.203178 0.485388
vt 0.158156 0.471731
vt 0.116663 0.449553
vt 0.080294 0.419706
vt 0.050447 0.383337
vt 0.028269 0.341844
vt 0.014612 0.296822
vt 0.010000 0.250000
vt 0.014612 0.203178
vt 0.028269 0.158156
vt 0.050447 0.116663
vt 0.080294 0.080294
vt 0.116663 0.050447
vt 0.203178 0.014612
vt 0.250000 0.010000
vt 0.296822 0.014612
vt 0.341844 0.028269
vt 0.383337 0.050447
vt 0.419706 0.080294
vt 0.449553 0.116663
vt 0.485388 0.203178
vt 0.490000 0.250000
vt 0.485388 0.296822
vt 0.471731 0.341844
vt 0.449553 0.383337
vt 0.419706 0.419706
vt 0.383337 0.449553
vt 0.000000 1.000000
vt 0.750000 0.490000
vt 0.796822 0.485388
vt 0.841844 0.471731
vt 0.883337 0.449553
vt 0.919706 0.419706
vt 0.949553 0.383337
vt 0.971731 0.341844
vt 0.985388 0.296822
vt 0.990000 0.250000
vt 0.985388 0.203178
vt 0.971731 0.158156
vt 0.949553 0.116663
vt 0.919706 0.080294
vt 0.883337 0.050447
vt 0.841844 0.028269
vt 0.750000 0.010000
vt 0.703178 0.014612
vt 0.658156 0.028269
vt 0.616663 0.050447
vt 0.580294 0.080294
vt 0.550447 0.116663
vt 0.528269 0.158156
vt 0.510000 0.250000
vt 0.514612 0.296822
vt 0.528269 0.341844
vt 0.550447 0.383337
vt 0.580294 0.419706
vt 0.616663 0.449553
vt 0.658156 0.471731
s 0
usemtl Green
f 828/1278/581 829/1279/581 827/1280/581
f 830/1281/582 831/1282/582 829/1279/582
f 832/1283/583 833/1284/583 831/1282/583
f 834/1285/584 835/1286/584 833/1284/584
f 836/1287/585 837/1288/585 835/1286/585
f 837/1288/586 840/1289/586 839/1290/586
f 840/1289/587 841/1291/587 839/1290/587
f 842/1292/588 843/1293/588 841/1291/588
f 843/1293/589 846/1294/589 845/1295/589
f 845/1295/590 848/1296/590 847/1297/590
f 848/1296/591 849/1298/591 847/1297/591
f 850/1299/592 851/1300/592 849/1298/592
f 852/1301/593 853/1302/593 851/1300/593
f 854/1303/594 855/1304/594 853/1302/594
f 856/1305/595 857/1306/595 855/1304/595
f 858/1307/596 859/1308/596 857/1306/596
f 860/1309/597 861/1310/597 859/1308/597
f 862/1311/598 863/1312/598 861/1310/598
f 864/1313/599 865/1314/599 863/1312/599
f 866/1315/600 867/1316/600 865/1314/600
f 868/1317/601 869/1318/601 867/1316/601
f 870/1319/602 871/1320/602 869/1318/602
f 871/1320/603 874/1321/603 873/1322/603
f 874/1321/604 875/1323/604 873/1322/604
f 876/1324/605 877/1325/605 875/1323/605
f 878/1326/606 879/1327/606 877/1325/606
f 879/1327/607 882/1328/607 881/1329/607
f 882/1328/608 883/1330/608 881/1329/608
f 884/1331/609 885/1332/609 883/1330/609
f 886/1333/610 887/1334/610 885/1332/610
f 864/1335/611 848/1336/611 832/1337/611
f 888/1338/612 889/1339/612 887/1334/612
f 890/1340/613 827/1341/613 889/1339/613
f 857/1342/614 873/1343/614 889/1344/614
f 828/1278/581 830/1281/581 829/1279/581
f 830/1281/582 832/1283/582 831/1282/582
f 832/1283/583 834/1285/583 833/1284/583
f 834/1285/584 836/1287/584 835/1286/584
f 836/1287/585 838/1345/585 837/1288/585
f 837/1288/586 838/1345/586 840/1289/586
f 840/1289/587 842/1292/587 841/1291/587
f 842/1292/588 844/1346/588 843/1293/588
f 843/1293/589 844/1346/589 846/1294/589
f 845/1295/590 846/1294/590 848/1296/590
f 848/1296/591 850/1299/591 849/1298/591
f 850/1299/592 852/1301/592 851/1300/592
f 852/1301/593 854/1303/593 853/1302/593
f 854/1303/594 856/1305/594 855/1304/594
f 856/1305/595 858/1307/595 857/1306/595
f 858/1307/596 860/1309/596 859/1308/596
f 860/1309/597 862/1311/597 861/1310/597
f 862/1311/598 864/1313/598 863/1312/598
f 864/1313/599 866/1315/599 865/1314/599
f 866/1315/600 868/1317/600 867/1316/600
f 868/1317/601 870/1319/601 869/1318/601
f 870/1319/602 872/1347/602 871/1320/602
f 871/1320/603 872/1347/603 874/1321/603
f 874/1321/604 876/1324/604 875/1323/604
f 876/1324/605 878/1326/605 877/1325/605
f 878/1326/606 880/1348/606 879/1327/606
f 879/1327/607 880/1348/607 882/1328/607
f 882/1328/608 884/1331/608 883/1330/608
f 884/1331/609 886/1333/609 885/1332/609
f 886/1333/610 888/1338/610 887/1334/610
f 832/1337/611 830/1349/611 828/1350/611
f 828/1350/611 890/1351/611 888/1352/611
f 888/1352/611 886/1353/611 884/1354/611
f 884/1354/611 882/1355/611 880/1356/611
f 880/1356/611 878/1357/611 876/1358/611
f 876/1358/611 874/1359/611 872/1360/611
f 872/1360/611 870/1361/611 868/1362/611
f 868/1362/611 866/1363/611 864/1335/611
f 864/1335/611 862/1364/611 860/1365/611
f 860/1365/611 858/1366/611 856/1367/611
f 856/1367/611 854/1368/611 852/1369/611
f 852/1369/611 850/1370/611 848/1336/611
f 848/1336/611 846/1371/611 844/1372/611
f 844/1372/611 842/1373/611 840/1374/611
f 840/1374/611 838/1375/611 836/1376/611
f 836/1376/611 834/1377/611 832/1337/611
f 832/1337/611 828/1350/611 888/1352/611
f 888/1352/611 884/1354/611 880/1356/611
f 880/1356/611 876/1358/611 872/1360/611
f 872/1360/611 868/1362/611 864/1335/611
f 864/1335/611 860/1365/611 856/1367/611
f 856/1367/611 852/1369/611 848/1336/611
f 848/1336/611 844/1372/611 840/1374/611
f 840/1374/611 836/1376/611 832/1337/611
f 832/1337/611 888/1352/611 880/1356/611
f 880/1356/611 872/1360/611 864/1335/611
f 864/1335/611 856/1367/611 848/1336/611
f 848/1336/611 840/1374/611 832/1337/611
f 832/1337/611 880/1356/611 864/1335/611
f 888/1338/612 890/1340/612 889/1339/612
f 890/1340/613 828/1378/613 827/1341/613
f 889/1344/614 827/1379/614 829/1380/614
f 829/1380/614 831/1381/614 833/1382/614
f 833/1382/614 835/1383/614 837/1384/614
f 837/1384/614 839/1385/614 841/1386/614
f 841/1386/614 843/1387/614 845/1388/614
f 845/1388/614 847/1389/614 849/1390/614
f 849/1390/614 851/1391/614 853/1392/614
f 853/1392/614 855/1393/614 857/1342/614
f 857/1342/614 859/1394/614 861/1395/614
f 861/1395/614 863/1396/614 865/1397/614
f 865/1397/614 867/1398/614 869/1399/614
f 869/1399/614 871/1400/614 873/1343/614
f 873/1343/614 875/1401/614 877/1402/614
f 877/1402/614 879/1403/614 881/1404/614
f 881/1404/614 883/1405/614 885/1406/614
f 885/1406/614 887/1407/614 889/1344/614
f 889/1344/614 829/1380/614 833/1382/614
f 833/1382/614 837/1384/614 841/1386/614
f 841/1386/614 845/1388/614 849/1390/614
f 849/1390/614 853/1392/614 857/1342/614
f 857/1342/614 861/1395/614 865/1397/614
f 865/1397/614 869/1399/614 873/1343/614
f 873/1343/614 877/1402/614 881/1404/614
f 881/1404/614 885/1406/614 889/1344/614
f 889/1344/614 833/1382/614 841/1386/614
f 841/1386/614 849/1390/614 857/1342/614
f 857/1342/614 865/1397/614 873/1343/614
f 873/1343/614 881/1404/614 889/1344/614
f 889/1344/614 841/1386/614 857/1342/614
o Weel.005
v -1.425333 0.449991 1.850460
v -0.975333 0.449991 1.850460
v -1.425333 0.441344 1.762669
v -0.975333 0.441344 1.762669
v -1.425333 0.415737 1.678252
v -0.975333 0.415737 1.678252
v -1.425333 0.374152 1.600453
v -0.975333 0.374152 1.600453
v -1.425333 0.318189 1.532262
v -0.975333 0.318189 1.532262
v -1.425333 0.249998 1.476299
v -0.975333 0.249997 1.476299
v -1.425333 0.172198 1.434714
v -0.975333 0.172198 1.434714
v -1.425333 0.087782 1.409107
v -0.975333 0.087782 1.409107
v -1.425333 -0.000009 1.400460
v -0.975333 -0.000009 1.400460
v -1.425333 -0.087800 1.409107
v -0.975333 -0.087800 1.409107
v -1.425333 -0.172217 1.434714
v -0.975333 -0.172217 1.434714
v -1.425333 -0.250016 1.476299
v -0.975333 -0.250016 1.476299
v -1.425333 -0.318207 1.532262
v -0.975333 -0.318207 1.532262
v -1.425333 -0.374170 1.600453
v -0.975333 -0.374170 1.600453
v -1.425333 -0.415755 1.678252
v -0.975333 -0.415755 1.678252
v -1.425333 -0.441362 1.762669
v -0.975333 -0.441363 1.762669
v -1.425333 -0.450009 1.850460
v -0.975333 -0.450009 1.850460
v -1.425333 -0.441362 1.938251
v -0.975333 -0.441363 1.938251
v -1.425333 -0.415755 2.022667
v -0.975333 -0.415755 2.022667
v -1.425333 -0.374170 2.100466
v -0.975333 -0.374170 2.100466
v -1.425333 -0.318207 2.168658
v -0.975333 -0.318207 2.168658
v -1.425333 -0.250016 2.224621
v -0.975333 -0.250016 2.224621
v -1.425333 -0.172217 2.266206
v -0.975333 -0.172217 2.266206
v -1.425333 -0.087800 2.291813
v -0.975333 -0.087800 2.291813
v -1.425333 -0.000009 2.300460
v -0.975333 -0.000009 2.300460
v -1.425333 0.087782 2.291813
v -0.975333 0.087782 2.291813
v -1.425333 0.172198 2.266206
v -0.975333 0.172198 2.266206
v -1.425333 0.249998 2.224621
v -0.975333 0.249997 2.224621
v -1.425333 0.318189 2.168658
v -0.975333 0.318189 2.168658
v -1.425333 0.374152 2.100466
v -0.975333 0.374152 2.100466
v -1.425333 0.415737 2.022667
v -0.975333 0.415737 2.022667
v -1.425333 0.441344 1.938251
v -0.975333 0.441344 1.938251
vn -0.0000 0.9952 -0.0980
vn -0.0000 0.9569 -0.2903
vn -0.0000 0.8819 -0.4714
vn -0.0000 0.7730 -0.6344
vn -0.0000 0.6344 -0.7730
vn -0.0000 0.4714 -0.8819
vn -0.0000 0.2903 -0.9569
vn -0.0000 0.0980 -0.9952
vn -0.0000 -0.0980 -0.9952
vn -0.0000 -0.2903 -0.9569
vn -0.0000 -0.4714 -0.8819
vn -0.0000 -0.6344 -0.7730
vn -0.0000 -0.7730 -0.6344
vn -0.0000 -0.8819 -0.4714
vn -0.0000 -0.9569 -0.2903
vn -0.0000 -0.9952 -0.0980
vn -0.0000 -0.9952 0.0980
vn -0.0000 -0.9569 0.2903
vn -0.0000 -0.8819 0.4714
vn -0.0000 -0.7730 0.6344
vn -0.0000 -0.6344 0.7730
vn -0.0000 -0.4714 0.8819
vn -0.0000 -0.2903 0.9569
vn -0.0000 -0.0980 0.9952
vn -0.0000 0.0980 0.9952
vn -0.0000 0.2903 0.9569
vn -0.0000 0.4714 0.8819
vn -0.0000 0.6344 0.7730
vn -0.0000 0.7730 0.6344
vn -0.0000 0.8819 0.4714
vn 1.0000 -0.0000 -0.0000
vn -0.0000 0.9569 0.2903
vn -0.0000 0.9952 0.0980
vn -1.0000 -0.0000 -0.0000
vt 1.000000 1.000000
vt 0.968750 0.500000
vt 1.000000 0.500000
vt 0.968750 1.000000
vt 0.937500 0.500000
vt 0.937500 1.000000
vt 0.906250 0.500000
vt 0.906250 1.000000
vt 0.875000 0.500000
vt 0.875000 1.000000
vt 0.843750 0.500000
vt 0.812500 1.000000
vt 0.812500 0.500000
vt 0.781250 0.500000
vt 0.781250 1.000000
vt 0.750000 0.500000
vt 0.718750 1.000000
vt 0.718750 0.500000
vt 0.687500 1.000000
vt 0.687500 0.500000
vt 0.656250 0.500000
vt 0.656250 1.000000
vt 0.625000 0.500000
vt 0.625000 1.000000
vt 0.593750 0.500000
vt 0.593750 1.000000
vt 0.562500 0.500000
vt 0.562500 1.000000
vt 0.531250 0.500000
vt 0.531250 1.000000
vt 0.500000 0.500000
vt 0.500000 1.000000
vt 0.468750 0.500000
vt 0.468750 1.000000
vt 0.437500 0.500000
vt 0.437500 1.000000
vt 0.406250 0.500000
vt 0.406250 1.000000
vt 0.375000 0.500000
vt 0.375000 1.000000
vt 0.343750 0.500000
vt 0.343750 1.000000
vt 0.312500 0.500000
vt 0.281250 1.000000
vt 0.281250 0.500000
vt 0.250000 0.500000
vt 0.250000 1.000000
vt 0.218750 0.500000
vt 0.218750 1.000000
vt 0.187500 0.500000
vt 0.156250 1.000000
vt 0.156250 0.500000
vt 0.125000 0.500000
vt 0.125000 1.000000
vt 0.093750 0.500000
vt 0.093750 1.000000
vt 0.062500 0.500000
vt 0.158156 0.028269
vt 0.471731 0.158156
vt 0.341844 0.471731
vt 0.062500 1.000000
vt 0.031250 0.500000
vt 0.031250 1.000000
vt 0.000000 0.500000
vt 0.796822 0.014612
vt 0.514612 0.203178
vt 0.703178 0.485388
vt 0.843750 1.000000
vt 0.750000 1.000000
vt 0.312500 1.000000
vt 0.187500 1.000000
vt 0.296822 0.485388
vt 0.250000 0.490000
vt 0.203178 0.485388
vt 0.158156 0.471731
vt 0.116663 0.449553
vt 0.080294 0.419706
vt 0.050447 0.383337
vt 0.028269 0.341844
vt 0.014612 0.296822
vt 0.010000 0.250000
vt 0.014612 0.203178
vt 0.028269 0.158156
vt 0.050447 0.116663
vt 0.080294 0.080294
vt 0.116663 0.050447
vt 0.203178 0.014612
vt 0.250000 0.010000
vt 0.296822 0.014612
vt 0.341844 0.028269
vt 0.383337 0.050447
vt 0.419706 0.080294
vt 0.449553 0.116663
vt 0.485388 0.203178
vt 0.490000 0.250000
vt 0.485388 0.296822
vt 0.471731 0.341844
vt 0.449553 0.383337
vt 0.419706 0.419706
vt 0.383337 0.449553
vt 0.000000 1.000000
vt 0.750000 0.490000
vt 0.796822 0.485388
vt 0.841844 0.471731
vt 0.883337 0.449553
vt 0.919706 0.419706
vt 0.949553 0.383337
vt 0.971731 0.341844
vt 0.985388 0.296822
vt 0.990000 0.250000
vt 0.985388 0.203178
vt 0.971731 0.158156
vt 0.949553 0.116663
vt 0.919706 0.080294
vt 0.883337 0.050447
vt 0.841844 0.028269
vt 0.750000 0.010000
vt 0.703178 0.014612
vt 0.658156 0.028269
vt 0.616663 0.050447
vt 0.580294 0.080294
vt 0.550447 0.116663
vt 0.528269 0.158156
vt 0.510000 0.250000
vt 0.514612 0.296822
vt 0.528269 0.341844
vt 0.550447 0.383337
vt 0.580294 0.419706
vt 0.616663 0.449553
vt 0.658156 0.471731
s 0
usemtl Green
f 892/1408/615 893/1409/615 891/1410/615
f 894/1411/616 895/1412/616 893/1409/616
f 896/1413/617 897/1414/617 895/1412/617
f 898/1415/618 899/1416/618 897/1414/618
f 900/1417/619 901/1418/619 899/1416/619
f 901/1418/620 904/1419/620 903/1420/620
f 904/1419/621 905/1421/621 903/1420/621
f 906/1422/622 907/1423/622 905/1421/622
f 907/1423/623 910/1424/623 909/1425/623
f 909/1425/624 912/1426/624 911/1427/624
f 912/1426/625 913/1428/625 911/1427/625
f 914/1429/626 915/1430/626 913/1428/626
f 916/1431/627 917/1432/627 915/1430/627
f 918/1433/628 919/1434/628 917/1432/628
f 920/1435/629 921/1436/629 919/1434/629
f 922/1437/630 923/1438/630 921/1436/630
f 924/1439/631 925/1440/631 923/1438/631
f 926/1441/632 927/1442/632 925/1440/632
f 928/1443/633 929/1444/633 927/1442/633
f 930/1445/634 931/1446/634 929/1444/634
f 932/1447/635 933/1448/635 931/1446/635
f 934/1449/636 935/1450/636 933/1448/636
f 935/1450/637 938/1451/637 937/1452/637
f 938/1451/638 939/1453/638 937/1452/638
f 940/1454/639 941/1455/639 939/1453/639
f 942/1456/640 943/1457/640 941/1455/640
f 943/1457/641 946/1458/641 945/1459/641
f 946/1458/642 947/1460/642 945/1459/642
f 948/1461/643 949/1462/643 947/1460/643
f 950/1463/644 951/1464/644 949/1462/644
f 928/1465/645 912/1466/645 896/1467/645
f 952/1468/646 953/1469/646 951/1464/646
f 954/1470/647 891/1471/647 953/1469/647
f 921/1472/648 937/1473/648 953/1474/648
f 892/1408/615 894/1411/615 893/1409/615
f 894/1411/616 896/1413/616 895/1412/616
f 896/1413/617 898/1415/617 897/1414/617
f 898/1415/618 900/1417/618 899/1416/618
f 900/1417/619 902/1475/619 901/1418/619
f 901/1418/620 902/1475/620 904/1419/620
f 904/1419/621 906/1422/621 905/1421/621
f 906/1422/622 908/1476/622 907/1423/622
f 907/1423/623 908/1476/623 910/1424/623
f 909/1425/624 910/1424/624 912/1426/624
f 912/1426/625 914/1429/625 913/1428/625
f 914/1429/626 916/1431/626 915/1430/626
f 916/1431/627 918/1433/627 917/1432/627
f 918/1433/628 920/1435/628 919/1434/628
f 920/1435/629 922/1437/629 921/1436/629
f 922/1437/630 924/1439/630 923/1438/630
f 924/1439/631 926/1441/631 925/1440/631
f 926/1441/632 928/1443/632 927/1442/632
f 928/1443/633 930/1445/633 929/1444/633
f 930/1445/634 932/1447/634 931/1446/634
f 932/1447/635 934/1449/635 933/1448/635
f 934/1449/636 936/1477/636 935/1450/636
f 935/1450/637 936/1477/637 938/1451/637
f 938/1451/638 940/1454/638 939/1453/638
f 940/1454/639 942/1456/639 941/1455/639
f 942/1456/640 944/1478/640 943/1457/640
f 943/1457/641 944/1478/641 946/1458/641
f 946/1458/642 948/1461/642 947/1460/642
f 948/1461/643 950/1463/643 949/1462/643
f 950/1463/644 952/1468/644 951/1464/644
f 896/1467/645 894/1479/645 892/1480/645
f 892/1480/645 954/1481/645 952/1482/645
f 952/1482/645 950/1483/645 948/1484/645
f 948/1484/645 946/1485/645 944/1486/645
f 944/1486/645 942/1487/645 940/1488/645
f 940/1488/645 938/1489/645 936/1490/645
f 936/1490/645 934/1491/645 932/1492/645
f 932/1492/645 930/1493/645 928/1465/645
f 928/1465/645 926/1494/645 924/1495/645
f 924/1495/645 922/1496/645 920/1497/645
f 920/1497/645 918/1498/645 916/1499/645
f 916/1499/645 914/1500/645 912/1466/645
f 912/1466/645 910/1501/645 908/1502/645
f 908/1502/645 906/1503/645 904/1504/645
f 904/1504/645 902/1505/645 900/1506/645
f 900/1506/645 898/1507/645 896/1467/645
f 896/1467/645 892/1480/645 952/1482/645
f 952/1482/645 948/1484/645 944/1486/645
f 944/1486/645 940/1488/645 936/1490/645
f 936/1490/645 932/1492/645 928/1465/645
f 928/1465/645 924/1495/645 920/1497/645
f 920/1497/645 916/1499/645 912/1466/645
f 912/1466/645 908/1502/645 904/1504/645
f 904/1504/645 900/1506/645 896/1467/645
f 896/1467/645 952/1482/645 944/1486/645
f 944/1486/645 936/1490/645 928/1465/645
f 928/1465/645 920/1497/645 912/1466/645
f 912/1466/645 904/1504/645 896/1467/645
f 896/1467/645 944/1486/645 928/1465/645
f 952/1468/646 954/1470/646 953/1469/646
f 954/1470/647 892/1508/647 891/1471/647
f 953/1474/648 891/1509/648 893/1510/648
f 893/1510/648 895/1511/648 897/1512/648
f 897/1512/648 899/1513/648 901/1514/648
f 901/1514/648 903/1515/648 905/1516/648
f 905/1516/648 907/1517/648 909/1518/648
f 909/1518/648 911/1519/648 913/1520/648
f 913/1520/648 915/1521/648 917/1522/648
f 917/1522/648 919/1523/648 921/1472/648
f 921/1472/648 923/1524/648 925/1525/648
f 925/1525/648 927/1526/648 929/1527/648
f 929/1527/648 931/1528/648 933/1529/648
f 933/1529/648 935/1530/648 937/1473/648
f 937/1473/648 939/1531/648 941/1532/648
f 941/1532/648 943/1533/648 945/1534/648
f 945/1534/648 947/1535/648 949/1536/648
f 949/1536/648 951/1537/648 953/1474/648
f 953/1474/648 893/1510/648 897/1512/648
f 897/1512/648 901/1514/648 905/1516/648
f 905/1516/648 909/1518/648 913/1520/648
f 913/1520/648 917/1522/648 921/1472/648
f 921/1472/648 925/1525/648 929/1527/648
f 929/1527/648 933/1529/648 937/1473/648
f 937/1473/648 941/1532/648 945/1534/648
f 945/1534/648 949/1536/648 953/1474/648
f 953/1474/648 897/1512/648 905/1516/648
f 905/1516/648 913/1520/648 921/1472/648
f 921/1472/648 929/1527/648 937/1473/648
f 937/1473/648 945/1534/648 953/1474/648
f 953/1474/648 905/1516/648 921/1472/648
o Weel.006
v -1.425333 0.524991 2.650460
v -0.975333 0.524991 2.650460
v -1.425333 0.519226 2.591933
v -0.975333 0.519226 2.591933
v -1.425333 0.502155 2.535655
v -0.975333 0.502155 2.535655
v -1.425333 0.474432 2.483789
v -0.975333 0.474432 2.483789
v -1.425333 0.437123 2.438328
v -0.975333 0.437123 2.438328
v -1.425333 0.391662 2.401019
v -0.975333 0.391662 2.401019
v -1.425333 0.339796 2.373296
v -0.975333 0.339796 2.373296
v -1.425333 0.283518 2.356225
v -0.975333 0.283518 2.356225
v -1.425333 0.224991 2.350460
v -0.975333 0.224991 2.350460
v -1.425333 0.166464 2.356225
v -0.975333 0.166464 2.356225
v -1.425333 0.110186 2.373296
v -0.975333 0.110186 2.373296
v -1.425333 0.058320 2.401019
v -0.975333 0.058320 2.401019
v -1.425333 0.012859 2.438328
v -0.975333 0.012859 2.438328
v -1.425333 -0.024450 2.483789
v -0.975333 -0.024450 2.483789
v -1.425333 -0.052173 2.535655
v -0.975333 -0.052173 2.535655
v -1.425333 -0.069245 2.591933
v -0.975333 -0.069245 2.591933
v -1.425333 -0.075009 2.650460
v -0.975333 -0.075009 2.650460
v -1.425333 -0.069245 2.708987
v -0.975333 -0.069245 2.708987
v -1.425333 -0.052173 2.765265
v -0.975333 -0.052173 2.765265
v -1.425333 -0.024450 2.817131
v -0.975333 -0.024450 2.817131
v -1.425333 0.012859 2.862592
v -0.975333 0.012859 2.862592
v -1.425333 0.058320 2.899901
v -0.975333 0.058320 2.899901
v -1.425333 0.110186 2.927624
v -0.975333 0.110186 2.927624
v -1.425333 0.166464 2.944696
v -0.975333 0.166464 2.944696
v -1.425333 0.224991 2.950460
v -0.975333 0.224991 2.950460
v -1.425333 0.283518 2.944696
v -0.975333 0.283518 2.944696
v -1.425333 0.339796 2.927624
v -0.975333 0.339796 2.927624
v -1.425333 0.391662 2.899901
v -0.975333 0.391662 2.899901
v -1.425333 0.437123 2.862592
v -0.975333 0.437123 2.862592
v -1.425333 0.474432 2.817131
v -0.975333 0.474432 2.817131
v -1.425333 0.502155 2.765265
v -0.975333 0.502155 2.765265
v -1.425333 0.519226 2.708987
v -0.975333 0.519226 2.708987
vn -0.0000 0.9952 -0.0980
vn -0.0000 0.9569 -0.2903
vn -0.0000 0.8819 -0.4714
vn -0.0000 0.7730 -0.6344
vn -0.0000 0.6344 -0.7730
vn -0.0000 0.4714 -0.8819
vn -0.0000 0.2903 -0.9569
vn -0.0000 0.0980 -0.9952
vn -0.0000 -0.0980 -0.9952
vn -0.0000 -0.2903 -0.9569
vn -0.0000 -0.4714 -0.8819
vn -0.0000 -0.6344 -0.7730
vn -0.0000 -0.7730 -0.6344
vn -0.0000 -0.8819 -0.4714
vn -0.0000 -0.9569 -0.2903
vn -0.0000 -0.9952 -0.0980
vn -0.0000 -0.9952 0.0980
vn -0.0000 -0.9569 0.2903
vn -0.0000 -0.8819 0.4714
vn -0.0000 -0.7730 0.6344
vn -0.0000 -0.6344 0.7730
vn -0.0000 -0.4714 0.8819
vn -0.0000 -0.2903 0.9569
vn -0.0000 -0.0980 0.9952
vn -0.0000 0.0980 0.9952
vn -0.0000 0.2903 0.9569
vn -0.0000 0.4714 0.8819
vn -0.0000 0.6344 0.7730
vn -0.0000 0.7730 0.6344
vn -0.0000 0.8819 0.4714
vn 1.0000 -0.0000 -0.0000
vn -0.0000 0.9569 0.2903
vn -0.0000 0.9952 0.0980
vn -1.0000 -0.0000 -0.0000
vt 1.000000 1.000000
vt 0.968750 0.500000
vt 1.000000 0.500000
vt 0.968750 1.000000
vt 0.937500 0.500000
vt 0.937500 1.000000
vt 0.906250 0.500000
vt 0.906250 1.000000
vt 0.875000 0.500000
vt 0.875000 1.000000
vt 0.843750 0.500000
vt 0.843750 1.000000
vt 0.812500 0.500000
vt 0.812500 1.000000
vt 0.781250 0.500000
vt 0.781250 1.000000
vt 0.750000 0.500000
vt 0.750000 1.000000
vt 0.718750 0.500000
vt 0.718750 1.000000
vt 0.687500 0.500000
vt 0.687500 1.000000
vt 0.656250 0.500000
vt 0.656250 1.000000
vt 0.625000 0.500000
vt 0.625000 1.000000
vt 0.593750 0.500000
vt 0.593750 1.000000
vt 0.562500 0.500000
vt 0.562500 1.000000
vt 0.531250 0.500000
vt 0.531250 1.000000
vt 0.500000 0.500000
vt 0.500000 1.000000
vt 0.468750 0.500000
vt 0.468750 1.000000
vt 0.437500 0.500000
vt 0.437500 1.000000
vt 0.406250 0.500000
vt 0.375000 1.000000
vt 0.375000 0.500000
vt 0.343750 0.500000
vt 0.343750 1.000000
vt 0.312500 0.500000
vt 0.281250 1.000000
vt 0.281250 0.500000
vt 0.250000 0.500000
vt 0.218750 1.000000
vt 0.218750 0.500000
vt 0.187500 0.500000
vt 0.156250 1.000000
vt 0.156250 0.500000
vt 0.125000 0.500000
vt 0.125000 1.000000
vt 0.093750 0.500000
vt 0.093750 1.000000
vt 0.062500 0.500000
vt 0.158156 0.028269
vt 0.471731 0.158156
vt 0.341844 0.471731
vt 0.062500 1.000000
vt 0.031250 0.500000
vt 0.031250 1.000000
vt 0.000000 0.500000
vt 0.796822 0.014612
vt 0.514612 0.203178
vt 0.703178 0.485388
vt 0.406250 1.000000
vt 0.312500 1.000000
vt 0.250000 1.000000
vt 0.187500 1.000000
vt 0.296822 0.485388
vt 0.250000 0.490000
vt 0.203178 0.485388
vt 0.158156 0.471731
vt 0.116663 0.449553
vt 0.080294 0.419706
vt 0.050447 0.383337
vt 0.028269 0.341844
vt 0.014612 0.296822
vt 0.010000 0.250000
vt 0.014612 0.203178
vt 0.028269 0.158156
vt 0.050447 0.116663
vt 0.080294 0.080294
vt 0.116663 0.050447
vt 0.203178 0.014612
vt 0.250000 0.010000
vt 0.296822 0.014612
vt 0.341844 0.028269
vt 0.383337 0.050447
vt 0.419706 0.080294
vt 0.449553 0.116663
vt 0.485388 0.203178
vt 0.490000 0.250000
vt 0.485388 0.296822
vt 0.471731 0.341844
vt 0.449553 0.383337
vt 0.419706 0.419706
vt 0.383337 0.449553
vt 0.000000 1.000000
vt 0.750000 0.490000
vt 0.796822 0.485388
vt 0.841844 0.471731
vt 0.883337 0.449553
vt 0.919706 0.419706
vt 0.949553 0.383337
vt 0.971731 0.341844
vt 0.985388 0.296822
vt 0.990000 0.250000
vt 0.985388 0.203178
vt 0.971731 0.158156
vt 0.949553 0.116663
vt 0.919706 0.080294
vt 0.883337 0.050447
vt 0.841844 0.028269
vt 0.750000 0.010000
vt 0.703178 0.014612
vt 0.658156 0.028269
vt 0.616663 0.050447
vt 0.580294 0.080294
vt 0.550447 0.116663
vt 0.528269 0.158156
vt 0.510000 0.250000
vt 0.514612 0.296822
vt 0.528269 0.341844
vt 0.550447 0.383337
vt 0.580294 0.419706
vt 0.616663 0.449553
vt 0.658156 0.471731
s 0
usemtl Green
f 956/1538/649 957/1539/649 955/1540/649
f 958/1541/650 959/1542/650 957/1539/650
f 960/1543/651 961/1544/651 959/1542/651
f 962/1545/652 963/1546/652 961/1544/652
f 964/1547/653 965/1548/653 963/1546/653
f 966/1549/654 967/1550/654 965/1548/654
f 968/1551/655 969/1552/655 967/1550/655
f 970/1553/656 971/1554/656 969/1552/656
f 972/1555/657 973/1556/657 971/1554/657
f 974/1557/658 975/1558/658 973/1556/658
f 976/1559/659 977/1560/659 975/1558/659
f 978/1561/660 979/1562/660 977/1560/660
f 980/1563/661 981/1564/661 979/1562/661
f 982/1565/662 983/1566/662 981/1564/662
f 984/1567/663 985/1568/663 983/1566/663
f 986/1569/664 987/1570/664 985/1568/664
f 988/1571/665 989/1572/665 987/1570/665
f 990/1573/666 991/1574/666 989/1572/666
f 992/1575/667 993/1576/667 991/1574/667
f 993/1576/668 996/1577/668 995/1578/668
f 996/1577/669 997/1579/669 995/1578/669
f 998/1580/670 999/1581/670 997/1579/670
f 999/1581/671 1002/1582/671 1001/1583/671
f 1002/1582/672 1003/1584/672 1001/1583/672
f 1003/1584/673 1006/1585/673 1005/1586/673
f 1006/1585/674 1007/1587/674 1005/1586/674
f 1007/1587/675 1010/1588/675 1009/1589/675
f 1010/1588/676 1011/1590/676 1009/1589/676
f 1012/1591/677 1013/1592/677 1011/1590/677
f 1014/1593/678 1015/1594/678 1013/1592/678
f 992/1595/679 976/1596/679 960/1597/679
f 1016/1598/680 1017/1599/680 1015/1594/680
f 1018/1600/681 955/1601/681 1017/1599/681
f 985/1602/682 1001/1603/682 1017/1604/682
f 956/1538/649 958/1541/649 957/1539/649
f 958/1541/650 960/1543/650 959/1542/650
f 960/1543/651 962/1545/651 961/1544/651
f 962/1545/652 964/1547/652 963/1546/652
f 964/1547/653 966/1549/653 965/1548/653
f 966/1549/654 968/1551/654 967/1550/654
f 968/1551/655 970/1553/655 969/1552/655
f 970/1553/656 972/1555/656 971/1554/656
f 972/1555/657 974/1557/657 973/1556/657
f 974/1557/658 976/1559/658 975/1558/658
f 976/1559/659 978/1561/659 977/1560/659
f 978/1561/660 980/1563/660 979/1562/660
f 980/1563/661 982/1565/661 981/1564/661
f 982/1565/662 984/1567/662 983/1566/662
f 984/1567/663 986/1569/663 985/1568/663
f 986/1569/664 988/1571/664 987/1570/664
f 988/1571/665 990/1573/665 989/1572/665
f 990/1573/666 992/1575/666 991/1574/666
f 992/1575/667 994/1605/667 993/1576/667
f 993/1576/668 994/1605/668 996/1577/668
f 996/1577/669 998/1580/669 997/1579/669
f 998/1580/670 1000/1606/670 999/1581/670
f 999/1581/671 1000/1606/671 1002/1582/671
f 1002/1582/672 1004/1607/672 1003/1584/672
f 1003/1584/673 1004/1607/673 1006/1585/673
f 1006/1585/674 1008/1608/674 1007/1587/674
f 1007/1587/675 1008/1608/675 1010/1588/675
f 1010/1588/676 1012/1591/676 1011/1590/676
f 1012/1591/677 1014/1593/677 1013/1592/677
f 1014/1593/678 1016/1598/678 1015/1594/678
f 960/1597/679 958/1609/679 956/1610/679
f 956/1610/679 1018/1611/679 1016/1612/679
f 1016/1612/679 1014/1613/679 1012/1614/679
f 1012/1614/679 1010/1615/679 1008/1616/679
f 1008/1616/679 1006/1617/679 1004/1618/679
f 1004/1618/679 1002/1619/679 1000/1620/679
f 1000/1620/679 998/1621/679 996/1622/679
f 996/1622/679 994/1623/679 992/1595/679
f 992/1595/679 990/1624/679 988/1625/679
f 988/1625/679 986/1626/679 984/1627/679
f 984/1627/679 982/1628/679 980/1629/679
f 980/1629/679 978/1630/679 976/1596/679
f 976/1596/679 974/1631/679 972/1632/679
f 972/1632/679 970/1633/679 968/1634/679
f 968/1634/679 966/1635/679 964/1636/679
f 964/1636/679 962/1637/679 960/1597/679
f 960/1597/679 956/1610/679 1016/1612/679
f 1016/1612/679 1012/1614/679 1008/1616/679
f 1008/1616/679 1004/1618/679 1000/1620/679
f 1000/1620/679 996/1622/679 992/1595/679
f 992/1595/679 988/1625/679 984/1627/679
f 984/1627/679 980/1629/679 976/1596/679
f 976/1596/679 972/1632/679 968/1634/679
f 968/1634/679 964/1636/679 960/1597/679
f 960/1597/679 1016/1612/679 1008/1616/679
f 1008/1616/679 1000/1620/679 992/1595/679
f 992/1595/679 984/1627/679 976/1596/679
f 976/1596/679 968/1634/679 960/1597/679
f 960/1597/679 1008/1616/679 992/1595/679
f 1016/1598/680 1018/1600/680 1017/1599/680
f 1018/1600/681 956/1638/681 955/1601/681
f 1017/1604/682 955/1639/682 957/1640/682
f 957/1640/682 959/1641/682 961/1642/682
f 961/1642/682 963/1643/682 965/1644/682
f 965/1644/682 967/1645/682 969/1646/682
f 969/1646/682 971/1647/682 973/1648/682
f 973/1648/682 975/1649/682 977/1650/682
f 977/1650/682 979/1651/682 981/1652/682
f 981/1652/682 983/1653/682 985/1602/682
f 985/1602/682 987/1654/682 989/1655/682
f 989/1655/682 991/1656/682 993/1657/682
f 993/1657/682 995/1658/682 997/1659/682
f 997/1659/682 999/1660/682 1001/1603/682
f 1001/1603/682 1003/1661/682 1005/1662/682
f 1005/1662/682 1007/1663/682 1009/1664/682
f 1009/1664/682 1011/1665/682 1013/1666/682
f 1013/1666/682 1015/1667/682 1017/1604/682
f 1017/1604/682 957/1640/682 961/1642/682
f 961/1642/682 965/1644/682 969/1646/682
f 969/1646/682 973/1648/682 977/1650/682
f 977/1650/682 981/1652/682 985/1602/682
f 985/1602/682 989/1655/682 993/1657/682
f 993/1657/682 997/1659/682 1001/1603/682
f 1001/1603/682 1005/1662/682 1009/1664/682
f 1009/1664/682 1013/1666/682 1017/1604/682
f 1017/1604/682 961/1642/682 969/1646/682
f 969/1646/682 977/1650/682 985/1602/682
f 985/1602/682 993/1657/682 1001/1603/682
f 1001/1603/682 1009/1664/682 1017/1604/682
f 1017/1604/682 969/1646/682 985/1602/682
o Caterpillar.001
v -1.425333 0.449991 -1.029540
v -0.975333 0.449991 -1.029540
v -1.425333 -0.450009 -1.029540
v -0.975334 -0.450009 -1.029540
v -1.425333 0.524991 2.650460
v -0.975333 0.524991 2.650460
v -1.425333 -0.052173 2.765265
v -0.975333 -0.052173 2.765265
v -1.425333 -0.024450 2.817131
v -0.975333 -0.024450 2.817131
v -1.425333 0.012859 2.862592
v -0.975333 0.012859 2.862592
v -1.425333 0.058320 2.899901
v -0.975333 0.058320 2.899901
v -1.425333 0.110186 2.927624
v -0.975333 0.110186 2.927624
v -1.425333 0.166464 2.944695
v -0.975333 0.166464 2.944695
v -1.425333 0.224991 2.950460
v -0.975333 0.224991 2.950460
v -1.425333 0.283518 2.944695
v -0.975333 0.283518 2.944695
v -1.425333 0.339796 2.927624
v -0.975333 0.339796 2.927624
v -1.425333 0.391662 2.899901
v -0.975333 0.391662 2.899901
v -1.425333 0.437123 2.862592
v -0.975333 0.437123 2.862592
v -1.425333 0.474432 2.817131
v -0.975333 0.474432 2.817131
v -1.425333 0.502155 2.765265
v -0.975333 0.502155 2.765265
v -1.425333 0.519226 2.708987
v -0.975333 0.519226 2.708987
v -1.425333 0.449991 1.850460
v -0.975333 0.449991 1.850460
v -1.425333 -0.450009 1.850460
v -0.975333 -0.450009 1.850460
v -1.425333 -0.441362 1.938251
v -0.975333 -0.441363 1.938251
v -1.425333 -0.415755 2.022668
v -0.975333 -0.415755 2.022668
v -1.425333 -0.374170 2.100467
v -0.975333 -0.374170 2.100467
v -1.425333 0.449991 0.890460
v -0.975333 0.449991 0.890460
v -1.425333 -0.450009 0.890460
v -0.975333 -0.450009 0.890460
v -1.425333 0.449991 -0.069540
v -0.975333 0.449991 -0.069540
v -1.425333 -0.450009 -0.069540
v -0.975333 -0.450009 -0.069540
v -1.425333 0.449991 -1.989540
v -0.975334 0.449991 -1.989540
v -1.425333 -0.318207 -2.307738
v -0.975334 -0.318207 -2.307738
v -1.425333 -0.374170 -2.239547
v -0.975334 -0.374170 -2.239547
v -1.425333 -0.415755 -2.161748
v -0.975334 -0.415755 -2.161748
v -1.425333 -0.441362 -2.077331
v -0.975334 -0.441363 -2.077331
v -1.425333 -0.450009 -1.989540
v -0.975334 -0.450009 -1.989540
v -1.425333 0.524991 -2.709540
v -0.975334 0.524991 -2.709540
v -1.425333 0.520668 -2.753436
v -0.975334 0.520668 -2.753436
v -1.425333 0.507864 -2.795644
v -0.975334 0.507864 -2.795644
v -1.425333 0.487072 -2.834543
v -0.975334 0.487072 -2.834543
v -1.425333 0.459090 -2.868639
v -0.975334 0.459090 -2.868639
v -1.425333 0.424994 -2.896621
v -0.975334 0.424994 -2.896621
v -1.425333 0.386095 -2.917413
v -0.975334 0.386095 -2.917413
v -1.425333 0.343886 -2.930217
v -0.975334 0.343886 -2.930217
v -1.425333 0.299991 -2.934540
v -0.975334 0.299991 -2.934540
v -1.425333 0.256096 -2.930217
v -0.975334 0.256096 -2.930217
v -1.425333 0.213887 -2.917413
v -0.975334 0.213887 -2.917413
v -1.425333 0.174988 -2.896621
v -0.975334 0.174988 -2.896621
v -1.425333 0.140892 -2.868639
v -0.975334 0.140892 -2.868639
v -1.425333 0.112910 -2.834543
v -0.975334 0.112910 -2.834543
v -1.425333 0.465991 -1.029540
v -0.975333 0.465991 -1.029540
v -0.975334 -0.466009 -1.029540
v -1.425333 -0.466009 -1.029540
v -1.425333 0.540991 2.650498
v -0.975333 0.540991 2.650498
v -0.975333 -0.066431 2.772525
v -1.425333 -0.066431 2.772525
v -1.425333 -0.037754 2.826020
v -0.975333 -0.037754 2.826020
v -1.425333 0.001545 2.873906
v -0.975333 0.001545 2.873906
v -1.425333 0.049431 2.913204
v -0.975333 0.049431 2.913204
v -1.425333 0.104063 2.942406
v -0.975333 0.104063 2.942406
v -1.425333 0.163342 2.960388
v -0.975333 0.163342 2.960388
v -1.425333 0.224991 2.966460
v -0.975333 0.224991 2.966460
v -1.425333 0.286639 2.960388
v -0.975333 0.286639 2.960388
v -1.425333 0.345919 2.942406
v -0.975333 0.345919 2.942406
v -1.425333 0.400551 2.913204
v -0.975333 0.400551 2.913204
v -1.425333 0.448437 2.873906
v -0.975333 0.448437 2.873906
v -1.425333 0.487735 2.826020
v -0.975333 0.487735 2.826020
v -1.425333 0.516937 2.771388
v -0.975333 0.516937 2.771388
v -1.425333 0.534919 2.712108
v -0.975333 0.534919 2.712108
v -1.425333 0.465973 1.849713
v -0.975333 0.465973 1.849713
v -0.975333 -0.465990 1.851245
v -1.425333 -0.465990 1.851245
v -1.425333 -0.457055 1.941372
v -0.975333 -0.457055 1.941372
v -1.425333 -0.430537 2.028790
v -0.975333 -0.430537 2.028790
v -1.425333 -0.388429 2.107727
v -0.975333 -0.388429 2.107727
v -1.425333 0.465991 0.890460
v -0.975333 0.465991 0.890460
v -0.975333 -0.466009 0.890460
v -1.425333 -0.466009 0.890460
v -1.425333 0.465991 -0.069540
v -0.975333 0.465991 -0.069540
v -0.975333 -0.466009 -0.069540
v -1.425333 -0.466009 -0.069540
v -1.425333 0.465969 -1.988710
v -0.975334 0.465969 -1.988710
v -0.975334 -0.330582 -2.317880
v -1.425333 -0.330582 -2.317880
v -1.425333 -0.387474 -2.248436
v -0.975334 -0.387474 -2.248436
v -1.425333 -0.430537 -2.167871
v -0.975334 -0.430537 -2.167871
v -1.425333 -0.457055 -2.080452
v -0.975334 -0.457055 -2.080452
v -1.425333 -0.465990 -1.990325
v -0.975334 -0.465990 -1.990325
v -1.425333 0.540991 -2.709495
v -1.425333 0.536360 -2.756557
v -0.975334 0.536360 -2.756557
v -0.975334 0.540991 -2.709495
v -1.425333 0.522646 -2.801767
v -0.975334 0.522646 -2.801767
v -1.425333 0.500375 -2.843432
v -0.975334 0.500375 -2.843432
v -1.425333 0.470404 -2.879953
v -0.975334 0.470404 -2.879953
v -1.425333 0.433883 -2.909924
v -0.975334 0.433883 -2.909924
v -1.425333 0.392218 -2.932195
v -0.975334 0.392218 -2.932195
v -1.425333 0.347008 -2.945910
v -0.975334 0.347008 -2.945910
v -1.425333 0.299991 -2.950540
v -0.975334 0.299991 -2.950540
v -1.425333 0.252974 -2.945910
v -0.975334 0.252974 -2.945910
v -1.425333 0.207764 -2.932195
v -0.975334 0.207764 -2.932195
v -1.425333 0.166098 -2.909924
v -0.975334 0.166098 -2.909924
v -1.425333 0.129578 -2.879953
v -0.975334 0.129578 -2.879953
v -1.425333 0.100535 -2.844685
v -0.975334 0.100535 -2.844685
vn -0.0000 0.8819 -0.4714
vn -0.0000 0.7730 -0.6344
vn -0.0000 0.6344 -0.7730
vn -0.0000 0.4714 -0.8819
vn -0.0000 0.2903 -0.9569
vn -0.0000 0.0980 -0.9952
vn -0.0000 -0.0980 -0.9952
vn -0.0000 -0.2903 -0.9569
vn -0.0000 -0.4714 -0.8819
vn -0.0000 -0.6344 -0.7730
vn -0.0000 -0.7730 -0.6344
vn -0.0000 -0.8819 -0.4714
vn -0.0000 -0.9569 -0.2903
vn -0.0000 -0.9952 -0.0980
vn -0.0000 0.9952 -0.0980
vn -0.0000 0.9569 -0.2903
vn -0.0000 0.7730 0.6344
vn -0.0000 0.8819 0.4714
vn -0.0000 0.9569 0.2903
vn -0.0000 0.9952 0.0980
vn -0.0000 -0.9952 0.0980
vn -0.0000 -0.9569 0.2903
vn -0.0000 -0.8819 0.4714
vn -0.0000 -0.7730 0.6344
vn -0.0000 -0.6344 0.7730
vn -0.0000 -0.4714 0.8819
vn -0.0000 -0.2903 0.9569
vn -0.0000 -0.0980 0.9952
vn -0.0000 0.0980 0.9952
vn -0.0000 0.2903 0.9569
vn -0.0000 0.4714 0.8819
vn -0.0000 0.6344 0.7730
vn -0.0000 -1.0000 -0.0000
vn -0.0000 -0.9946 -0.1036
vn -0.0000 -0.9956 0.0933
vn -0.0000 1.0000 -0.0000
vn -0.0000 0.9000 -0.4359
vn -0.0000 0.7739 0.6333
vn -0.0000 -0.8813 0.4725
vn -0.0000 0.9952 0.0981
vn -0.0000 -0.9951 0.0987
vn -0.0000 -0.8823 0.4707
vn -0.0000 -0.7736 -0.6337
vn -0.0000 -0.9951 -0.0987
vn -0.0000 0.9952 -0.0979
vn -0.0000 -0.7719 -0.6357
vn -0.0000 0.9946 0.1035
vn -0.0000 0.9956 -0.0933
vn -0.0000 -0.9000 0.4359
vn -0.0000 -0.7739 -0.6333
vn -1.0000 -0.0000 -0.0000
vn 1.0000 -0.0000 -0.0000
vt 0.869819 -0.010416
vt 0.846558 0.448896
vt 0.846558 -0.010416
vt 0.893080 -0.010416
vt 0.869819 0.448896
vt 0.916342 -0.010416
vt 0.893080 0.448896
vt 0.939603 -0.010416
vt 0.916342 0.448896
vt 0.962865 -0.010416
vt 0.939603 0.448896
vt 0.986126 -0.010416
vt 0.962865 0.448896
vt 1.009388 -0.010416
vt 0.986126 0.448896
vt 1.032649 -0.010416
vt 1.009388 0.448896
vt 1.055911 -0.010416
vt 1.032649 0.448896
vt 1.079173 0.448896
vt 1.055911 0.448896
vt 1.102434 -0.010416
vt 1.079173 -0.010416
vt 1.125695 -0.010416
vt 1.102434 0.448896
vt 1.148957 -0.010416
vt 1.125695 0.448896
vt 1.172218 0.448896
vt 1.148957 0.448896
vt 0.449710 -0.010416
vt 0.484602 0.448896
vt 0.449710 0.448896
vt 0.519495 -0.010416
vt 0.484602 -0.010416
vt 0.554387 -0.010416
vt 0.519495 0.448896
vt -1.173818 -0.010416
vt -1.208710 0.448896
vt -1.208710 -0.010416
vt -1.138925 -0.010416
vt -1.173818 0.448896
vt -1.104033 0.448896
vt -1.138925 0.448896
vt -1.069141 -0.010416
vt -1.104033 -0.010416
vt -1.704759 -0.010416
vt -1.687313 0.448896
vt -1.704759 0.448896
vt -1.687313 -0.010416
vt -1.669867 0.448896
vt -1.652421 -0.010416
vt -1.669867 -0.010416
vt -1.634974 -0.010416
vt -1.652421 0.448896
vt -1.617528 -0.010416
vt -1.634974 0.448896
vt -1.600083 -0.010416
vt -1.617528 0.448896
vt -1.582636 -0.010416
vt -1.600083 0.448896
vt -1.565190 -0.010416
vt -1.582636 0.448896
vt -1.547744 -0.010416
vt -1.565190 0.448896
vt -1.530298 -0.010416
vt -1.547744 0.448896
vt -1.512852 -0.010416
vt -1.530298 0.448896
vt -1.495406 -0.010416
vt -1.512852 0.448896
vt -1.477960 -0.010416
vt -1.495406 0.448896
vt 2.629172 -0.010416
vt 3.008883 0.448896
vt 2.629172 0.448896
vt -1.991084 0.448896
vt 2.249458 0.448896
vt 2.249458 -0.010416
vt 1.869746 0.448896
vt 1.869745 -0.010416
vt 1.490033 0.448896
vt 1.490033 -0.010416
vt 1.172218 -0.010416
vt 0.069997 0.448896
vt -0.309716 0.448896
vt 0.069998 -0.010416
vt -0.689428 -0.010416
vt -0.689428 0.448896
vt 0.554387 0.448896
vt -1.477960 0.448896
vt 0.847107 0.535082
vt 0.870926 0.994215
vt 0.847107 0.994215
vt 0.870926 0.535082
vt 0.895236 0.994215
vt 0.919545 0.535082
vt 0.919545 0.994215
vt 0.943854 0.994215
vt 0.943854 0.535082
vt 0.968163 0.994215
vt 0.968163 0.535082
vt 0.992472 0.994215
vt 0.992472 0.535082
vt 1.016782 0.994215
vt 1.016782 0.535082
vt 1.041091 0.994215
vt 1.041091 0.535082
vt 1.065400 0.994215
vt 1.065400 0.535082
vt 1.089710 0.994215
vt 1.089710 0.535082
vt 1.114019 0.994215
vt 1.138328 0.535082
vt 1.138328 0.994215
vt 1.162637 0.535082
vt 1.162637 0.994215
vt 1.186931 0.535082
vt 1.186932 0.994215
vt 0.450739 0.535082
vt 0.486280 0.994215
vt 0.450739 0.994215
vt 0.486280 0.535082
vt 0.522128 0.994215
vt 0.522128 0.535082
vt 0.557237 0.994215
vt -1.199239 0.994214
vt -1.164011 0.535082
vt -1.164011 0.994214
vt -1.128163 0.994214
vt -1.092314 0.535082
vt -1.092314 0.994214
vt -1.056773 0.994214
vt -1.706791 0.994214
vt -1.688234 0.535082
vt -1.688234 0.994214
vt -1.669695 0.994214
vt -1.669695 0.535082
vt -1.651155 0.994214
vt -1.651155 0.535082
vt -1.632615 0.994214
vt -1.632615 0.535082
vt -1.614076 0.994214
vt -1.614076 0.535082
vt -1.595536 0.994214
vt -1.595536 0.535082
vt -1.576996 0.994214
vt -1.558457 0.535082
vt -1.558457 0.994214
vt -1.539917 0.994214
vt -1.539917 0.535082
vt -1.521377 0.994214
vt -1.521377 0.535082
vt -1.502838 0.994214
vt -1.502838 0.535082
vt -1.484299 0.994214
vt -1.484299 0.535082
vt -1.466370 0.994214
vt 3.008830 0.535084
vt 2.632431 0.994216
vt 2.632431 0.535083
vt -1.991171 0.535082
vt -1.991171 0.994214
vt 2.255707 0.535083
vt 1.878983 0.535083
vt 2.255707 0.994215
vt 1.878983 0.994215
vt 1.502552 0.535083
vt 1.502552 0.994215
vt 0.073707 0.535082
vt 0.073707 0.994215
vt -0.303017 0.535082
vt -0.679741 0.994214
vt -0.679741 0.535082
vt 0.557237 0.535082
vt -1.199239 0.535082
vt -1.466370 0.535082
vt 1.131603 0.530737
vt 1.157901 0.443673
vt 1.163778 0.530738
vt -0.116709 0.442636
vt 0.402411 0.530715
vt -0.109386 0.530700
vt -2.498425 0.443664
vt -2.522811 0.530191
vt -2.498425 0.530191
vt 1.159943 0.443662
vt 1.127723 0.530192
vt 1.159943 0.530192
vt -0.114976 0.443663
vt -0.627269 0.530191
vt -0.114976 0.530191
vt -2.294819 0.530634
vt -2.280261 0.440875
vt -2.270478 0.530635
vt 0.450049 0.530717
vt 0.491260 0.443130
vt 0.497895 0.530718
vt -0.628877 0.442219
vt -0.620975 0.530685
vt -2.279053 0.443664
vt -2.303427 0.530191
vt -2.279053 0.530191
vt 0.493142 0.443663
vt 0.445230 0.530191
vt 0.493142 0.530191
vt 1.195955 0.530739
vt -0.627269 0.443664
vt -1.139562 0.530191
vt -2.499582 0.440697
vt -2.465204 0.530629
vt -2.489545 0.530629
vt 1.192164 0.530192
vt -1.141044 0.441802
vt -1.132563 0.530669
vt -2.255892 0.440895
vt -2.246137 0.530636
vt -2.474049 0.530191
vt 0.538657 0.443169
vt 0.545238 0.530720
vt -1.139562 0.443664
vt -1.652064 0.530191
vt -2.254678 0.443664
vt -2.254678 0.530191
vt 0.540550 0.443663
vt 0.540550 0.530191
vt 1.222326 0.443725
vt 1.228131 0.530740
vt -1.644361 0.530654
vt -2.450844 0.440737
vt -2.440863 0.530630
vt 1.224384 0.443662
vt 1.224384 0.530192
vt 0.934735 0.530192
vt -2.231523 0.440915
vt -2.221797 0.530636
vt -2.449675 0.443664
vt -2.449675 0.530191
vt 0.938878 0.530731
vt 0.932746 0.443489
vt 0.970722 0.530732
vt -2.230303 0.443664
vt -2.230303 0.530191
vt 1.254539 0.443751
vt 1.260307 0.530741
vt -1.843082 0.443664
vt -2.206345 0.530191
vt -1.843082 0.530191
vt 0.966622 0.530192
vt 0.934735 0.443663
vt -2.416523 0.530631
vt 1.256604 0.443662
vt 1.256604 0.530192
vt -2.197871 0.530637
vt -1.844393 0.441230
vt -1.835115 0.530648
vt -2.207569 0.440934
vt -2.425301 0.443664
vt -2.425301 0.530191
vt 0.964626 0.443515
vt 1.002898 0.530733
vt -2.206345 0.443664
vt 1.286752 0.443777
vt 1.292483 0.530742
vt 0.998842 0.443663
vt 0.998842 0.530192
vt -2.426475 0.440756
vt -2.392182 0.530631
vt 1.288825 0.443662
vt 1.288825 0.530191
vt 3.351973 0.530803
vt 3.860523 0.445871
vt 3.863341 0.530818
vt -2.400926 0.530191
vt -1.787690 0.530649
vt 0.996838 0.443542
vt 1.035074 0.530734
vt 3.863216 0.443662
vt 3.351145 0.530192
vt 3.863216 0.530191
vt -1.795592 0.530191
vt 1.324659 0.530743
vt 1.031062 0.530191
vt -2.910391 0.440363
vt -2.513897 0.530628
vt -2.899871 0.530617
vt -2.402106 0.440776
vt -2.367841 0.530632
vt 1.321045 0.443663
vt 1.321045 0.530192
vt -2.909323 0.443666
vt -2.909323 0.530191
vt -2.376551 0.530191
vt -2.400926 0.443664
vt -1.796914 0.441269
vt -1.739844 0.530651
vt 1.029051 0.443568
vt 1.067250 0.530735
vt 2.836406 0.445038
vt 2.840384 0.530788
vt -1.747679 0.530191
vt -1.795592 0.443664
vt 1.318964 0.443804
vt 1.356835 0.530744
vt 1.063283 0.530191
vt 1.031062 0.443662
vt 3.351145 0.443662
vt 2.838853 0.530192
vt -2.377737 0.440796
vt -2.343500 0.530633
vt 1.353265 0.530191
vt 2.324237 0.444621
vt 2.328795 0.530773
vt -2.352177 0.530191
vt -2.376551 0.443664
vt -1.701113 0.441347
vt -1.691998 0.530652
vt 1.093476 0.443620
vt 1.099426 0.530736
vt 2.838853 0.443662
vt 2.326560 0.530192
vt -1.699767 0.443664
vt -1.699767 0.530191
vt 1.383379 0.443856
vt 1.389002 0.530745
vt 1.095503 0.443662
vt 1.095503 0.530192
vt 1.812267 0.444205
vt 1.817404 0.530758
vt -2.353368 0.440816
vt -2.319159 0.530634
vt 1.385475 0.443662
vt 1.385475 0.530192
vt 1.814467 0.443663
vt 1.814467 0.530191
vt -2.327802 0.530191
vt -2.352177 0.443664
vt -1.653421 0.441385
vt -1.652064 0.443664
vt -2.304630 0.440855
vt 0.395668 0.443052
vt 0.397527 0.530191
vt -2.303427 0.443664
vt 0.397527 0.443663
vt -1.069141 0.448896
vt 3.008884 -0.010416
vt -1.991084 -0.010416
vt -0.309716 -0.010416
vt 0.895236 0.535082
vt 1.114019 0.535082
vt -1.128163 0.535082
vt -1.056773 0.535082
vt -1.706791 0.535082
vt -1.576996 0.535082
vt 3.008830 0.994216
vt -0.303017 0.994214
vt 1.125688 0.443646
vt -2.522811 0.443664
vt 1.127723 0.443662
vt 0.443359 0.443091
vt 0.445230 0.443663
vt 1.190113 0.443699
vt -2.475213 0.440717
vt 1.192164 0.443662
vt -2.474049 0.443664
vt 0.966622 0.443662
vt 3.348574 0.445455
vt -2.523964 0.440677
vt -1.749013 0.441308
vt 1.061263 0.443594
vt -1.747679 0.443664
vt 1.351177 0.443830
vt 1.063283 0.443662
vt 1.353265 0.443663
vt 2.326560 0.443662
vt -2.328999 0.440836
vt -2.327802 0.443664
s 0
usemtl Caterpilar
f 1027/1668/683 1026/1669/683 1025/1670/683
f 1029/1671/684 1028/1672/684 1027/1668/684
f 1031/1673/685 1030/1674/685 1029/1671/685
f 1033/1675/686 1032/1676/686 1031/1673/686
f 1035/1677/687 1034/1678/687 1033/1675/687
f 1037/1679/688 1036/1680/688 1035/1677/688
f 1039/1681/689 1038/1682/689 1037/1679/689
f 1041/1683/690 1040/1684/690 1039/1681/690
f 1043/1685/691 1042/1686/691 1041/1683/691
f 1043/1685/692 1046/1687/692 1044/1688/692
f 1047/1689/693 1046/1687/693 1045/1690/693
f 1049/1691/694 1048/1692/694 1047/1689/694
f 1051/1693/695 1050/1694/695 1049/1691/695
f 1051/1693/696 1024/1695/696 1052/1696/696
f 1055/1697/697 1058/1698/697 1056/1699/697
f 1059/1700/698 1058/1698/698 1057/1701/698
f 1061/1702/683 1060/1703/683 1059/1700/683
f 1075/1704/699 1074/1705/699 1073/1706/699
f 1077/1707/700 1076/1708/700 1075/1704/700
f 1077/1707/701 1080/1709/701 1078/1710/701
f 1081/1711/702 1080/1709/702 1079/1712/702
f 1083/1713/703 1086/1714/703 1084/1715/703
f 1085/1716/704 1088/1717/704 1086/1714/704
f 1089/1718/705 1088/1717/705 1087/1719/705
f 1091/1720/706 1090/1721/706 1089/1718/706
f 1093/1722/707 1092/1723/707 1091/1720/707
f 1095/1724/708 1094/1725/708 1093/1722/708
f 1097/1726/709 1096/1727/709 1095/1724/709
f 1099/1728/710 1098/1729/710 1097/1726/710
f 1101/1730/711 1100/1731/711 1099/1728/711
f 1103/1732/712 1102/1733/712 1101/1730/712
f 1105/1734/713 1104/1735/713 1103/1732/713
f 1107/1736/714 1106/1737/714 1105/1734/714
f 1109/1738/699 1108/1739/699 1107/1736/699
f 1019/1740/715 1072/1741/715 1020/1742/715
f 1072/1743/716 1083/1713/716 1084/1715/716
f 1068/1744/715 1019/1740/715 1020/1742/715
f 1067/1745/715 1064/1746/715 1063/1747/715
f 1063/1747/715 1054/1748/715 1053/1749/715
f 1053/1749/717 1024/1695/717 1023/1750/717
f 1066/1751/718 1055/1697/718 1056/1699/718
f 1070/1752/718 1065/1753/718 1066/1751/718
f 1021/1754/718 1070/1752/718 1022/1755/718
f 1022/1755/718 1081/1711/718 1021/1754/718
f 1062/1756/719 1025/1670/719 1026/1669/719
f 1109/1738/720 1074/1705/720 1110/1757/720
f 1117/1758/721 1119/1759/721 1118/1760/721
f 1120/1761/706 1121/1762/706 1119/1759/706
f 1121/1762/707 1124/1763/707 1123/1764/707
f 1124/1763/708 1125/1765/708 1123/1764/708
f 1126/1766/709 1127/1767/709 1125/1765/709
f 1128/1768/710 1129/1769/710 1127/1767/710
f 1130/1770/711 1131/1771/711 1129/1769/711
f 1132/1772/712 1133/1773/712 1131/1771/712
f 1134/1774/713 1135/1775/713 1133/1773/713
f 1136/1776/714 1137/1777/714 1135/1775/714
f 1138/1778/699 1139/1779/699 1137/1777/699
f 1139/1779/700 1142/1780/700 1141/1781/700
f 1141/1781/701 1144/1782/701 1143/1783/701
f 1143/1783/722 1116/1784/722 1115/1785/722
f 1147/1786/723 1149/1787/723 1148/1788/723
f 1150/1789/704 1151/1790/704 1149/1787/704
f 1152/1791/724 1153/1792/724 1151/1790/724
f 1166/1793/725 1168/1794/725 1167/1795/725
f 1168/1794/694 1169/1796/694 1167/1795/694
f 1169/1796/695 1172/1797/695 1171/1798/695
f 1172/1797/726 1173/1799/726 1171/1798/726
f 1175/1800/727 1177/1801/727 1176/1802/727
f 1177/1801/698 1179/1803/698 1176/1802/698
f 1180/1804/683 1181/1805/683 1179/1803/683
f 1182/1806/684 1183/1807/684 1181/1805/684
f 1184/1808/685 1185/1809/685 1183/1807/685
f 1186/1810/686 1187/1811/686 1185/1809/686
f 1188/1812/687 1189/1813/687 1187/1811/687
f 1189/1813/688 1192/1814/688 1191/1815/688
f 1192/1814/689 1193/1816/689 1191/1815/689
f 1194/1817/690 1195/1818/690 1193/1816/690
f 1196/1819/691 1197/1820/691 1195/1818/691
f 1198/1821/692 1199/1822/692 1197/1820/692
f 1200/1823/728 1201/1824/728 1199/1822/728
f 1164/1825/718 1111/1826/718 1112/1827/718
f 1164/1828/729 1175/1800/729 1163/1829/729
f 1111/1826/718 1160/1830/718 1112/1827/718
f 1156/1831/718 1159/1832/718 1155/1833/718
f 1146/1834/718 1155/1833/718 1145/1835/718
f 1116/1784/730 1145/1835/730 1115/1785/730
f 1148/1788/715 1157/1836/715 1147/1786/715
f 1158/1837/715 1161/1838/715 1157/1836/715
f 1161/1838/715 1114/1839/715 1113/1840/715
f 1173/1799/715 1113/1840/715 1114/1839/715
f 1118/1760/731 1154/1841/731 1117/1758/731
f 1165/1842/732 1201/1824/732 1202/1843/732
f 1037/1844/733 1131/1845/733 1039/1846/733
f 1158/1847/733 1055/1848/733 1065/1849/733
f 1177/1850/734 1084/1851/734 1086/1852/734
f 1132/1853/734 1038/1854/734 1040/1855/734
f 1157/1856/734 1070/1857/734 1066/1858/734
f 1101/1859/733 1195/1860/733 1103/1861/733
f 1057/1862/733 1151/1863/733 1059/1864/733
f 1162/1865/733 1065/1849/733 1069/1866/733
f 1196/1867/734 1102/1868/734 1104/1869/734
f 1152/1870/734 1058/1871/734 1060/1872/734
f 1131/1845/733 1041/1873/733 1039/1846/733
f 1161/1874/734 1022/1875/734 1070/1857/734
f 1176/1876/733 1087/1877/733 1085/1878/733
f 1042/1879/734 1132/1853/734 1040/1855/734
f 1114/1880/733 1069/1866/733 1021/1881/733
f 1103/1861/733 1197/1882/733 1105/1883/733
f 1088/1884/734 1177/1850/734 1086/1852/734
f 1059/1864/733 1153/1885/733 1061/1886/733
f 1113/1887/734 1082/1888/734 1022/1875/734
f 1198/1889/734 1104/1869/734 1106/1890/734
f 1154/1891/734 1060/1872/734 1062/1892/734
f 1041/1873/733 1135/1893/733 1043/1894/733
f 1081/1895/733 1114/1880/733 1021/1881/733
f 1087/1877/733 1181/1896/733 1089/1897/733
f 1136/1898/734 1042/1879/734 1044/1899/734
f 1026/1900/734 1154/1891/734 1062/1892/734
f 1105/1883/733 1199/1901/733 1107/1902/733
f 1182/1903/734 1088/1884/734 1090/1904/734
f 1153/1885/733 1025/1905/733 1061/1886/733
f 1118/1906/733 1027/1907/733 1025/1905/733
f 1200/1908/734 1106/1890/734 1108/1909/734
f 1043/1894/733 1137/1910/733 1045/1911/733
f 1165/1912/734 1110/1913/734 1074/1914/734
f 1028/1915/734 1117/1916/734 1026/1900/734
f 1181/1896/733 1091/1917/733 1089/1897/733
f 1138/1918/734 1044/1899/734 1046/1919/734
f 1109/1920/733 1166/1921/733 1073/1922/733
f 1107/1902/733 1201/1923/733 1109/1920/733
f 1184/1924/734 1090/1904/734 1092/1925/734
f 1119/1926/733 1029/1927/733 1027/1907/733
f 1202/1928/734 1108/1909/734 1110/1913/734
f 1045/1911/733 1139/1929/733 1047/1930/733
f 1122/1931/734 1028/1915/734 1030/1932/734
f 1183/1933/733 1093/1934/733 1091/1917/733
f 1140/1935/734 1046/1919/734 1048/1936/734
f 1019/1937/733 1163/1938/733 1071/1939/733
f 1094/1940/734 1184/1924/734 1092/1925/734
f 1166/1921/733 1075/1941/733 1073/1922/733
f 1121/1942/733 1031/1943/733 1029/1927/733
f 1164/1944/734 1020/1945/734 1072/1946/734
f 1076/1947/734 1165/1912/734 1074/1914/734
f 1139/1929/733 1049/1948/733 1047/1930/733
f 1032/1949/734 1122/1931/734 1030/1932/734
f 1163/1950/733 1083/1951/733 1071/1952/733
f 1185/1953/733 1095/1954/733 1093/1934/733
f 1142/1955/734 1048/1936/734 1050/1956/734
f 1084/1851/734 1164/1957/734 1072/1958/734
f 1096/1959/734 1186/1960/734 1094/1940/734
f 1167/1961/733 1077/1962/733 1075/1941/733
f 1123/1963/733 1033/1964/733 1031/1943/733
f 1159/1965/733 1019/1937/733 1067/1966/733
f 1078/1967/734 1168/1968/734 1076/1947/734
f 1141/1969/733 1051/1970/733 1049/1948/733
f 1034/1971/734 1124/1972/734 1032/1949/734
f 1112/1973/734 1068/1974/734 1020/1945/734
f 1187/1975/733 1097/1976/733 1095/1954/733
f 1052/1977/734 1142/1955/734 1050/1956/734
f 1155/1978/733 1067/1966/733 1063/1979/733
f 1098/1980/734 1188/1981/734 1096/1959/734
f 1077/1962/733 1171/1982/733 1079/1983/733
f 1033/1964/733 1127/1984/733 1035/1985/733
f 1160/1986/734 1064/1987/734 1068/1974/734
f 1172/1988/734 1078/1967/734 1080/1989/734
f 1051/1970/733 1115/1990/733 1023/1991/733
f 1128/1992/734 1034/1971/734 1036/1993/734
f 1145/1994/733 1063/1979/733 1053/1995/733
f 1189/1996/733 1099/1997/733 1097/1976/733
f 1116/1998/734 1052/1977/734 1024/1999/734
f 1064/1987/734 1146/2000/734 1054/2001/734
f 1100/2002/734 1190/2003/734 1098/1980/734
f 1079/1983/733 1173/2004/733 1081/1895/733
f 1127/1984/733 1037/1844/733 1035/1985/733
f 1023/1991/733 1145/1994/733 1053/1995/733
f 1174/2005/734 1080/1989/734 1082/1888/734
f 1038/1854/734 1128/1992/734 1036/1993/734
f 1146/2000/734 1024/1999/734 1054/2001/734
f 1099/1997/733 1193/2006/733 1101/1859/733
f 1148/2007/733 1057/1862/733 1055/1848/733
f 1056/2008/734 1157/1856/734 1066/1858/734
f 1194/2009/734 1100/2002/734 1102/1868/734
f 1083/1951/733 1176/1876/733 1085/1878/733
f 1058/1871/734 1147/2010/734 1056/2008/734
f 1027/1668/683 1028/1672/683 1026/1669/683
f 1029/1671/684 1030/1674/684 1028/1672/684
f 1031/1673/685 1032/1676/685 1030/1674/685
f 1033/1675/686 1034/1678/686 1032/1676/686
f 1035/1677/687 1036/1680/687 1034/1678/687
f 1037/1679/688 1038/1682/688 1036/1680/688
f 1039/1681/689 1040/1684/689 1038/1682/689
f 1041/1683/690 1042/1686/690 1040/1684/690
f 1043/1685/691 1044/1688/691 1042/1686/691
f 1043/1685/692 1045/1690/692 1046/1687/692
f 1047/1689/693 1048/1692/693 1046/1687/693
f 1049/1691/694 1050/1694/694 1048/1692/694
f 1051/1693/695 1052/1696/695 1050/1694/695
f 1051/1693/696 1023/1750/696 1024/1695/696
f 1055/1697/697 1057/1701/697 1058/1698/697
f 1059/1700/698 1060/1703/698 1058/1698/698
f 1061/1702/683 1062/1756/683 1060/1703/683
f 1075/1704/699 1076/1708/699 1074/1705/699
f 1077/1707/700 1078/1710/700 1076/1708/700
f 1077/1707/701 1079/1712/701 1080/1709/701
f 1081/1711/702 1082/2011/702 1080/1709/702
f 1083/1713/703 1085/1716/703 1086/1714/703
f 1085/1716/704 1087/1719/704 1088/1717/704
f 1089/1718/705 1090/1721/705 1088/1717/705
f 1091/1720/706 1092/1723/706 1090/1721/706
f 1093/1722/707 1094/1725/707 1092/1723/707
f 1095/1724/708 1096/1727/708 1094/1725/708
f 1097/1726/709 1098/1729/709 1096/1727/709
f 1099/1728/710 1100/1731/710 1098/1729/710
f 1101/1730/711 1102/1733/711 1100/1731/711
f 1103/1732/712 1104/1735/712 1102/1733/712
f 1105/1734/713 1106/1737/713 1104/1735/713
f 1107/1736/714 1108/1739/714 1106/1737/714
f 1109/1738/699 1110/1757/699 1108/1739/699
f 1019/1740/715 1071/2012/715 1072/1741/715
f 1072/1743/716 1071/2013/716 1083/1713/716
f 1068/1744/715 1067/1745/715 1019/1740/715
f 1067/1745/715 1068/1744/715 1064/1746/715
f 1063/1747/715 1064/1746/715 1054/1748/715
f 1053/1749/717 1054/1748/717 1024/1695/717
f 1066/1751/718 1065/1753/718 1055/1697/718
f 1070/1752/718 1069/2014/718 1065/1753/718
f 1021/1754/718 1069/2014/718 1070/1752/718
f 1022/1755/718 1082/2011/718 1081/1711/718
f 1062/1756/719 1061/1702/719 1025/1670/719
f 1109/1738/720 1073/1706/720 1074/1705/720
f 1117/1758/721 1120/1761/721 1119/1759/721
f 1120/1761/706 1122/2015/706 1121/1762/706
f 1121/1762/707 1122/2015/707 1124/1763/707
f 1124/1763/708 1126/1766/708 1125/1765/708
f 1126/1766/709 1128/1768/709 1127/1767/709
f 1128/1768/710 1130/1770/710 1129/1769/710
f 1130/1770/711 1132/1772/711 1131/1771/711
f 1132/1772/712 1134/1774/712 1133/1773/712
f 1134/1774/713 1136/1776/713 1135/1775/713
f 1136/1776/714 1138/1778/714 1137/1777/714
f 1138/1778/699 1140/2016/699 1139/1779/699
f 1139/1779/700 1140/2016/700 1142/1780/700
f 1141/1781/701 1142/1780/701 1144/1782/701
f 1143/1783/722 1144/1782/722 1116/1784/722
f 1147/1786/723 1150/1789/723 1149/1787/723
f 1150/1789/704 1152/1791/704 1151/1790/704
f 1152/1791/724 1154/1841/724 1153/1792/724
f 1166/1793/725 1165/1842/725 1168/1794/725
f 1168/1794/694 1170/2017/694 1169/1796/694
f 1169/1796/695 1170/2017/695 1172/1797/695
f 1172/1797/726 1174/2018/726 1173/1799/726
f 1175/1800/727 1178/2019/727 1177/1801/727
f 1177/1801/698 1180/1804/698 1179/1803/698
f 1180/1804/683 1182/1806/683 1181/1805/683
f 1182/1806/684 1184/1808/684 1183/1807/684
f 1184/1808/685 1186/1810/685 1185/1809/685
f 1186/1810/686 1188/1812/686 1187/1811/686
f 1188/1812/687 1190/2020/687 1189/1813/687
f 1189/1813/688 1190/2020/688 1192/1814/688
f 1192/1814/689 1194/1817/689 1193/1816/689
f 1194/1817/690 1196/1819/690 1195/1818/690
f 1196/1819/691 1198/1821/691 1197/1820/691
f 1198/1821/692 1200/1823/692 1199/1822/692
f 1200/1823/728 1202/1843/728 1201/1824/728
f 1164/1825/718 1163/2021/718 1111/1826/718
f 1164/1828/729 1178/2019/729 1175/1800/729
f 1111/1826/718 1159/1832/718 1160/1830/718
f 1156/1831/718 1160/1830/718 1159/1832/718
f 1146/1834/718 1156/1831/718 1155/1833/718
f 1116/1784/730 1146/1834/730 1145/1835/730
f 1148/1788/715 1158/1837/715 1157/1836/715
f 1158/1837/715 1162/2022/715 1161/1838/715
f 1161/1838/715 1162/2022/715 1114/1839/715
f 1173/1799/715 1174/2018/715 1113/1840/715
f 1118/1760/731 1153/1792/731 1154/1841/731
f 1165/1842/732 1166/1793/732 1201/1824/732
f 1037/1844/733 1129/2023/733 1131/1845/733
f 1158/1847/733 1148/2007/733 1055/1848/733
f 1177/1850/734 1178/2024/734 1084/1851/734
f 1132/1853/734 1130/2025/734 1038/1854/734
f 1157/1856/734 1161/1874/734 1070/1857/734
f 1101/1859/733 1193/2006/733 1195/1860/733
f 1057/1862/733 1149/2026/733 1151/1863/733
f 1162/1865/733 1158/1847/733 1065/1849/733
f 1196/1867/734 1194/2009/734 1102/1868/734
f 1152/1870/734 1150/2027/734 1058/1871/734
f 1131/1845/733 1133/2028/733 1041/1873/733
f 1161/1874/734 1113/1887/734 1022/1875/734
f 1176/1876/733 1179/2029/733 1087/1877/733
f 1042/1879/734 1134/2030/734 1132/1853/734
f 1114/1880/733 1162/1865/733 1069/1866/733
f 1103/1861/733 1195/1860/733 1197/1882/733
f 1088/1884/734 1180/2031/734 1177/1850/734
f 1059/1864/733 1151/1863/733 1153/1885/733
f 1113/1887/734 1174/2005/734 1082/1888/734
f 1198/1889/734 1196/1867/734 1104/1869/734
f 1154/1891/734 1152/1870/734 1060/1872/734
f 1041/1873/733 1133/2028/733 1135/1893/733
f 1081/1895/733 1173/2004/733 1114/1880/733
f 1087/1877/733 1179/2029/733 1181/1896/733
f 1136/1898/734 1134/2030/734 1042/1879/734
f 1026/1900/734 1117/1916/734 1154/1891/734
f 1105/1883/733 1197/1882/733 1199/1901/733
f 1182/1903/734 1180/2031/734 1088/1884/734
f 1153/1885/733 1118/1906/733 1025/1905/733
f 1118/1906/733 1119/1926/733 1027/1907/733
f 1200/1908/734 1198/1889/734 1106/1890/734
f 1043/1894/733 1135/1893/733 1137/1910/733
f 1165/1912/734 1202/1928/734 1110/1913/734
f 1028/1915/734 1120/2032/734 1117/1916/734
f 1181/1896/733 1183/1933/733 1091/1917/733
f 1138/1918/734 1136/1898/734 1044/1899/734
f 1109/1920/733 1201/1923/733 1166/1921/733
f 1107/1902/733 1199/1901/733 1201/1923/733
f 1184/1924/734 1182/1903/734 1090/1904/734
f 1119/1926/733 1121/1942/733 1029/1927/733
f 1202/1928/734 1200/1908/734 1108/1909/734
f 1045/1911/733 1137/1910/733 1139/1929/733
f 1122/1931/734 1120/2032/734 1028/1915/734
f 1183/1933/733 1185/1953/733 1093/1934/733
f 1140/1935/734 1138/1918/734 1046/1919/734
f 1019/1937/733 1111/2033/733 1163/1938/733
f 1094/1940/734 1186/1960/734 1184/1924/734
f 1166/1921/733 1167/1961/733 1075/1941/733
f 1121/1942/733 1123/1963/733 1031/1943/733
f 1164/1944/734 1112/1973/734 1020/1945/734
f 1076/1947/734 1168/1968/734 1165/1912/734
f 1139/1929/733 1141/1969/733 1049/1948/733
f 1032/1949/734 1124/1972/734 1122/1931/734
f 1163/1950/733 1175/2034/733 1083/1951/733
f 1185/1953/733 1187/1975/733 1095/1954/733
f 1142/1955/734 1140/1935/734 1048/1936/734
f 1084/1851/734 1178/2024/734 1164/1957/734
f 1096/1959/734 1188/1981/734 1186/1960/734
f 1167/1961/733 1169/2035/733 1077/1962/733
f 1123/1963/733 1125/2036/733 1033/1964/733
f 1159/1965/733 1111/2033/733 1019/1937/733
f 1078/1967/734 1170/2037/734 1168/1968/734
f 1141/1969/733 1143/2038/733 1051/1970/733
f 1034/1971/734 1126/2039/734 1124/1972/734
f 1112/1973/734 1160/1986/734 1068/1974/734
f 1187/1975/733 1189/1996/733 1097/1976/733
f 1052/1977/734 1144/2040/734 1142/1955/734
f 1155/1978/733 1159/1965/733 1067/1966/733
f 1098/1980/734 1190/2003/734 1188/1981/734
f 1077/1962/733 1169/2035/733 1171/1982/733
f 1033/1964/733 1125/2036/733 1127/1984/733
f 1160/1986/734 1156/2041/734 1064/1987/734
f 1172/1988/734 1170/2037/734 1078/1967/734
f 1051/1970/733 1143/2038/733 1115/1990/733
f 1128/1992/734 1126/2039/734 1034/1971/734
f 1145/1994/733 1155/1978/733 1063/1979/733
f 1189/1996/733 1191/2042/733 1099/1997/733
f 1116/1998/734 1144/2040/734 1052/1977/734
f 1064/1987/734 1156/2041/734 1146/2000/734
f 1100/2002/734 1192/2043/734 1190/2003/734
f 1079/1983/733 1171/1982/733 1173/2004/733
f 1127/1984/733 1129/2023/733 1037/1844/733
f 1023/1991/733 1115/1990/733 1145/1994/733
f 1174/2005/734 1172/1988/734 1080/1989/734
f 1038/1854/734 1130/2025/734 1128/1992/734
f 1146/2000/734 1116/1998/734 1024/1999/734
f 1099/1997/733 1191/2042/733 1193/2006/733
f 1148/2007/733 1149/2026/733 1057/1862/733
f 1056/2008/734 1147/2010/734 1157/1856/734
f 1194/2009/734 1192/2043/734 1100/2002/734
f 1083/1951/733 1175/2034/733 1176/1876/733
f 1058/1871/734 1150/2027/734 1147/2010/734
o Weel.013
v 1.424667 0.449991 -1.029540
v 0.974667 0.449991 -1.029540
v 1.424667 0.441344 -1.117331
v 0.974667 0.441344 -1.117331
v 1.424667 0.415737 -1.201748
v 0.974667 0.415737 -1.201748
v 1.424667 0.374152 -1.279547
v 0.974667 0.374152 -1.279547
v 1.424667 0.318189 -1.347738
v 0.974667 0.318189 -1.347738
v 1.424667 0.249998 -1.403701
v 0.974667 0.249997 -1.403701
v 1.424667 0.172198 -1.445286
v 0.974667 0.172198 -1.445286
v 1.424667 0.087782 -1.470893
v 0.974667 0.087782 -1.470893
v 1.424667 -0.000009 -1.479540
v 0.974667 -0.000009 -1.479540
v 1.424667 -0.087800 -1.470893
v 0.974667 -0.087800 -1.470893
v 1.424667 -0.172217 -1.445286
v 0.974667 -0.172217 -1.445286
v 1.424667 -0.250016 -1.403701
v 0.974667 -0.250016 -1.403701
v 1.424667 -0.318207 -1.347738
v 0.974667 -0.318207 -1.347738
v 1.424667 -0.374170 -1.279547
v 0.974667 -0.374170 -1.279547
v 1.424667 -0.415755 -1.201748
v 0.974667 -0.415755 -1.201748
v 1.424667 -0.441362 -1.117331
v 0.974667 -0.441363 -1.117331
v 1.424667 -0.450009 -1.029540
v 0.974667 -0.450009 -1.029540
v 1.424667 -0.441362 -0.941749
v 0.974667 -0.441363 -0.941749
v 1.424667 -0.415755 -0.857333
v 0.974667 -0.415755 -0.857332
v 1.424667 -0.374170 -0.779533
v 0.974667 -0.374170 -0.779533
v 1.424667 -0.318207 -0.711342
v 0.974667 -0.318207 -0.711342
v 1.424667 -0.250016 -0.655379
v 0.974667 -0.250016 -0.655379
v 1.424667 -0.172217 -0.613794
v 0.974667 -0.172217 -0.613794
v 1.424667 -0.087800 -0.588187
v 0.974667 -0.087800 -0.588187
v 1.424667 -0.000009 -0.579540
v 0.974667 -0.000009 -0.579540
v 1.424667 0.087782 -0.588187
v 0.974667 0.087782 -0.588187
v 1.424667 0.172198 -0.613794
v 0.974667 0.172198 -0.613794
v 1.424667 0.249998 -0.655379
v 0.974667 0.249997 -0.655379
v 1.424667 0.318189 -0.711342
v 0.974667 0.318189 -0.711342
v 1.424667 0.374152 -0.779533
v 0.974667 0.374152 -0.779533
v 1.424667 0.415737 -0.857333
v 0.974667 0.415737 -0.857332
v 1.424667 0.441344 -0.941749
v 0.974667 0.441344 -0.941749
vn -0.0000 0.9952 -0.0980
vn -0.0000 0.9569 -0.2903
vn -0.0000 0.8819 -0.4714
vn -0.0000 0.7730 -0.6344
vn -0.0000 0.6344 -0.7730
vn -0.0000 0.4714 -0.8819
vn -0.0000 0.2903 -0.9569
vn -0.0000 0.0980 -0.9952
vn -0.0000 -0.0980 -0.9952
vn -0.0000 -0.2903 -0.9569
vn -0.0000 -0.4714 -0.8819
vn -0.0000 -0.6344 -0.7730
vn -0.0000 -0.7730 -0.6344
vn -0.0000 -0.8819 -0.4714
vn -0.0000 -0.9569 -0.2903
vn -0.0000 -0.9952 -0.0980
vn -0.0000 -0.9952 0.0980
vn -0.0000 -0.9569 0.2903
vn -0.0000 -0.8819 0.4714
vn -0.0000 -0.7730 0.6344
vn -0.0000 -0.6344 0.7730
vn -0.0000 -0.4714 0.8819
vn -0.0000 -0.2903 0.9569
vn -0.0000 -0.0980 0.9952
vn -0.0000 0.0980 0.9952
vn -0.0000 0.2903 0.9569
vn -0.0000 0.4714 0.8819
vn -0.0000 0.6344 0.7730
vn -0.0000 0.7730 0.6344
vn -0.0000 0.8819 0.4714
vn -1.0000 -0.0000 -0.0000
vn -0.0000 0.9569 0.2903
vn -0.0000 0.9952 0.0980
vn 1.0000 -0.0000 -0.0000
vt 1.000000 1.000000
vt 0.968750 0.500000
vt 1.000000 0.500000
vt 0.968750 1.000000
vt 0.937500 0.500000
vt 0.937500 1.000000
vt 0.906250 0.500000
vt 0.906250 1.000000
vt 0.875000 0.500000
vt 0.875000 1.000000
vt 0.843750 0.500000
vt 0.812500 1.000000
vt 0.812500 0.500000
vt 0.781250 0.500000
vt 0.781250 1.000000
vt 0.750000 0.500000
vt 0.718750 1.000000
vt 0.718750 0.500000
vt 0.687500 1.000000
vt 0.687500 0.500000
vt 0.656250 0.500000
vt 0.656250 1.000000
vt 0.625000 0.500000
vt 0.625000 1.000000
vt 0.593750 0.500000
vt 0.593750 1.000000
vt 0.562500 0.500000
vt 0.562500 1.000000
vt 0.531250 0.500000
vt 0.531250 1.000000
vt 0.500000 0.500000
vt 0.500000 1.000000
vt 0.468750 0.500000
vt 0.468750 1.000000
vt 0.437500 0.500000
vt 0.437500 1.000000
vt 0.406250 0.500000
vt 0.406250 1.000000
vt 0.375000 0.500000
vt 0.375000 1.000000
vt 0.343750 0.500000
vt 0.343750 1.000000
vt 0.312500 0.500000
vt 0.281250 1.000000
vt 0.281250 0.500000
vt 0.250000 0.500000
vt 0.250000 1.000000
vt 0.218750 0.500000
vt 0.218750 1.000000
vt 0.187500 0.500000
vt 0.156250 1.000000
vt 0.156250 0.500000
vt 0.125000 0.500000
vt 0.125000 1.000000
vt 0.093750 0.500000
vt 0.093750 1.000000
vt 0.062500 0.500000
vt 0.158156 0.028269
vt 0.471731 0.158156
vt 0.341844 0.471731
vt 0.062500 1.000000
vt 0.031250 0.500000
vt 0.031250 1.000000
vt 0.000000 0.500000
vt 0.796822 0.014612
vt 0.514612 0.203178
vt 0.703178 0.485388
vt 0.843750 1.000000
vt 0.750000 1.000000
vt 0.312500 1.000000
vt 0.187500 1.000000
vt 0.296822 0.485388
vt 0.250000 0.490000
vt 0.203178 0.485388
vt 0.158156 0.471731
vt 0.116663 0.449553
vt 0.080294 0.419706
vt 0.050447 0.383337
vt 0.028269 0.341844
vt 0.014612 0.296822
vt 0.010000 0.250000
vt 0.014612 0.203178
vt 0.028269 0.158156
vt 0.050447 0.116663
vt 0.080294 0.080294
vt 0.116663 0.050447
vt 0.203178 0.014612
vt 0.250000 0.010000
vt 0.296822 0.014612
vt 0.341844 0.028269
vt 0.383337 0.050447
vt 0.419706 0.080294
vt 0.449553 0.116663
vt 0.485388 0.203178
vt 0.490000 0.250000
vt 0.485388 0.296822
vt 0.471731 0.341844
vt 0.449553 0.383337
vt 0.419706 0.419706
vt 0.383337 0.449553
vt 0.000000 1.000000
vt 0.750000 0.490000
vt 0.796822 0.485388
vt 0.841844 0.471731
vt 0.883337 0.449553
vt 0.919706 0.419706
vt 0.949553 0.383337
vt 0.971731 0.341844
vt 0.985388 0.296822
vt 0.990000 0.250000
vt 0.985388 0.203178
vt 0.971731 0.158156
vt 0.949553 0.116663
vt 0.919706 0.080294
vt 0.883337 0.050447
vt 0.841844 0.028269
vt 0.750000 0.010000
vt 0.703178 0.014612
vt 0.658156 0.028269
vt 0.616663 0.050447
vt 0.580294 0.080294
vt 0.550447 0.116663
vt 0.528269 0.158156
vt 0.510000 0.250000
vt 0.514612 0.296822
vt 0.528269 0.341844
vt 0.550447 0.383337
vt 0.580294 0.419706
vt 0.616663 0.449553
vt 0.658156 0.471731
s 0
usemtl Green
f 1204/2044/735 1203/2046/735 1205/2045/735
f 1206/2047/736 1205/2045/736 1207/2048/736
f 1208/2049/737 1207/2048/737 1209/2050/737
f 1210/2051/738 1209/2050/738 1211/2052/738
f 1212/2053/739 1211/2052/739 1213/2054/739
f 1213/2054/740 1215/2056/740 1216/2055/740
f 1216/2055/741 1215/2056/741 1217/2057/741
f 1218/2058/742 1217/2057/742 1219/2059/742
f 1219/2059/743 1221/2061/743 1222/2060/743
f 1221/2061/744 1223/2063/744 1224/2062/744
f 1224/2062/745 1223/2063/745 1225/2064/745
f 1226/2065/746 1225/2064/746 1227/2066/746
f 1228/2067/747 1227/2066/747 1229/2068/747
f 1230/2069/748 1229/2068/748 1231/2070/748
f 1232/2071/749 1231/2070/749 1233/2072/749
f 1234/2073/750 1233/2072/750 1235/2074/750
f 1236/2075/751 1235/2074/751 1237/2076/751
f 1238/2077/752 1237/2076/752 1239/2078/752
f 1240/2079/753 1239/2078/753 1241/2080/753
f 1242/2081/754 1241/2080/754 1243/2082/754
f 1244/2083/755 1243/2082/755 1245/2084/755
f 1246/2085/756 1245/2084/756 1247/2086/756
f 1247/2086/757 1249/2088/757 1250/2087/757
f 1250/2087/758 1249/2088/758 1251/2089/758
f 1252/2090/759 1251/2089/759 1253/2091/759
f 1254/2092/760 1253/2091/760 1255/2093/760
f 1255/2093/761 1257/2095/761 1258/2094/761
f 1258/2094/762 1257/2095/762 1259/2096/762
f 1260/2097/763 1259/2096/763 1261/2098/763
f 1262/2099/764 1261/2098/764 1263/2100/764
f 1240/2101/765 1208/2103/765 1224/2102/765
f 1264/2104/766 1263/2100/766 1265/2105/766
f 1266/2106/767 1265/2105/767 1203/2107/767
f 1233/2108/768 1265/2110/768 1249/2109/768
f 1204/2044/735 1205/2045/735 1206/2047/735
f 1206/2047/736 1207/2048/736 1208/2049/736
f 1208/2049/737 1209/2050/737 1210/2051/737
f 1210/2051/738 1211/2052/738 1212/2053/738
f 1212/2053/739 1213/2054/739 1214/2111/739
f 1213/2054/740 1216/2055/740 1214/2111/740
f 1216/2055/741 1217/2057/741 1218/2058/741
f 1218/2058/742 1219/2059/742 1220/2112/742
f 1219/2059/743 1222/2060/743 1220/2112/743
f 1221/2061/744 1224/2062/744 1222/2060/744
f 1224/2062/745 1225/2064/745 1226/2065/745
f 1226/2065/746 1227/2066/746 1228/2067/746
f 1228/2067/747 1229/2068/747 1230/2069/747
f 1230/2069/748 1231/2070/748 1232/2071/748
f 1232/2071/749 1233/2072/749 1234/2073/749
f 1234/2073/750 1235/2074/750 1236/2075/750
f 1236/2075/751 1237/2076/751 1238/2077/751
f 1238/2077/752 1239/2078/752 1240/2079/752
f 1240/2079/753 1241/2080/753 1242/2081/753
f 1242/2081/754 1243/2082/754 1244/2083/754
f 1244/2083/755 1245/2084/755 1246/2085/755
f 1246/2085/756 1247/2086/756 1248/2113/756
f 1247/2086/757 1250/2087/757 1248/2113/757
f 1250/2087/758 1251/2089/758 1252/2090/758
f 1252/2090/759 1253/2091/759 1254/2092/759
f 1254/2092/760 1255/2093/760 1256/2114/760
f 1255/2093/761 1258/2094/761 1256/2114/761
f 1258/2094/762 1259/2096/762 1260/2097/762
f 1260/2097/763 1261/2098/763 1262/2099/763
f 1262/2099/764 1263/2100/764 1264/2104/764
f 1208/2103/765 1204/2116/765 1206/2115/765
f 1204/2116/765 1264/2118/765 1266/2117/765
f 1264/2118/765 1260/2120/765 1262/2119/765
f 1260/2120/765 1256/2122/765 1258/2121/765
f 1256/2122/765 1252/2124/765 1254/2123/765
f 1252/2124/765 1248/2126/765 1250/2125/765
f 1248/2126/765 1244/2128/765 1246/2127/765
f 1244/2128/765 1240/2101/765 1242/2129/765
f 1240/2101/765 1236/2131/765 1238/2130/765
f 1236/2131/765 1232/2133/765 1234/2132/765
f 1232/2133/765 1228/2135/765 1230/2134/765
f 1228/2135/765 1224/2102/765 1226/2136/765
f 1224/2102/765 1220/2138/765 1222/2137/765
f 1220/2138/765 1216/2140/765 1218/2139/765
f 1216/2140/765 1212/2142/765 1214/2141/765
f 1212/2142/765 1208/2103/765 1210/2143/765
f 1208/2103/765 1264/2118/765 1204/2116/765
f 1264/2118/765 1256/2122/765 1260/2120/765
f 1256/2122/765 1248/2126/765 1252/2124/765
f 1248/2126/765 1240/2101/765 1244/2128/765
f 1240/2101/765 1232/2133/765 1236/2131/765
f 1232/2133/765 1224/2102/765 1228/2135/765
f 1224/2102/765 1216/2140/765 1220/2138/765
f 1216/2140/765 1208/2103/765 1212/2142/765
f 1208/2103/765 1256/2122/765 1264/2118/765
f 1256/2122/765 1240/2101/765 1248/2126/765
f 1240/2101/765 1224/2102/765 1232/2133/765
f 1224/2102/765 1208/2103/765 1216/2140/765
f 1208/2103/765 1240/2101/765 1256/2122/765
f 1264/2104/766 1265/2105/766 1266/2106/766
f 1266/2106/767 1203/2107/767 1204/2144/767
f 1265/2110/768 1205/2146/768 1203/2145/768
f 1205/2146/768 1209/2148/768 1207/2147/768
f 1209/2148/768 1213/2150/768 1211/2149/768
f 1213/2150/768 1217/2152/768 1215/2151/768
f 1217/2152/768 1221/2154/768 1219/2153/768
f 1221/2154/768 1225/2156/768 1223/2155/768
f 1225/2156/768 1229/2158/768 1227/2157/768
f 1229/2158/768 1233/2108/768 1231/2159/768
f 1233/2108/768 1237/2161/768 1235/2160/768
f 1237/2161/768 1241/2163/768 1239/2162/768
f 1241/2163/768 1245/2165/768 1243/2164/768
f 1245/2165/768 1249/2109/768 1247/2166/768
f 1249/2109/768 1253/2168/768 1251/2167/768
f 1253/2168/768 1257/2170/768 1255/2169/768
f 1257/2170/768 1261/2172/768 1259/2171/768
f 1261/2172/768 1265/2110/768 1263/2173/768
f 1265/2110/768 1209/2148/768 1205/2146/768
f 1209/2148/768 1217/2152/768 1213/2150/768
f 1217/2152/768 1225/2156/768 1221/2154/768
f 1225/2156/768 1233/2108/768 1229/2158/768
f 1233/2108/768 1241/2163/768 1237/2161/768
f 1241/2163/768 1249/2109/768 1245/2165/768
f 1249/2109/768 1257/2170/768 1253/2168/768
f 1257/2170/768 1265/2110/768 1261/2172/768
f 1265/2110/768 1217/2152/768 1209/2148/768
f 1217/2152/768 1233/2108/768 1225/2156/768
f 1233/2108/768 1249/2109/768 1241/2163/768
f 1249/2109/768 1265/2110/768 1257/2170/768
f 1265/2110/768 1233/2108/768 1217/2152/768
o Weel.012
v 1.424667 0.524991 -2.709540
v 0.974666 0.524991 -2.709540
v 1.424667 0.520668 -2.753435
v 0.974666 0.520668 -2.753435
v 1.424667 0.507864 -2.795643
v 0.974666 0.507864 -2.795643
v 1.424667 0.487072 -2.834543
v 0.974666 0.487072 -2.834543
v 1.424667 0.459090 -2.868639
v 0.974666 0.459090 -2.868639
v 1.424667 0.424994 -2.896620
v 0.974666 0.424994 -2.896620
v 1.424667 0.386095 -2.917413
v 0.974666 0.386095 -2.917413
v 1.424667 0.343886 -2.930216
v 0.974666 0.343886 -2.930216
v 1.424667 0.299991 -2.934540
v 0.974666 0.299991 -2.934540
v 1.424667 0.256096 -2.930216
v 0.974666 0.256096 -2.930216
v 1.424667 0.213887 -2.917413
v 0.974666 0.213887 -2.917413
v 1.424667 0.174988 -2.896620
v 0.974666 0.174988 -2.896620
v 1.424667 0.140892 -2.868639
v 0.974666 0.140892 -2.868639
v 1.424667 0.112910 -2.834543
v 0.974667 0.112910 -2.834543
v 1.424667 0.092118 -2.795643
v 0.974667 0.092118 -2.795643
v 1.424667 0.079314 -2.753435
v 0.974667 0.079314 -2.753435
v 1.424667 0.074991 -2.709540
v 0.974667 0.074991 -2.709540
v 1.424667 0.079314 -2.665644
v 0.974667 0.079314 -2.665644
v 1.424667 0.092118 -2.623436
v 0.974667 0.092118 -2.623436
v 1.424667 0.112910 -2.584536
v 0.974667 0.112910 -2.584536
v 1.424667 0.140892 -2.550441
v 0.974666 0.140892 -2.550441
v 1.424667 0.174988 -2.522459
v 0.974667 0.174988 -2.522459
v 1.424667 0.213887 -2.501667
v 0.974667 0.213887 -2.501667
v 1.424667 0.256096 -2.488863
v 0.974667 0.256096 -2.488863
v 1.424667 0.299991 -2.484540
v 0.974667 0.299991 -2.484540
v 1.424667 0.343886 -2.488863
v 0.974667 0.343886 -2.488863
v 1.424667 0.386095 -2.501667
v 0.974667 0.386095 -2.501667
v 1.424667 0.424994 -2.522459
v 0.974667 0.424994 -2.522459
v 1.424667 0.459090 -2.550441
v 0.974666 0.459090 -2.550441
v 1.424667 0.487072 -2.584536
v 0.974666 0.487072 -2.584536
v 1.424667 0.507864 -2.623436
v 0.974666 0.507864 -2.623436
v 1.424667 0.520668 -2.665644
v 0.974666 0.520668 -2.665644
vn -0.0000 0.9952 -0.0980
vn -0.0000 0.9569 -0.2903
vn -0.0000 0.8819 -0.4714
vn -0.0000 0.7730 -0.6344
vn -0.0000 0.6344 -0.7730
vn -0.0000 0.4714 -0.8819
vn -0.0000 0.2903 -0.9569
vn -0.0000 0.0980 -0.9952
vn -0.0000 -0.0980 -0.9952
vn -0.0000 -0.2903 -0.9569
vn -0.0000 -0.4714 -0.8819
vn -0.0000 -0.6344 -0.7730
vn -0.0000 -0.7730 -0.6344
vn -0.0000 -0.8819 -0.4714
vn -0.0000 -0.9569 -0.2903
vn -0.0000 -0.9952 -0.0980
vn -0.0000 -0.9952 0.0980
vn -0.0000 -0.9569 0.2903
vn -0.0000 -0.8819 0.4714
vn -0.0000 -0.7730 0.6344
vn -0.0000 -0.6344 0.7730
vn -0.0000 -0.4714 0.8819
vn -0.0000 -0.2903 0.9569
vn -0.0000 -0.0980 0.9952
vn -0.0000 0.0980 0.9952
vn -0.0000 0.2903 0.9569
vn -0.0000 0.4714 0.8819
vn -0.0000 0.6344 0.7730
vn -0.0000 0.7730 0.6344
vn -0.0000 0.8819 0.4714
vn -1.0000 -0.0000 -0.0000
vn -0.0000 0.9569 0.2903
vn -0.0000 0.9952 0.0980
vn 1.0000 -0.0000 -0.0000
vt 1.000000 1.000000
vt 0.968750 0.500000
vt 1.000000 0.500000
vt 0.968750 1.000000
vt 0.937500 0.500000
vt 0.937500 1.000000
vt 0.906250 0.500000
vt 0.906250 1.000000
vt 0.875000 0.500000
vt 0.875000 1.000000
vt 0.843750 0.500000
vt 0.812500 1.000000
vt 0.812500 0.500000
vt 0.781250 0.500000
vt 0.781250 1.000000
vt 0.750000 0.500000
vt 0.718750 1.000000
vt 0.718750 0.500000
vt 0.687500 1.000000
vt 0.687500 0.500000
vt 0.656250 0.500000
vt 0.656250 1.000000
vt 0.625000 0.500000
vt 0.625000 1.000000
vt 0.593750 0.500000
vt 0.593750 1.000000
vt 0.562500 0.500000
vt 0.562500 1.000000
vt 0.531250 0.500000
vt 0.531250 1.000000
vt 0.500000 0.500000
vt 0.500000 1.000000
vt 0.468750 0.500000
vt 0.468750 1.000000
vt 0.437500 0.500000
vt 0.437500 1.000000
vt 0.406250 0.500000
vt 0.406250 1.000000
vt 0.375000 0.500000
vt 0.375000 1.000000
vt 0.343750 0.500000
vt 0.343750 1.000000
vt 0.312500 0.500000
vt 0.281250 1.000000
vt 0.281250 0.500000
vt 0.250000 0.500000
vt 0.250000 1.000000
vt 0.218750 0.500000
vt 0.218750 1.000000
vt 0.187500 0.500000
vt 0.156250 1.000000
vt 0.156250 0.500000
vt 0.125000 0.500000
vt 0.125000 1.000000
vt 0.093750 0.500000
vt 0.093750 1.000000
vt 0.062500 0.500000
vt 0.158156 0.028269
vt 0.471731 0.158156
vt 0.341844 0.471731
vt 0.062500 1.000000
vt 0.031250 0.500000
vt 0.031250 1.000000
vt 0.000000 0.500000
vt 0.796822 0.014612
vt 0.514612 0.203178
vt 0.703178 0.485388
vt 0.843750 1.000000
vt 0.750000 1.000000
vt 0.312500 1.000000
vt 0.187500 1.000000
vt 0.296822 0.485388
vt 0.250000 0.490000
vt 0.203178 0.485388
vt 0.158156 0.471731
vt 0.116663 0.449553
vt 0.080294 0.419706
vt 0.050447 0.383337
vt 0.028269 0.341844
vt 0.014612 0.296822
vt 0.010000 0.250000
vt 0.014612 0.203178
vt 0.028269 0.158156
vt 0.050447 0.116663
vt 0.080294 0.080294
vt 0.116663 0.050447
vt 0.203178 0.014612
vt 0.250000 0.010000
vt 0.296822 0.014612
vt 0.341844 0.028269
vt 0.383337 0.050447
vt 0.419706 0.080294
vt 0.449553 0.116663
vt 0.485388 0.203178
vt 0.490000 0.250000
vt 0.485388 0.296822
vt 0.471731 0.341844
vt 0.449553 0.383337
vt 0.419706 0.419706
vt 0.383337 0.449553
vt 0.000000 1.000000
vt 0.750000 0.490000
vt 0.796822 0.485388
vt 0.841844 0.471731
vt 0.883337 0.449553
vt 0.919706 0.419706
vt 0.949553 0.383337
vt 0.971731 0.341844
vt 0.985388 0.296822
vt 0.990000 0.250000
vt 0.985388 0.203178
vt 0.971731 0.158156
vt 0.949553 0.116663
vt 0.919706 0.080294
vt 0.883337 0.050447
vt 0.841844 0.028269
vt 0.750000 0.010000
vt 0.703178 0.014612
vt 0.658156 0.028269
vt 0.616663 0.050447
vt 0.580294 0.080294
vt 0.550447 0.116663
vt 0.528269 0.158156
vt 0.510000 0.250000
vt 0.514612 0.296822
vt 0.528269 0.341844
vt 0.550447 0.383337
vt 0.580294 0.419706
vt 0.616663 0.449553
vt 0.658156 0.471731
s 0
usemtl Green
f 1268/2174/769 1267/2176/769 1269/2175/769
f 1270/2177/770 1269/2175/770 1271/2178/770
f 1272/2179/771 1271/2178/771 1273/2180/771
f 1274/2181/772 1273/2180/772 1275/2182/772
f 1276/2183/773 1275/2182/773 1277/2184/773
f 1277/2184/774 1279/2186/774 1280/2185/774
f 1280/2185/775 1279/2186/775 1281/2187/775
f 1282/2188/776 1281/2187/776 1283/2189/776
f 1283/2189/777 1285/2191/777 1286/2190/777
f 1285/2191/778 1287/2193/778 1288/2192/778
f 1288/2192/779 1287/2193/779 1289/2194/779
f 1290/2195/780 1289/2194/780 1291/2196/780
f 1292/2197/781 1291/2196/781 1293/2198/781
f 1294/2199/782 1293/2198/782 1295/2200/782
f 1296/2201/783 1295/2200/783 1297/2202/783
f 1298/2203/784 1297/2202/784 1299/2204/784
f 1300/2205/785 1299/2204/785 1301/2206/785
f 1302/2207/786 1301/2206/786 1303/2208/786
f 1304/2209/787 1303/2208/787 1305/2210/787
f 1306/2211/788 1305/2210/788 1307/2212/788
f 1308/2213/789 1307/2212/789 1309/2214/789
f 1310/2215/790 1309/2214/790 1311/2216/790
f 1311/2216/791 1313/2218/791 1314/2217/791
f 1314/2217/792 1313/2218/792 1315/2219/792
f 1316/2220/793 1315/2219/793 1317/2221/793
f 1318/2222/794 1317/2221/794 1319/2223/794
f 1319/2223/795 1321/2225/795 1322/2224/795
f 1322/2224/796 1321/2225/796 1323/2226/796
f 1324/2227/797 1323/2226/797 1325/2228/797
f 1326/2229/798 1325/2228/798 1327/2230/798
f 1304/2231/799 1272/2233/799 1288/2232/799
f 1328/2234/800 1327/2230/800 1329/2235/800
f 1330/2236/801 1329/2235/801 1267/2237/801
f 1297/2238/802 1329/2240/802 1313/2239/802
f 1268/2174/769 1269/2175/769 1270/2177/769
f 1270/2177/770 1271/2178/770 1272/2179/770
f 1272/2179/771 1273/2180/771 1274/2181/771
f 1274/2181/772 1275/2182/772 1276/2183/772
f 1276/2183/773 1277/2184/773 1278/2241/773
f 1277/2184/774 1280/2185/774 1278/2241/774
f 1280/2185/775 1281/2187/775 1282/2188/775
f 1282/2188/776 1283/2189/776 1284/2242/776
f 1283/2189/777 1286/2190/777 1284/2242/777
f 1285/2191/778 1288/2192/778 1286/2190/778
f 1288/2192/779 1289/2194/779 1290/2195/779
f 1290/2195/780 1291/2196/780 1292/2197/780
f 1292/2197/781 1293/2198/781 1294/2199/781
f 1294/2199/782 1295/2200/782 1296/2201/782
f 1296/2201/783 1297/2202/783 1298/2203/783
f 1298/2203/784 1299/2204/784 1300/2205/784
f 1300/2205/785 1301/2206/785 1302/2207/785
f 1302/2207/786 1303/2208/786 1304/2209/786
f 1304/2209/787 1305/2210/787 1306/2211/787
f 1306/2211/788 1307/2212/788 1308/2213/788
f 1308/2213/789 1309/2214/789 1310/2215/789
f 1310/2215/790 1311/2216/790 1312/2243/790
f 1311/2216/791 1314/2217/791 1312/2243/791
f 1314/2217/792 1315/2219/792 1316/2220/792
f 1316/2220/793 1317/2221/793 1318/2222/793
f 1318/2222/794 1319/2223/794 1320/2244/794
f 1319/2223/795 1322/2224/795 1320/2244/795
f 1322/2224/796 1323/2226/796 1324/2227/796
f 1324/2227/797 1325/2228/797 1326/2229/797
f 1326/2229/798 1327/2230/798 1328/2234/798
f 1272/2233/799 1268/2246/799 1270/2245/799
f 1268/2246/799 1328/2248/799 1330/2247/799
f 1328/2248/799 1324/2250/799 1326/2249/799
f 1324/2250/799 1320/2252/799 1322/2251/799
f 1320/2252/799 1316/2254/799 1318/2253/799
f 1316/2254/799 1312/2256/799 1314/2255/799
f 1312/2256/799 1308/2258/799 1310/2257/799
f 1308/2258/799 1304/2231/799 1306/2259/799
f 1304/2231/799 1300/2261/799 1302/2260/799
f 1300/2261/799 1296/2263/799 1298/2262/799
f 1296/2263/799 1292/2265/799 1294/2264/799
f 1292/2265/799 1288/2232/799 1290/2266/799
f 1288/2232/799 1284/2268/799 1286/2267/799
f 1284/2268/799 1280/2270/799 1282/2269/799
f 1280/2270/799 1276/2272/799 1278/2271/799
f 1276/2272/799 1272/2233/799 1274/2273/799
f 1272/2233/799 1328/2248/799 1268/2246/799
f 1328/2248/799 1320/2252/799 1324/2250/799
f 1320/2252/799 1312/2256/799 1316/2254/799
f 1312/2256/799 1304/2231/799 1308/2258/799
f 1304/2231/799 1296/2263/799 1300/2261/799
f 1296/2263/799 1288/2232/799 1292/2265/799
f 1288/2232/799 1280/2270/799 1284/2268/799
f 1280/2270/799 1272/2233/799 1276/2272/799
f 1272/2233/799 1320/2252/799 1328/2248/799
f 1320/2252/799 1304/2231/799 1312/2256/799
f 1304/2231/799 1288/2232/799 1296/2263/799
f 1288/2232/799 1272/2233/799 1280/2270/799
f 1272/2233/799 1304/2231/799 1320/2252/799
f 1328/2234/800 1329/2235/800 1330/2236/800
f 1330/2236/801 1267/2237/801 1268/2274/801
f 1329/2240/802 1269/2276/802 1267/2275/802
f 1269/2276/802 1273/2278/802 1271/2277/802
f 1273/2278/802 1277/2280/802 1275/2279/802
f 1277/2280/802 1281/2282/802 1279/2281/802
f 1281/2282/802 1285/2284/802 1283/2283/802
f 1285/2284/802 1289/2286/802 1287/2285/802
f 1289/2286/802 1293/2288/802 1291/2287/802
f 1293/2288/802 1297/2238/802 1295/2289/802
f 1297/2238/802 1301/2291/802 1299/2290/802
f 1301/2291/802 1305/2293/802 1303/2292/802
f 1305/2293/802 1309/2295/802 1307/2294/802
f 1309/2295/802 1313/2239/802 1311/2296/802
f 1313/2239/802 1317/2298/802 1315/2297/802
f 1317/2298/802 1321/2300/802 1319/2299/802
f 1321/2300/802 1325/2302/802 1323/2301/802
f 1325/2302/802 1329/2240/802 1327/2303/802
f 1329/2240/802 1273/2278/802 1269/2276/802
f 1273/2278/802 1281/2282/802 1277/2280/802
f 1281/2282/802 1289/2286/802 1285/2284/802
f 1289/2286/802 1297/2238/802 1293/2288/802
f 1297/2238/802 1305/2293/802 1301/2291/802
f 1305/2293/802 1313/2239/802 1309/2295/802
f 1313/2239/802 1321/2300/802 1317/2298/802
f 1321/2300/802 1329/2240/802 1325/2302/802
f 1329/2240/802 1281/2282/802 1273/2278/802
f 1281/2282/802 1297/2238/802 1289/2286/802
f 1297/2238/802 1313/2239/802 1305/2293/802
f 1313/2239/802 1329/2240/802 1321/2300/802
f 1329/2240/802 1297/2238/802 1281/2282/802
o Weel.011
v 1.424667 0.449991 -1.989540
v 0.974666 0.449991 -1.989540
v 1.424667 0.441344 -2.077331
v 0.974666 0.441344 -2.077331
v 1.424666 0.415737 -2.161748
v 0.974666 0.415737 -2.161748
v 1.424666 0.374152 -2.239547
v 0.974666 0.374152 -2.239547
v 1.424667 0.318189 -2.307738
v 0.974666 0.318189 -2.307738
v 1.424667 0.249998 -2.363702
v 0.974666 0.249997 -2.363702
v 1.424667 0.172198 -2.405286
v 0.974666 0.172198 -2.405286
v 1.424667 0.087782 -2.430894
v 0.974666 0.087782 -2.430894
v 1.424667 -0.000009 -2.439540
v 0.974666 -0.000009 -2.439540
v 1.424667 -0.087800 -2.430894
v 0.974666 -0.087800 -2.430894
v 1.424667 -0.172217 -2.405286
v 0.974666 -0.172217 -2.405286
v 1.424667 -0.250016 -2.363702
v 0.974666 -0.250016 -2.363702
v 1.424667 -0.318207 -2.307738
v 0.974666 -0.318207 -2.307738
v 1.424667 -0.374170 -2.239547
v 0.974666 -0.374170 -2.239547
v 1.424667 -0.415755 -2.161748
v 0.974666 -0.415755 -2.161748
v 1.424667 -0.441362 -2.077331
v 0.974667 -0.441363 -2.077331
v 1.424667 -0.450009 -1.989540
v 0.974667 -0.450009 -1.989540
v 1.424667 -0.441362 -1.901750
v 0.974667 -0.441363 -1.901750
v 1.424667 -0.415755 -1.817333
v 0.974667 -0.415755 -1.817333
v 1.424667 -0.374170 -1.739534
v 0.974667 -0.374170 -1.739534
v 1.424667 -0.318207 -1.671342
v 0.974667 -0.318207 -1.671342
v 1.424667 -0.250016 -1.615379
v 0.974667 -0.250016 -1.615379
v 1.424667 -0.172217 -1.573795
v 0.974667 -0.172217 -1.573795
v 1.424667 -0.087800 -1.548187
v 0.974667 -0.087800 -1.548187
v 1.424667 -0.000009 -1.539540
v 0.974667 -0.000009 -1.539540
v 1.424667 0.087782 -1.548187
v 0.974667 0.087782 -1.548187
v 1.424667 0.172198 -1.573795
v 0.974667 0.172198 -1.573795
v 1.424667 0.249998 -1.615379
v 0.974667 0.249997 -1.615379
v 1.424667 0.318189 -1.671342
v 0.974667 0.318189 -1.671342
v 1.424667 0.374152 -1.739534
v 0.974666 0.374152 -1.739534
v 1.424667 0.415737 -1.817333
v 0.974666 0.415737 -1.817333
v 1.424667 0.441344 -1.901750
v 0.974666 0.441344 -1.901750
vn -0.0000 0.9952 -0.0980
vn -0.0000 0.9569 -0.2903
vn -0.0000 0.8819 -0.4714
vn -0.0000 0.7730 -0.6344
vn -0.0000 0.6344 -0.7730
vn -0.0000 0.4714 -0.8819
vn -0.0000 0.2903 -0.9569
vn -0.0000 0.0980 -0.9952
vn -0.0000 -0.0980 -0.9952
vn -0.0000 -0.2903 -0.9569
vn -0.0000 -0.4714 -0.8819
vn -0.0000 -0.6344 -0.7730
vn -0.0000 -0.7730 -0.6344
vn -0.0000 -0.8819 -0.4714
vn -0.0000 -0.9569 -0.2903
vn -0.0000 -0.9952 -0.0980
vn -0.0000 -0.9952 0.0980
vn -0.0000 -0.9569 0.2903
vn -0.0000 -0.8819 0.4714
vn -0.0000 -0.7730 0.6344
vn -0.0000 -0.6344 0.7730
vn -0.0000 -0.4714 0.8819
vn -0.0000 -0.2903 0.9569
vn -0.0000 -0.0980 0.9952
vn -0.0000 0.0980 0.9952
vn -0.0000 0.2903 0.9569
vn -0.0000 0.4714 0.8819
vn -0.0000 0.6344 0.7730
vn -0.0000 0.7730 0.6344
vn -0.0000 0.8819 0.4714
vn -1.0000 -0.0000 -0.0000
vn -0.0000 0.9569 0.2903
vn -0.0000 0.9952 0.0980
vn 1.0000 -0.0000 -0.0000
vt 1.000000 1.000000
vt 0.968750 0.500000
vt 1.000000 0.500000
vt 0.968750 1.000000
vt 0.937500 0.500000
vt 0.937500 1.000000
vt 0.906250 0.500000
vt 0.906250 1.000000
vt 0.875000 0.500000
vt 0.875000 1.000000
vt 0.843750 0.500000
vt 0.812500 1.000000
vt 0.812500 0.500000
vt 0.781250 0.500000
vt 0.781250 1.000000
vt 0.750000 0.500000
vt 0.718750 1.000000
vt 0.718750 0.500000
vt 0.687500 1.000000
vt 0.687500 0.500000
vt 0.656250 0.500000
vt 0.656250 1.000000
vt 0.625000 0.500000
vt 0.625000 1.000000
vt 0.593750 0.500000
vt 0.593750 1.000000
vt 0.562500 0.500000
vt 0.562500 1.000000
vt 0.531250 0.500000
vt 0.531250 1.000000
vt 0.500000 0.500000
vt 0.500000 1.000000
vt 0.468750 0.500000
vt 0.468750 1.000000
vt 0.437500 0.500000
vt 0.437500 1.000000
vt 0.406250 0.500000
vt 0.406250 1.000000
vt 0.375000 0.500000
vt 0.375000 1.000000
vt 0.343750 0.500000
vt 0.343750 1.000000
vt 0.312500 0.500000
vt 0.281250 1.000000
vt 0.281250 0.500000
vt 0.250000 0.500000
vt 0.250000 1.000000
vt 0.218750 0.500000
vt 0.218750 1.000000
vt 0.187500 0.500000
vt 0.156250 1.000000
vt 0.156250 0.500000
vt 0.125000 0.500000
vt 0.125000 1.000000
vt 0.093750 0.500000
vt 0.093750 1.000000
vt 0.062500 0.500000
vt 0.158156 0.028269
vt 0.471731 0.158156
vt 0.341844 0.471731
vt 0.062500 1.000000
vt 0.031250 0.500000
vt 0.031250 1.000000
vt 0.000000 0.500000
vt 0.796822 0.014612
vt 0.514612 0.203178
vt 0.703178 0.485388
vt 0.843750 1.000000
vt 0.750000 1.000000
vt 0.312500 1.000000
vt 0.187500 1.000000
vt 0.296822 0.485388
vt 0.250000 0.490000
vt 0.203178 0.485388
vt 0.158156 0.471731
vt 0.116663 0.449553
vt 0.080294 0.419706
vt 0.050447 0.383337
vt 0.028269 0.341844
vt 0.014612 0.296822
vt 0.010000 0.250000
vt 0.014612 0.203178
vt 0.028269 0.158156
vt 0.050447 0.116663
vt 0.080294 0.080294
vt 0.116663 0.050447
vt 0.203178 0.014612
vt 0.250000 0.010000
vt 0.296822 0.014612
vt 0.341844 0.028269
vt 0.383337 0.050447
vt 0.419706 0.080294
vt 0.449553 0.116663
vt 0.485388 0.203178
vt 0.490000 0.250000
vt 0.485388 0.296822
vt 0.471731 0.341844
vt 0.449553 0.383337
vt 0.419706 0.419706
vt 0.383337 0.449553
vt 0.000000 1.000000
vt 0.750000 0.490000
vt 0.796822 0.485388
vt 0.841844 0.471731
vt 0.883337 0.449553
vt 0.919706 0.419706
vt 0.949553 0.383337
vt 0.971731 0.341844
vt 0.985388 0.296822
vt 0.990000 0.250000
vt 0.985388 0.203178
vt 0.971731 0.158156
vt 0.949553 0.116663
vt 0.919706 0.080294
vt 0.883337 0.050447
vt 0.841844 0.028269
vt 0.750000 0.010000
vt 0.703178 0.014612
vt 0.658156 0.028269
vt 0.616663 0.050447
vt 0.580294 0.080294
vt 0.550447 0.116663
vt 0.528269 0.158156
vt 0.510000 0.250000
vt 0.514612 0.296822
vt 0.528269 0.341844
vt 0.550447 0.383337
vt 0.580294 0.419706
vt 0.616663 0.449553
vt 0.658156 0.471731
s 0
usemtl Green
f 1332/2304/803 1331/2306/803 1333/2305/803
f 1334/2307/804 1333/2305/804 1335/2308/804
f 1336/2309/805 1335/2308/805 1337/2310/805
f 1338/2311/806 1337/2310/806 1339/2312/806
f 1340/2313/807 1339/2312/807 1341/2314/807
f 1341/2314/808 1343/2316/808 1344/2315/808
f 1344/2315/809 1343/2316/809 1345/2317/809
f 1346/2318/810 1345/2317/810 1347/2319/810
f 1347/2319/811 1349/2321/811 1350/2320/811
f 1349/2321/812 1351/2323/812 1352/2322/812
f 1352/2322/813 1351/2323/813 1353/2324/813
f 1354/2325/814 1353/2324/814 1355/2326/814
f 1356/2327/815 1355/2326/815 1357/2328/815
f 1358/2329/816 1357/2328/816 1359/2330/816
f 1360/2331/817 1359/2330/817 1361/2332/817
f 1362/2333/818 1361/2332/818 1363/2334/818
f 1364/2335/819 1363/2334/819 1365/2336/819
f 1366/2337/820 1365/2336/820 1367/2338/820
f 1368/2339/821 1367/2338/821 1369/2340/821
f 1370/2341/822 1369/2340/822 1371/2342/822
f 1372/2343/823 1371/2342/823 1373/2344/823
f 1374/2345/824 1373/2344/824 1375/2346/824
f 1375/2346/825 1377/2348/825 1378/2347/825
f 1378/2347/826 1377/2348/826 1379/2349/826
f 1380/2350/827 1379/2349/827 1381/2351/827
f 1382/2352/828 1381/2351/828 1383/2353/828
f 1383/2353/829 1385/2355/829 1386/2354/829
f 1386/2354/830 1385/2355/830 1387/2356/830
f 1388/2357/831 1387/2356/831 1389/2358/831
f 1390/2359/832 1389/2358/832 1391/2360/832
f 1368/2361/833 1336/2363/833 1352/2362/833
f 1392/2364/834 1391/2360/834 1393/2365/834
f 1394/2366/835 1393/2365/835 1331/2367/835
f 1361/2368/836 1393/2370/836 1377/2369/836
f 1332/2304/803 1333/2305/803 1334/2307/803
f 1334/2307/804 1335/2308/804 1336/2309/804
f 1336/2309/805 1337/2310/805 1338/2311/805
f 1338/2311/806 1339/2312/806 1340/2313/806
f 1340/2313/807 1341/2314/807 1342/2371/807
f 1341/2314/808 1344/2315/808 1342/2371/808
f 1344/2315/809 1345/2317/809 1346/2318/809
f 1346/2318/810 1347/2319/810 1348/2372/810
f 1347/2319/811 1350/2320/811 1348/2372/811
f 1349/2321/812 1352/2322/812 1350/2320/812
f 1352/2322/813 1353/2324/813 1354/2325/813
f 1354/2325/814 1355/2326/814 1356/2327/814
f 1356/2327/815 1357/2328/815 1358/2329/815
f 1358/2329/816 1359/2330/816 1360/2331/816
f 1360/2331/817 1361/2332/817 1362/2333/817
f 1362/2333/818 1363/2334/818 1364/2335/818
f 1364/2335/819 1365/2336/819 1366/2337/819
f 1366/2337/820 1367/2338/820 1368/2339/820
f 1368/2339/821 1369/2340/821 1370/2341/821
f 1370/2341/822 1371/2342/822 1372/2343/822
f 1372/2343/823 1373/2344/823 1374/2345/823
f 1374/2345/824 1375/2346/824 1376/2373/824
f 1375/2346/825 1378/2347/825 1376/2373/825
f 1378/2347/826 1379/2349/826 1380/2350/826
f 1380/2350/827 1381/2351/827 1382/2352/827
f 1382/2352/828 1383/2353/828 1384/2374/828
f 1383/2353/829 1386/2354/829 1384/2374/829
f 1386/2354/830 1387/2356/830 1388/2357/830
f 1388/2357/831 1389/2358/831 1390/2359/831
f 1390/2359/832 1391/2360/832 1392/2364/832
f 1336/2363/833 1332/2376/833 1334/2375/833
f 1332/2376/833 1392/2378/833 1394/2377/833
f 1392/2378/833 1388/2380/833 1390/2379/833
f 1388/2380/833 1384/2382/833 1386/2381/833
f 1384/2382/833 1380/2384/833 1382/2383/833
f 1380/2384/833 1376/2386/833 1378/2385/833
f 1376/2386/833 1372/2388/833 1374/2387/833
f 1372/2388/833 1368/2361/833 1370/2389/833
f 1368/2361/833 1364/2391/833 1366/2390/833
f 1364/2391/833 1360/2393/833 1362/2392/833
f 1360/2393/833 1356/2395/833 1358/2394/833
f 1356/2395/833 1352/2362/833 1354/2396/833
f 1352/2362/833 1348/2398/833 1350/2397/833
f 1348/2398/833 1344/2400/833 1346/2399/833
f 1344/2400/833 1340/2402/833 1342/2401/833
f 1340/2402/833 1336/2363/833 1338/2403/833
f 1336/2363/833 1392/2378/833 1332/2376/833
f 1392/2378/833 1384/2382/833 1388/2380/833
f 1384/2382/833 1376/2386/833 1380/2384/833
f 1376/2386/833 1368/2361/833 1372/2388/833
f 1368/2361/833 1360/2393/833 1364/2391/833
f 1360/2393/833 1352/2362/833 1356/2395/833
f 1352/2362/833 1344/2400/833 1348/2398/833
f 1344/2400/833 1336/2363/833 1340/2402/833
f 1336/2363/833 1384/2382/833 1392/2378/833
f 1384/2382/833 1368/2361/833 1376/2386/833
f 1368/2361/833 1352/2362/833 1360/2393/833
f 1352/2362/833 1336/2363/833 1344/2400/833
f 1336/2363/833 1368/2361/833 1384/2382/833
f 1392/2364/834 1393/2365/834 1394/2366/834
f 1394/2366/835 1331/2367/835 1332/2404/835
f 1393/2370/836 1333/2406/836 1331/2405/836
f 1333/2406/836 1337/2408/836 1335/2407/836
f 1337/2408/836 1341/2410/836 1339/2409/836
f 1341/2410/836 1345/2412/836 1343/2411/836
f 1345/2412/836 1349/2414/836 1347/2413/836
f 1349/2414/836 1353/2416/836 1351/2415/836
f 1353/2416/836 1357/2418/836 1355/2417/836
f 1357/2418/836 1361/2368/836 1359/2419/836
f 1361/2368/836 1365/2421/836 1363/2420/836
f 1365/2421/836 1369/2423/836 1367/2422/836
f 1369/2423/836 1373/2425/836 1371/2424/836
f 1373/2425/836 1377/2369/836 1375/2426/836
f 1377/2369/836 1381/2428/836 1379/2427/836
f 1381/2428/836 1385/2430/836 1383/2429/836
f 1385/2430/836 1389/2432/836 1387/2431/836
f 1389/2432/836 1393/2370/836 1391/2433/836
f 1393/2370/836 1337/2408/836 1333/2406/836
f 1337/2408/836 1345/2412/836 1341/2410/836
f 1345/2412/836 1353/2416/836 1349/2414/836
f 1353/2416/836 1361/2368/836 1357/2418/836
f 1361/2368/836 1369/2423/836 1365/2421/836
f 1369/2423/836 1377/2369/836 1373/2425/836
f 1377/2369/836 1385/2430/836 1381/2428/836
f 1385/2430/836 1393/2370/836 1389/2432/836
f 1393/2370/836 1345/2412/836 1337/2408/836
f 1345/2412/836 1361/2368/836 1353/2416/836
f 1361/2368/836 1377/2369/836 1369/2423/836
f 1377/2369/836 1393/2370/836 1385/2430/836
f 1393/2370/836 1361/2368/836 1345/2412/836
o Weel.010
v 1.424667 0.449991 -0.069540
v 0.974667 0.449991 -0.069540
v 1.424667 0.441344 -0.157331
v 0.974667 0.441344 -0.157331
v 1.424667 0.415737 -0.241748
v 0.974667 0.415737 -0.241748
v 1.424667 0.374152 -0.319547
v 0.974667 0.374152 -0.319547
v 1.424667 0.318189 -0.387738
v 0.974667 0.318189 -0.387738
v 1.424667 0.249998 -0.443701
v 0.974667 0.249997 -0.443701
v 1.424667 0.172198 -0.485286
v 0.974667 0.172198 -0.485286
v 1.424667 0.087782 -0.510893
v 0.974667 0.087782 -0.510893
v 1.424667 -0.000009 -0.519540
v 0.974667 -0.000009 -0.519540
v 1.424667 -0.087800 -0.510893
v 0.974667 -0.087800 -0.510893
v 1.424667 -0.172217 -0.485286
v 0.974667 -0.172217 -0.485286
v 1.424667 -0.250016 -0.443701
v 0.974667 -0.250016 -0.443701
v 1.424667 -0.318207 -0.387738
v 0.974667 -0.318207 -0.387738
v 1.424667 -0.374170 -0.319547
v 0.974667 -0.374170 -0.319547
v 1.424667 -0.415755 -0.241748
v 0.974667 -0.415755 -0.241748
v 1.424667 -0.441362 -0.157331
v 0.974667 -0.441363 -0.157331
v 1.424667 -0.450009 -0.069540
v 0.974667 -0.450009 -0.069540
v 1.424667 -0.441362 0.018251
v 0.974667 -0.441363 0.018251
v 1.424667 -0.415755 0.102667
v 0.974667 -0.415755 0.102667
v 1.424667 -0.374170 0.180466
v 0.974667 -0.374170 0.180466
v 1.424667 -0.318207 0.248658
v 0.974667 -0.318207 0.248658
v 1.424667 -0.250016 0.304621
v 0.974667 -0.250016 0.304621
v 1.424667 -0.172217 0.346206
v 0.974667 -0.172217 0.346206
v 1.424667 -0.087800 0.371813
v 0.974667 -0.087800 0.371813
v 1.424667 -0.000009 0.380460
v 0.974667 -0.000009 0.380460
v 1.424667 0.087782 0.371813
v 0.974667 0.087782 0.371813
v 1.424667 0.172198 0.346206
v 0.974667 0.172198 0.346206
v 1.424667 0.249998 0.304621
v 0.974667 0.249997 0.304621
v 1.424667 0.318189 0.248658
v 0.974667 0.318189 0.248658
v 1.424667 0.374152 0.180466
v 0.974667 0.374152 0.180466
v 1.424667 0.415737 0.102667
v 0.974667 0.415737 0.102667
v 1.424667 0.441344 0.018251
v 0.974667 0.441344 0.018251
vn -0.0000 0.9952 -0.0980
vn -0.0000 0.9569 -0.2903
vn -0.0000 0.8819 -0.4714
vn -0.0000 0.7730 -0.6344
vn -0.0000 0.6344 -0.7730
vn -0.0000 0.4714 -0.8819
vn -0.0000 0.2903 -0.9569
vn -0.0000 0.0980 -0.9952
vn -0.0000 -0.0980 -0.9952
vn -0.0000 -0.2903 -0.9569
vn -0.0000 -0.4714 -0.8819
vn -0.0000 -0.6344 -0.7730
vn -0.0000 -0.7730 -0.6344
vn -0.0000 -0.8819 -0.4714
vn -0.0000 -0.9569 -0.2903
vn -0.0000 -0.9952 -0.0980
vn -0.0000 -0.9952 0.0980
vn -0.0000 -0.9569 0.2903
vn -0.0000 -0.8819 0.4714
vn -0.0000 -0.7730 0.6344
vn -0.0000 -0.6344 0.7730
vn -0.0000 -0.4714 0.8819
vn -0.0000 -0.2903 0.9569
vn -0.0000 -0.0980 0.9952
vn -0.0000 0.0980 0.9952
vn -0.0000 0.2903 0.9569
vn -0.0000 0.4714 0.8819
vn -0.0000 0.6344 0.7730
vn -0.0000 0.7730 0.6344
vn -0.0000 0.8819 0.4714
vn -1.0000 -0.0000 -0.0000
vn -0.0000 0.9569 0.2903
vn -0.0000 0.9952 0.0980
vn 1.0000 -0.0000 -0.0000
vt 1.000000 1.000000
vt 0.968750 0.500000
vt 1.000000 0.500000
vt 0.968750 1.000000
vt 0.937500 0.500000
vt 0.937500 1.000000
vt 0.906250 0.500000
vt 0.906250 1.000000
vt 0.875000 0.500000
vt 0.875000 1.000000
vt 0.843750 0.500000
vt 0.812500 1.000000
vt 0.812500 0.500000
vt 0.781250 0.500000
vt 0.781250 1.000000
vt 0.750000 0.500000
vt 0.718750 1.000000
vt 0.718750 0.500000
vt 0.687500 1.000000
vt 0.687500 0.500000
vt 0.656250 0.500000
vt 0.656250 1.000000
vt 0.625000 0.500000
vt 0.625000 1.000000
vt 0.593750 0.500000
vt 0.593750 1.000000
vt 0.562500 0.500000
vt 0.562500 1.000000
vt 0.531250 0.500000
vt 0.531250 1.000000
vt 0.500000 0.500000
vt 0.500000 1.000000
vt 0.468750 0.500000
vt 0.468750 1.000000
vt 0.437500 0.500000
vt 0.437500 1.000000
vt 0.406250 0.500000
vt 0.406250 1.000000
vt 0.375000 0.500000
vt 0.375000 1.000000
vt 0.343750 0.500000
vt 0.343750 1.000000
vt 0.312500 0.500000
vt 0.281250 1.000000
vt 0.281250 0.500000
vt 0.250000 0.500000
vt 0.250000 1.000000
vt 0.218750 0.500000
vt 0.218750 1.000000
vt 0.187500 0.500000
vt 0.156250 1.000000
vt 0.156250 0.500000
vt 0.125000 0.500000
vt 0.125000 1.000000
vt 0.093750 0.500000
vt 0.093750 1.000000
vt 0.062500 0.500000
vt 0.158156 0.028269
vt 0.471731 0.158156
vt 0.341844 0.471731
vt 0.062500 1.000000
vt 0.031250 0.500000
vt 0.031250 1.000000
vt 0.000000 0.500000
vt 0.796822 0.014612
vt 0.514612 0.203178
vt 0.703178 0.485388
vt 0.843750 1.000000
vt 0.750000 1.000000
vt 0.312500 1.000000
vt 0.187500 1.000000
vt 0.296822 0.485388
vt 0.250000 0.490000
vt 0.203178 0.485388
vt 0.158156 0.471731
vt 0.116663 0.449553
vt 0.080294 0.419706
vt 0.050447 0.383337
vt 0.028269 0.341844
vt 0.014612 0.296822
vt 0.010000 0.250000
vt 0.014612 0.203178
vt 0.028269 0.158156
vt 0.050447 0.116663
vt 0.080294 0.080294
vt 0.116663 0.050447
vt 0.203178 0.014612
vt 0.250000 0.010000
vt 0.296822 0.014612
vt 0.341844 0.028269
vt 0.383337 0.050447
vt 0.419706 0.080294
vt 0.449553 0.116663
vt 0.485388 0.203178
vt 0.490000 0.250000
vt 0.485388 0.296822
vt 0.471731 0.341844
vt 0.449553 0.383337
vt 0.419706 0.419706
vt 0.383337 0.449553
vt 0.000000 1.000000
vt 0.750000 0.490000
vt 0.796822 0.485388
vt 0.841844 0.471731
vt 0.883337 0.449553
vt 0.919706 0.419706
vt 0.949553 0.383337
vt 0.971731 0.341844
vt 0.985388 0.296822
vt 0.990000 0.250000
vt 0.985388 0.203178
vt 0.971731 0.158156
vt 0.949553 0.116663
vt 0.919706 0.080294
vt 0.883337 0.050447
vt 0.841844 0.028269
vt 0.750000 0.010000
vt 0.703178 0.014612
vt 0.658156 0.028269
vt 0.616663 0.050447
vt 0.580294 0.080294
vt 0.550447 0.116663
vt 0.528269 0.158156
vt 0.510000 0.250000
vt 0.514612 0.296822
vt 0.528269 0.341844
vt 0.550447 0.383337
vt 0.580294 0.419706
vt 0.616663 0.449553
vt 0.658156 0.471731
s 0
usemtl Green
f 1396/2434/837 1395/2436/837 1397/2435/837
f 1398/2437/838 1397/2435/838 1399/2438/838
f 1400/2439/839 1399/2438/839 1401/2440/839
f 1402/2441/840 1401/2440/840 1403/2442/840
f 1404/2443/841 1403/2442/841 1405/2444/841
f 1405/2444/842 1407/2446/842 1408/2445/842
f 1408/2445/843 1407/2446/843 1409/2447/843
f 1410/2448/844 1409/2447/844 1411/2449/844
f 1411/2449/845 1413/2451/845 1414/2450/845
f 1413/2451/846 1415/2453/846 1416/2452/846
f 1416/2452/847 1415/2453/847 1417/2454/847
f 1418/2455/848 1417/2454/848 1419/2456/848
f 1420/2457/849 1419/2456/849 1421/2458/849
f 1422/2459/850 1421/2458/850 1423/2460/850
f 1424/2461/851 1423/2460/851 1425/2462/851
f 1426/2463/852 1425/2462/852 1427/2464/852
f 1428/2465/853 1427/2464/853 1429/2466/853
f 1430/2467/854 1429/2466/854 1431/2468/854
f 1432/2469/855 1431/2468/855 1433/2470/855
f 1434/2471/856 1433/2470/856 1435/2472/856
f 1436/2473/857 1435/2472/857 1437/2474/857
f 1438/2475/858 1437/2474/858 1439/2476/858
f 1439/2476/859 1441/2478/859 1442/2477/859
f 1442/2477/860 1441/2478/860 1443/2479/860
f 1444/2480/861 1443/2479/861 1445/2481/861
f 1446/2482/862 1445/2481/862 1447/2483/862
f 1447/2483/863 1449/2485/863 1450/2484/863
f 1450/2484/864 1449/2485/864 1451/2486/864
f 1452/2487/865 1451/2486/865 1453/2488/865
f 1454/2489/866 1453/2488/866 1455/2490/866
f 1432/2491/867 1400/2493/867 1416/2492/867
f 1456/2494/868 1455/2490/868 1457/2495/868
f 1458/2496/869 1457/2495/869 1395/2497/869
f 1425/2498/870 1457/2500/870 1441/2499/870
f 1396/2434/837 1397/2435/837 1398/2437/837
f 1398/2437/838 1399/2438/838 1400/2439/838
f 1400/2439/839 1401/2440/839 1402/2441/839
f 1402/2441/840 1403/2442/840 1404/2443/840
f 1404/2443/841 1405/2444/841 1406/2501/841
f 1405/2444/842 1408/2445/842 1406/2501/842
f 1408/2445/843 1409/2447/843 1410/2448/843
f 1410/2448/844 1411/2449/844 1412/2502/844
f 1411/2449/845 1414/2450/845 1412/2502/845
f 1413/2451/846 1416/2452/846 1414/2450/846
f 1416/2452/847 1417/2454/847 1418/2455/847
f 1418/2455/848 1419/2456/848 1420/2457/848
f 1420/2457/849 1421/2458/849 1422/2459/849
f 1422/2459/850 1423/2460/850 1424/2461/850
f 1424/2461/851 1425/2462/851 1426/2463/851
f 1426/2463/852 1427/2464/852 1428/2465/852
f 1428/2465/853 1429/2466/853 1430/2467/853
f 1430/2467/854 1431/2468/854 1432/2469/854
f 1432/2469/855 1433/2470/855 1434/2471/855
f 1434/2471/856 1435/2472/856 1436/2473/856
f 1436/2473/857 1437/2474/857 1438/2475/857
f 1438/2475/858 1439/2476/858 1440/2503/858
f 1439/2476/859 1442/2477/859 1440/2503/859
f 1442/2477/860 1443/2479/860 1444/2480/860
f 1444/2480/861 1445/2481/861 1446/2482/861
f 1446/2482/862 1447/2483/862 1448/2504/862
f 1447/2483/863 1450/2484/863 1448/2504/863
f 1450/2484/864 1451/2486/864 1452/2487/864
f 1452/2487/865 1453/2488/865 1454/2489/865
f 1454/2489/866 1455/2490/866 1456/2494/866
f 1400/2493/867 1396/2506/867 1398/2505/867
f 1396/2506/867 1456/2508/867 1458/2507/867
f 1456/2508/867 1452/2510/867 1454/2509/867
f 1452/2510/867 1448/2512/867 1450/2511/867
f 1448/2512/867 1444/2514/867 1446/2513/867
f 1444/2514/867 1440/2516/867 1442/2515/867
f 1440/2516/867 1436/2518/867 1438/2517/867
f 1436/2518/867 1432/2491/867 1434/2519/867
f 1432/2491/867 1428/2521/867 1430/2520/867
f 1428/2521/867 1424/2523/867 1426/2522/867
f 1424/2523/867 1420/2525/867 1422/2524/867
f 1420/2525/867 1416/2492/867 1418/2526/867
f 1416/2492/867 1412/2528/867 1414/2527/867
f 1412/2528/867 1408/2530/867 1410/2529/867
f 1408/2530/867 1404/2532/867 1406/2531/867
f 1404/2532/867 1400/2493/867 1402/2533/867
f 1400/2493/867 1456/2508/867 1396/2506/867
f 1456/2508/867 1448/2512/867 1452/2510/867
f 1448/2512/867 1440/2516/867 1444/2514/867
f 1440/2516/867 1432/2491/867 1436/2518/867
f 1432/2491/867 1424/2523/867 1428/2521/867
f 1424/2523/867 1416/2492/867 1420/2525/867
f 1416/2492/867 1408/2530/867 1412/2528/867
f 1408/2530/867 1400/2493/867 1404/2532/867
f 1400/2493/867 1448/2512/867 1456/2508/867
f 1448/2512/867 1432/2491/867 1440/2516/867
f 1432/2491/867 1416/2492/867 1424/2523/867
f 1416/2492/867 1400/2493/867 1408/2530/867
f 1400/2493/867 1432/2491/867 1448/2512/867
f 1456/2494/868 1457/2495/868 1458/2496/868
f 1458/2496/869 1395/2497/869 1396/2534/869
f 1457/2500/870 1397/2536/870 1395/2535/870
f 1397/2536/870 1401/2538/870 1399/2537/870
f 1401/2538/870 1405/2540/870 1403/2539/870
f 1405/2540/870 1409/2542/870 1407/2541/870
f 1409/2542/870 1413/2544/870 1411/2543/870
f 1413/2544/870 1417/2546/870 1415/2545/870
f 1417/2546/870 1421/2548/870 1419/2547/870
f 1421/2548/870 1425/2498/870 1423/2549/870
f 1425/2498/870 1429/2551/870 1427/2550/870
f 1429/2551/870 1433/2553/870 1431/2552/870
f 1433/2553/870 1437/2555/870 1435/2554/870
f 1437/2555/870 1441/2499/870 1439/2556/870
f 1441/2499/870 1445/2558/870 1443/2557/870
f 1445/2558/870 1449/2560/870 1447/2559/870
f 1449/2560/870 1453/2562/870 1451/2561/870
f 1453/2562/870 1457/2500/870 1455/2563/870
f 1457/2500/870 1401/2538/870 1397/2536/870
f 1401/2538/870 1409/2542/870 1405/2540/870
f 1409/2542/870 1417/2546/870 1413/2544/870
f 1417/2546/870 1425/2498/870 1421/2548/870
f 1425/2498/870 1433/2553/870 1429/2551/870
f 1433/2553/870 1441/2499/870 1437/2555/870
f 1441/2499/870 1449/2560/870 1445/2558/870
f 1449/2560/870 1457/2500/870 1453/2562/870
f 1457/2500/870 1409/2542/870 1401/2538/870
f 1409/2542/870 1425/2498/870 1417/2546/870
f 1425/2498/870 1441/2499/870 1433/2553/870
f 1441/2499/870 1457/2500/870 1449/2560/870
f 1457/2500/870 1425/2498/870 1409/2542/870
o Weel.009
v 1.424667 0.449991 0.890460
v 0.974667 0.449991 0.890460
v 1.424667 0.441344 0.802669
v 0.974667 0.441344 0.802669
v 1.424667 0.415737 0.718252
v 0.974667 0.415737 0.718252
v 1.424667 0.374152 0.640453
v 0.974667 0.374152 0.640453
v 1.424667 0.318189 0.572262
v 0.974667 0.318189 0.572262
v 1.424667 0.249998 0.516299
v 0.974667 0.249997 0.516299
v 1.424667 0.172198 0.474714
v 0.974667 0.172198 0.474714
v 1.424667 0.087782 0.449107
v 0.974667 0.087782 0.449107
v 1.424667 -0.000009 0.440460
v 0.974667 -0.000009 0.440460
v 1.424667 -0.087800 0.449107
v 0.974667 -0.087800 0.449107
v 1.424667 -0.172217 0.474714
v 0.974667 -0.172217 0.474714
v 1.424667 -0.250016 0.516299
v 0.974667 -0.250016 0.516299
v 1.424667 -0.318207 0.572262
v 0.974667 -0.318207 0.572262
v 1.424667 -0.374170 0.640453
v 0.974667 -0.374170 0.640453
v 1.424667 -0.415755 0.718252
v 0.974667 -0.415755 0.718252
v 1.424667 -0.441362 0.802669
v 0.974667 -0.441363 0.802669
v 1.424667 -0.450009 0.890460
v 0.974667 -0.450009 0.890460
v 1.424667 -0.441362 0.978251
v 0.974667 -0.441363 0.978251
v 1.424667 -0.415755 1.062668
v 0.974667 -0.415755 1.062668
v 1.424667 -0.374170 1.140467
v 0.974667 -0.374170 1.140467
v 1.424667 -0.318207 1.208658
v 0.974667 -0.318207 1.208658
v 1.424667 -0.250016 1.264621
v 0.974667 -0.250016 1.264621
v 1.424667 -0.172217 1.306206
v 0.974667 -0.172217 1.306206
v 1.424667 -0.087800 1.331813
v 0.974667 -0.087800 1.331813
v 1.424667 -0.000009 1.340460
v 0.974667 -0.000009 1.340460
v 1.424667 0.087782 1.331813
v 0.974667 0.087782 1.331813
v 1.424667 0.172198 1.306206
v 0.974667 0.172198 1.306206
v 1.424667 0.249998 1.264621
v 0.974667 0.249997 1.264621
v 1.424667 0.318189 1.208658
v 0.974667 0.318189 1.208658
v 1.424667 0.374152 1.140467
v 0.974667 0.374152 1.140467
v 1.424667 0.415737 1.062668
v 0.974667 0.415737 1.062668
v 1.424667 0.441344 0.978251
v 0.974667 0.441344 0.978251
vn -0.0000 0.9952 -0.0980
vn -0.0000 0.9569 -0.2903
vn -0.0000 0.8819 -0.4714
vn -0.0000 0.7730 -0.6344
vn -0.0000 0.6344 -0.7730
vn -0.0000 0.4714 -0.8819
vn -0.0000 0.2903 -0.9569
vn -0.0000 0.0980 -0.9952
vn -0.0000 -0.0980 -0.9952
vn -0.0000 -0.2903 -0.9569
vn -0.0000 -0.4714 -0.8819
vn -0.0000 -0.6344 -0.7730
vn -0.0000 -0.7730 -0.6344
vn -0.0000 -0.8819 -0.4714
vn -0.0000 -0.9569 -0.2903
vn -0.0000 -0.9952 -0.0980
vn -0.0000 -0.9952 0.0980
vn -0.0000 -0.9569 0.2903
vn -0.0000 -0.8819 0.4714
vn -0.0000 -0.7730 0.6344
vn -0.0000 -0.6344 0.7730
vn -0.0000 -0.4714 0.8819
vn -0.0000 -0.2903 0.9569
vn -0.0000 -0.0980 0.9952
vn -0.0000 0.0980 0.9952
vn -0.0000 0.2903 0.9569
vn -0.0000 0.4714 0.8819
vn -0.0000 0.6344 0.7730
vn -0.0000 0.7730 0.6344
vn -0.0000 0.8819 0.4714
vn -1.0000 -0.0000 -0.0000
vn -0.0000 0.9569 0.2903
vn -0.0000 0.9952 0.0980
vn 1.0000 -0.0000 -0.0000
vt 1.000000 1.000000
vt 0.968750 0.500000
vt 1.000000 0.500000
vt 0.968750 1.000000
vt 0.937500 0.500000
vt 0.937500 1.000000
vt 0.906250 0.500000
vt 0.906250 1.000000
vt 0.875000 0.500000
vt 0.875000 1.000000
vt 0.843750 0.500000
vt 0.812500 1.000000
vt 0.812500 0.500000
vt 0.781250 0.500000
vt 0.781250 1.000000
vt 0.750000 0.500000
vt 0.718750 1.000000
vt 0.718750 0.500000
vt 0.687500 1.000000
vt 0.687500 0.500000
vt 0.656250 0.500000
vt 0.656250 1.000000
vt 0.625000 0.500000
vt 0.625000 1.000000
vt 0.593750 0.500000
vt 0.593750 1.000000
vt 0.562500 0.500000
vt 0.562500 1.000000
vt 0.531250 0.500000
vt 0.531250 1.000000
vt 0.500000 0.500000
vt 0.500000 1.000000
vt 0.468750 0.500000
vt 0.468750 1.000000
vt 0.437500 0.500000
vt 0.437500 1.000000
vt 0.406250 0.500000
vt 0.406250 1.000000
vt 0.375000 0.500000
vt 0.375000 1.000000
vt 0.343750 0.500000
vt 0.343750 1.000000
vt 0.312500 0.500000
vt 0.281250 1.000000
vt 0.281250 0.500000
vt 0.250000 0.500000
vt 0.250000 1.000000
vt 0.218750 0.500000
vt 0.218750 1.000000
vt 0.187500 0.500000
vt 0.156250 1.000000
vt 0.156250 0.500000
vt 0.125000 0.500000
vt 0.125000 1.000000
vt 0.093750 0.500000
vt 0.093750 1.000000
vt 0.062500 0.500000
vt 0.158156 0.028269
vt 0.471731 0.158156
vt 0.341844 0.471731
vt 0.062500 1.000000
vt 0.031250 0.500000
vt 0.031250 1.000000
vt 0.000000 0.500000
vt 0.796822 0.014612
vt 0.514612 0.203178
vt 0.703178 0.485388
vt 0.843750 1.000000
vt 0.750000 1.000000
vt 0.312500 1.000000
vt 0.187500 1.000000
vt 0.296822 0.485388
vt 0.250000 0.490000
vt 0.203178 0.485388
vt 0.158156 0.471731
vt 0.116663 0.449553
vt 0.080294 0.419706
vt 0.050447 0.383337
vt 0.028269 0.341844
vt 0.014612 0.296822
vt 0.010000 0.250000
vt 0.014612 0.203178
vt 0.028269 0.158156
vt 0.050447 0.116663
vt 0.080294 0.080294
vt 0.116663 0.050447
vt 0.203178 0.014612
vt 0.250000 0.010000
vt 0.296822 0.014612
vt 0.341844 0.028269
vt 0.383337 0.050447
vt 0.419706 0.080294
vt 0.449553 0.116663
vt 0.485388 0.203178
vt 0.490000 0.250000
vt 0.485388 0.296822
vt 0.471731 0.341844
vt 0.449553 0.383337
vt 0.419706 0.419706
vt 0.383337 0.449553
vt 0.000000 1.000000
vt 0.750000 0.490000
vt 0.796822 0.485388
vt 0.841844 0.471731
vt 0.883337 0.449553
vt 0.919706 0.419706
vt 0.949553 0.383337
vt 0.971731 0.341844
vt 0.985388 0.296822
vt 0.990000 0.250000
vt 0.985388 0.203178
vt 0.971731 0.158156
vt 0.949553 0.116663
vt 0.919706 0.080294
vt 0.883337 0.050447
vt 0.841844 0.028269
vt 0.750000 0.010000
vt 0.703178 0.014612
vt 0.658156 0.028269
vt 0.616663 0.050447
vt 0.580294 0.080294
vt 0.550447 0.116663
vt 0.528269 0.158156
vt 0.510000 0.250000
vt 0.514612 0.296822
vt 0.528269 0.341844
vt 0.550447 0.383337
vt 0.580294 0.419706
vt 0.616663 0.449553
vt 0.658156 0.471731
s 0
usemtl Green
f 1460/2564/871 1459/2566/871 1461/2565/871
f 1462/2567/872 1461/2565/872 1463/2568/872
f 1464/2569/873 1463/2568/873 1465/2570/873
f 1466/2571/874 1465/2570/874 1467/2572/874
f 1468/2573/875 1467/2572/875 1469/2574/875
f 1469/2574/876 1471/2576/876 1472/2575/876
f 1472/2575/877 1471/2576/877 1473/2577/877
f 1474/2578/878 1473/2577/878 1475/2579/878
f 1475/2579/879 1477/2581/879 1478/2580/879
f 1477/2581/880 1479/2583/880 1480/2582/880
f 1480/2582/881 1479/2583/881 1481/2584/881
f 1482/2585/882 1481/2584/882 1483/2586/882
f 1484/2587/883 1483/2586/883 1485/2588/883
f 1486/2589/884 1485/2588/884 1487/2590/884
f 1488/2591/885 1487/2590/885 1489/2592/885
f 1490/2593/886 1489/2592/886 1491/2594/886
f 1492/2595/887 1491/2594/887 1493/2596/887
f 1494/2597/888 1493/2596/888 1495/2598/888
f 1496/2599/889 1495/2598/889 1497/2600/889
f 1498/2601/890 1497/2600/890 1499/2602/890
f 1500/2603/891 1499/2602/891 1501/2604/891
f 1502/2605/892 1501/2604/892 1503/2606/892
f 1503/2606/893 1505/2608/893 1506/2607/893
f 1506/2607/894 1505/2608/894 1507/2609/894
f 1508/2610/895 1507/2609/895 1509/2611/895
f 1510/2612/896 1509/2611/896 1511/2613/896
f 1511/2613/897 1513/2615/897 1514/2614/897
f 1514/2614/898 1513/2615/898 1515/2616/898
f 1516/2617/899 1515/2616/899 1517/2618/899
f 1518/2619/900 1517/2618/900 1519/2620/900
f 1496/2621/901 1464/2623/901 1480/2622/901
f 1520/2624/902 1519/2620/902 1521/2625/902
f 1522/2626/903 1521/2625/903 1459/2627/903
f 1489/2628/904 1521/2630/904 1505/2629/904
f 1460/2564/871 1461/2565/871 1462/2567/871
f 1462/2567/872 1463/2568/872 1464/2569/872
f 1464/2569/873 1465/2570/873 1466/2571/873
f 1466/2571/874 1467/2572/874 1468/2573/874
f 1468/2573/875 1469/2574/875 1470/2631/875
f 1469/2574/876 1472/2575/876 1470/2631/876
f 1472/2575/877 1473/2577/877 1474/2578/877
f 1474/2578/878 1475/2579/878 1476/2632/878
f 1475/2579/879 1478/2580/879 1476/2632/879
f 1477/2581/880 1480/2582/880 1478/2580/880
f 1480/2582/881 1481/2584/881 1482/2585/881
f 1482/2585/882 1483/2586/882 1484/2587/882
f 1484/2587/883 1485/2588/883 1486/2589/883
f 1486/2589/884 1487/2590/884 1488/2591/884
f 1488/2591/885 1489/2592/885 1490/2593/885
f 1490/2593/886 1491/2594/886 1492/2595/886
f 1492/2595/887 1493/2596/887 1494/2597/887
f 1494/2597/888 1495/2598/888 1496/2599/888
f 1496/2599/889 1497/2600/889 1498/2601/889
f 1498/2601/890 1499/2602/890 1500/2603/890
f 1500/2603/891 1501/2604/891 1502/2605/891
f 1502/2605/892 1503/2606/892 1504/2633/892
f 1503/2606/893 1506/2607/893 1504/2633/893
f 1506/2607/894 1507/2609/894 1508/2610/894
f 1508/2610/895 1509/2611/895 1510/2612/895
f 1510/2612/896 1511/2613/896 1512/2634/896
f 1511/2613/897 1514/2614/897 1512/2634/897
f 1514/2614/898 1515/2616/898 1516/2617/898
f 1516/2617/899 1517/2618/899 1518/2619/899
f 1518/2619/900 1519/2620/900 1520/2624/900
f 1464/2623/901 1460/2636/901 1462/2635/901
f 1460/2636/901 1520/2638/901 1522/2637/901
f 1520/2638/901 1516/2640/901 1518/2639/901
f 1516/2640/901 1512/2642/901 1514/2641/901
f 1512/2642/901 1508/2644/901 1510/2643/901
f 1508/2644/901 1504/2646/901 1506/2645/901
f 1504/2646/901 1500/2648/901 1502/2647/901
f 1500/2648/901 1496/2621/901 1498/2649/901
f 1496/2621/901 1492/2651/901 1494/2650/901
f 1492/2651/901 1488/2653/901 1490/2652/901
f 1488/2653/901 1484/2655/901 1486/2654/901
f 1484/2655/901 1480/2622/901 1482/2656/901
f 1480/2622/901 1476/2658/901 1478/2657/901
f 1476/2658/901 1472/2660/901 1474/2659/901
f 1472/2660/901 1468/2662/901 1470/2661/901
f 1468/2662/901 1464/2623/901 1466/2663/901
f 1464/2623/901 1520/2638/901 1460/2636/901
f 1520/2638/901 1512/2642/901 1516/2640/901
f 1512/2642/901 1504/2646/901 1508/2644/901
f 1504/2646/901 1496/2621/901 1500/2648/901
f 1496/2621/901 1488/2653/901 1492/2651/901
f 1488/2653/901 1480/2622/901 1484/2655/901
f 1480/2622/901 1472/2660/901 1476/2658/901
f 1472/2660/901 1464/2623/901 1468/2662/901
f 1464/2623/901 1512/2642/901 1520/2638/901
f 1512/2642/901 1496/2621/901 1504/2646/901
f 1496/2621/901 1480/2622/901 1488/2653/901
f 1480/2622/901 1464/2623/901 1472/2660/901
f 1464/2623/901 1496/2621/901 1512/2642/901
f 1520/2624/902 1521/2625/902 1522/2626/902
f 1522/2626/903 1459/2627/903 1460/2664/903
f 1521/2630/904 1461/2666/904 1459/2665/904
f 1461/2666/904 1465/2668/904 1463/2667/904
f 1465/2668/904 1469/2670/904 1467/2669/904
f 1469/2670/904 1473/2672/904 1471/2671/904
f 1473/2672/904 1477/2674/904 1475/2673/904
f 1477/2674/904 1481/2676/904 1479/2675/904
f 1481/2676/904 1485/2678/904 1483/2677/904
f 1485/2678/904 1489/2628/904 1487/2679/904
f 1489/2628/904 1493/2681/904 1491/2680/904
f 1493/2681/904 1497/2683/904 1495/2682/904
f 1497/2683/904 1501/2685/904 1499/2684/904
f 1501/2685/904 1505/2629/904 1503/2686/904
f 1505/2629/904 1509/2688/904 1507/2687/904
f 1509/2688/904 1513/2690/904 1511/2689/904
f 1513/2690/904 1517/2692/904 1515/2691/904
f 1517/2692/904 1521/2630/904 1519/2693/904
f 1521/2630/904 1465/2668/904 1461/2666/904
f 1465/2668/904 1473/2672/904 1469/2670/904
f 1473/2672/904 1481/2676/904 1477/2674/904
f 1481/2676/904 1489/2628/904 1485/2678/904
f 1489/2628/904 1497/2683/904 1493/2681/904
f 1497/2683/904 1505/2629/904 1501/2685/904
f 1505/2629/904 1513/2690/904 1509/2688/904
f 1513/2690/904 1521/2630/904 1517/2692/904
f 1521/2630/904 1473/2672/904 1465/2668/904
f 1473/2672/904 1489/2628/904 1481/2676/904
f 1489/2628/904 1505/2629/904 1497/2683/904
f 1505/2629/904 1521/2630/904 1513/2690/904
f 1521/2630/904 1489/2628/904 1473/2672/904
o Weel.008
v 1.424667 0.449991 1.850460
v 0.974667 0.449991 1.850460
v 1.424667 0.441344 1.762669
v 0.974667 0.441344 1.762669
v 1.424667 0.415737 1.678252
v 0.974667 0.415737 1.678252
v 1.424667 0.374152 1.600453
v 0.974667 0.374152 1.600453
v 1.424667 0.318189 1.532262
v 0.974667 0.318189 1.532262
v 1.424667 0.249998 1.476299
v 0.974667 0.249997 1.476299
v 1.424667 0.172198 1.434714
v 0.974667 0.172198 1.434714
v 1.424667 0.087782 1.409107
v 0.974667 0.087782 1.409107
v 1.424667 -0.000009 1.400460
v 0.974667 -0.000009 1.400460
v 1.424667 -0.087800 1.409107
v 0.974667 -0.087800 1.409107
v 1.424667 -0.172217 1.434714
v 0.974667 -0.172217 1.434714
v 1.424667 -0.250016 1.476299
v 0.974667 -0.250016 1.476299
v 1.424667 -0.318207 1.532262
v 0.974667 -0.318207 1.532262
v 1.424667 -0.374170 1.600453
v 0.974667 -0.374170 1.600453
v 1.424667 -0.415755 1.678252
v 0.974667 -0.415755 1.678252
v 1.424667 -0.441362 1.762669
v 0.974667 -0.441363 1.762669
v 1.424667 -0.450009 1.850460
v 0.974667 -0.450009 1.850460
v 1.424667 -0.441362 1.938251
v 0.974667 -0.441363 1.938251
v 1.424667 -0.415755 2.022667
v 0.974667 -0.415755 2.022667
v 1.424667 -0.374170 2.100466
v 0.974667 -0.374170 2.100466
v 1.424667 -0.318207 2.168658
v 0.974667 -0.318207 2.168658
v 1.424667 -0.250016 2.224621
v 0.974667 -0.250016 2.224621
v 1.424667 -0.172217 2.266206
v 0.974667 -0.172217 2.266206
v 1.424667 -0.087800 2.291813
v 0.974667 -0.087800 2.291813
v 1.424667 -0.000009 2.300460
v 0.974667 -0.000009 2.300460
v 1.424667 0.087782 2.291813
v 0.974667 0.087782 2.291813
v 1.424667 0.172198 2.266206
v 0.974667 0.172198 2.266206
v 1.424667 0.249998 2.224621
v 0.974667 0.249997 2.224621
v 1.424667 0.318189 2.168658
v 0.974667 0.318189 2.168658
v 1.424667 0.374152 2.100466
v 0.974667 0.374152 2.100466
v 1.424667 0.415737 2.022667
v 0.974667 0.415737 2.022667
v 1.424667 0.441344 1.938251
v 0.974667 0.441344 1.938251
vn -0.0000 0.9952 -0.0980
vn -0.0000 0.9569 -0.2903
vn -0.0000 0.8819 -0.4714
vn -0.0000 0.7730 -0.6344
vn -0.0000 0.6344 -0.7730
vn -0.0000 0.4714 -0.8819
vn -0.0000 0.2903 -0.9569
vn -0.0000 0.0980 -0.9952
vn -0.0000 -0.0980 -0.9952
vn -0.0000 -0.2903 -0.9569
vn -0.0000 -0.4714 -0.8819
vn -0.0000 -0.6344 -0.7730
vn -0.0000 -0.7730 -0.6344
vn -0.0000 -0.8819 -0.4714
vn -0.0000 -0.9569 -0.2903
vn -0.0000 -0.9952 -0.0980
vn -0.0000 -0.9952 0.0980
vn -0.0000 -0.9569 0.2903
vn -0.0000 -0.8819 0.4714
vn -0.0000 -0.7730 0.6344
vn -0.0000 -0.6344 0.7730
vn -0.0000 -0.4714 0.8819
vn -0.0000 -0.2903 0.9569
vn -0.0000 -0.0980 0.9952
vn -0.0000 0.0980 0.9952
vn -0.0000 0.2903 0.9569
vn -0.0000 0.4714 0.8819
vn -0.0000 0.6344 0.7730
vn -0.0000 0.7730 0.6344
vn -0.0000 0.8819 0.4714
vn -1.0000 -0.0000 -0.0000
vn -0.0000 0.9569 0.2903
vn -0.0000 0.9952 0.0980
vn 1.0000 -0.0000 -0.0000
vt 1.000000 1.000000
vt 0.968750 0.500000
vt 1.000000 0.500000
vt 0.968750 1.000000
vt 0.937500 0.500000
vt 0.937500 1.000000
vt 0.906250 0.500000
vt 0.906250 1.000000
vt 0.875000 0.500000
vt 0.875000 1.000000
vt 0.843750 0.500000
vt 0.812500 1.000000
vt 0.812500 0.500000
vt 0.781250 0.500000
vt 0.781250 1.000000
vt 0.750000 0.500000
vt 0.718750 1.000000
vt 0.718750 0.500000
vt 0.687500 1.000000
vt 0.687500 0.500000
vt 0.656250 0.500000
vt 0.656250 1.000000
vt 0.625000 0.500000
vt 0.625000 1.000000
vt 0.593750 0.500000
vt 0.593750 1.000000
vt 0.562500 0.500000
vt 0.562500 1.000000
vt 0.531250 0.500000
vt 0.531250 1.000000
vt 0.500000 0.500000
vt 0.500000 1.000000
vt 0.468750 0.500000
vt 0.468750 1.000000
vt 0.437500 0.500000
vt 0.437500 1.000000
vt 0.406250 0.500000
vt 0.406250 1.000000
vt 0.375000 0.500000
vt 0.375000 1.000000
vt 0.343750 0.500000
vt 0.343750 1.000000
vt 0.312500 0.500000
vt 0.281250 1.000000
vt 0.281250 0.500000
vt 0.250000 0.500000
vt 0.250000 1.000000
vt 0.218750 0.500000
vt 0.218750 1.000000
vt 0.187500 0.500000
vt 0.156250 1.000000
vt 0.156250 0.500000
vt 0.125000 0.500000
vt 0.125000 1.000000
vt 0.093750 0.500000
vt 0.093750 1.000000
vt 0.062500 0.500000
vt 0.158156 0.028269
vt 0.471731 0.158156
vt 0.341844 0.471731
vt 0.062500 1.000000
vt 0.031250 0.500000
vt 0.031250 1.000000
vt 0.000000 0.500000
vt 0.796822 0.014612
vt 0.514612 0.203178
vt 0.703178 0.485388
vt 0.843750 1.000000
vt 0.750000 1.000000
vt 0.312500 1.000000
vt 0.187500 1.000000
vt 0.296822 0.485388
vt 0.250000 0.490000
vt 0.203178 0.485388
vt 0.158156 0.471731
vt 0.116663 0.449553
vt 0.080294 0.419706
vt 0.050447 0.383337
vt 0.028269 0.341844
vt 0.014612 0.296822
vt 0.010000 0.250000
vt 0.014612 0.203178
vt 0.028269 0.158156
vt 0.050447 0.116663
vt 0.080294 0.080294
vt 0.116663 0.050447
vt 0.203178 0.014612
vt 0.250000 0.010000
vt 0.296822 0.014612
vt 0.341844 0.028269
vt 0.383337 0.050447
vt 0.419706 0.080294
vt 0.449553 0.116663
vt 0.485388 0.203178
vt 0.490000 0.250000
vt 0.485388 0.296822
vt 0.471731 0.341844
vt 0.449553 0.383337
vt 0.419706 0.419706
vt 0.383337 0.449553
vt 0.000000 1.000000
vt 0.750000 0.490000
vt 0.796822 0.485388
vt 0.841844 0.471731
vt 0.883337 0.449553
vt 0.919706 0.419706
vt 0.949553 0.383337
vt 0.971731 0.341844
vt 0.985388 0.296822
vt 0.990000 0.250000
vt 0.985388 0.203178
vt 0.971731 0.158156
vt 0.949553 0.116663
vt 0.919706 0.080294
vt 0.883337 0.050447
vt 0.841844 0.028269
vt 0.750000 0.010000
vt 0.703178 0.014612
vt 0.658156 0.028269
vt 0.616663 0.050447
vt 0.580294 0.080294
vt 0.550447 0.116663
vt 0.528269 0.158156
vt 0.510000 0.250000
vt 0.514612 0.296822
vt 0.528269 0.341844
vt 0.550447 0.383337
vt 0.580294 0.419706
vt 0.616663 0.449553
vt 0.658156 0.471731
s 0
usemtl Green
f 1524/2694/905 1523/2696/905 1525/2695/905
f 1526/2697/906 1525/2695/906 1527/2698/906
f 1528/2699/907 1527/2698/907 1529/2700/907
f 1530/2701/908 1529/2700/908 1531/2702/908
f 1532/2703/909 1531/2702/909 1533/2704/909
f 1533/2704/910 1535/2706/910 1536/2705/910
f 1536/2705/911 1535/2706/911 1537/2707/911
f 1538/2708/912 1537/2707/912 1539/2709/912
f 1539/2709/913 1541/2711/913 1542/2710/913
f 1541/2711/914 1543/2713/914 1544/2712/914
f 1544/2712/915 1543/2713/915 1545/2714/915
f 1546/2715/916 1545/2714/916 1547/2716/916
f 1548/2717/917 1547/2716/917 1549/2718/917
f 1550/2719/918 1549/2718/918 1551/2720/918
f 1552/2721/919 1551/2720/919 1553/2722/919
f 1554/2723/920 1553/2722/920 1555/2724/920
f 1556/2725/921 1555/2724/921 1557/2726/921
f 1558/2727/922 1557/2726/922 1559/2728/922
f 1560/2729/923 1559/2728/923 1561/2730/923
f 1562/2731/924 1561/2730/924 1563/2732/924
f 1564/2733/925 1563/2732/925 1565/2734/925
f 1566/2735/926 1565/2734/926 1567/2736/926
f 1567/2736/927 1569/2738/927 1570/2737/927
f 1570/2737/928 1569/2738/928 1571/2739/928
f 1572/2740/929 1571/2739/929 1573/2741/929
f 1574/2742/930 1573/2741/930 1575/2743/930
f 1575/2743/931 1577/2745/931 1578/2744/931
f 1578/2744/932 1577/2745/932 1579/2746/932
f 1580/2747/933 1579/2746/933 1581/2748/933
f 1582/2749/934 1581/2748/934 1583/2750/934
f 1560/2751/935 1528/2753/935 1544/2752/935
f 1584/2754/936 1583/2750/936 1585/2755/936
f 1586/2756/937 1585/2755/937 1523/2757/937
f 1553/2758/938 1585/2760/938 1569/2759/938
f 1524/2694/905 1525/2695/905 1526/2697/905
f 1526/2697/906 1527/2698/906 1528/2699/906
f 1528/2699/907 1529/2700/907 1530/2701/907
f 1530/2701/908 1531/2702/908 1532/2703/908
f 1532/2703/909 1533/2704/909 1534/2761/909
f 1533/2704/910 1536/2705/910 1534/2761/910
f 1536/2705/911 1537/2707/911 1538/2708/911
f 1538/2708/912 1539/2709/912 1540/2762/912
f 1539/2709/913 1542/2710/913 1540/2762/913
f 1541/2711/914 1544/2712/914 1542/2710/914
f 1544/2712/915 1545/2714/915 1546/2715/915
f 1546/2715/916 1547/2716/916 1548/2717/916
f 1548/2717/917 1549/2718/917 1550/2719/917
f 1550/2719/918 1551/2720/918 1552/2721/918
f 1552/2721/919 1553/2722/919 1554/2723/919
f 1554/2723/920 1555/2724/920 1556/2725/920
f 1556/2725/921 1557/2726/921 1558/2727/921
f 1558/2727/922 1559/2728/922 1560/2729/922
f 1560/2729/923 1561/2730/923 1562/2731/923
f 1562/2731/924 1563/2732/924 1564/2733/924
f 1564/2733/925 1565/2734/925 1566/2735/925
f 1566/2735/926 1567/2736/926 1568/2763/926
f 1567/2736/927 1570/2737/927 1568/2763/927
f 1570/2737/928 1571/2739/928 1572/2740/928
f 1572/2740/929 1573/2741/929 1574/2742/929
f 1574/2742/930 1575/2743/930 1576/2764/930
f 1575/2743/931 1578/2744/931 1576/2764/931
f 1578/2744/932 1579/2746/932 1580/2747/932
f 1580/2747/933 1581/2748/933 1582/2749/933
f 1582/2749/934 1583/2750/934 1584/2754/934
f 1528/2753/935 1524/2766/935 1526/2765/935
f 1524/2766/935 1584/2768/935 1586/2767/935
f 1584/2768/935 1580/2770/935 1582/2769/935
f 1580/2770/935 1576/2772/935 1578/2771/935
f 1576/2772/935 1572/2774/935 1574/2773/935
f 1572/2774/935 1568/2776/935 1570/2775/935
f 1568/2776/935 1564/2778/935 1566/2777/935
f 1564/2778/935 1560/2751/935 1562/2779/935
f 1560/2751/935 1556/2781/935 1558/2780/935
f 1556/2781/935 1552/2783/935 1554/2782/935
f 1552/2783/935 1548/2785/935 1550/2784/935
f 1548/2785/935 1544/2752/935 1546/2786/935
f 1544/2752/935 1540/2788/935 1542/2787/935
f 1540/2788/935 1536/2790/935 1538/2789/935
f 1536/2790/935 1532/2792/935 1534/2791/935
f 1532/2792/935 1528/2753/935 1530/2793/935
f 1528/2753/935 1584/2768/935 1524/2766/935
f 1584/2768/935 1576/2772/935 1580/2770/935
f 1576/2772/935 1568/2776/935 1572/2774/935
f 1568/2776/935 1560/2751/935 1564/2778/935
f 1560/2751/935 1552/2783/935 1556/2781/935
f 1552/2783/935 1544/2752/935 1548/2785/935
f 1544/2752/935 1536/2790/935 1540/2788/935
f 1536/2790/935 1528/2753/935 1532/2792/935
f 1528/2753/935 1576/2772/935 1584/2768/935
f 1576/2772/935 1560/2751/935 1568/2776/935
f 1560/2751/935 1544/2752/935 1552/2783/935
f 1544/2752/935 1528/2753/935 1536/2790/935
f 1528/2753/935 1560/2751/935 1576/2772/935
f 1584/2754/936 1585/2755/936 1586/2756/936
f 1586/2756/937 1523/2757/937 1524/2794/937
f 1585/2760/938 1525/2796/938 1523/2795/938
f 1525/2796/938 1529/2798/938 1527/2797/938
f 1529/2798/938 1533/2800/938 1531/2799/938
f 1533/2800/938 1537/2802/938 1535/2801/938
f 1537/2802/938 1541/2804/938 1539/2803/938
f 1541/2804/938 1545/2806/938 1543/2805/938
f 1545/2806/938 1549/2808/938 1547/2807/938
f 1549/2808/938 1553/2758/938 1551/2809/938
f 1553/2758/938 1557/2811/938 1555/2810/938
f 1557/2811/938 1561/2813/938 1559/2812/938
f 1561/2813/938 1565/2815/938 1563/2814/938
f 1565/2815/938 1569/2759/938 1567/2816/938
f 1569/2759/938 1573/2818/938 1571/2817/938
f 1573/2818/938 1577/2820/938 1575/2819/938
f 1577/2820/938 1581/2822/938 1579/2821/938
f 1581/2822/938 1585/2760/938 1583/2823/938
f 1585/2760/938 1529/2798/938 1525/2796/938
f 1529/2798/938 1537/2802/938 1533/2800/938
f 1537/2802/938 1545/2806/938 1541/2804/938
f 1545/2806/938 1553/2758/938 1549/2808/938
f 1553/2758/938 1561/2813/938 1557/2811/938
f 1561/2813/938 1569/2759/938 1565/2815/938
f 1569/2759/938 1577/2820/938 1573/2818/938
f 1577/2820/938 1585/2760/938 1581/2822/938
f 1585/2760/938 1537/2802/938 1529/2798/938
f 1537/2802/938 1553/2758/938 1545/2806/938
f 1553/2758/938 1569/2759/938 1561/2813/938
f 1569/2759/938 1585/2760/938 1577/2820/938
f 1585/2760/938 1553/2758/938 1537/2802/938
o Weel.007
v 1.424667 0.524991 2.650460
v 0.974667 0.524991 2.650460
v 1.424667 0.519226 2.591933
v 0.974667 0.519226 2.591933
v 1.424667 0.502155 2.535655
v 0.974667 0.502155 2.535655
v 1.424667 0.474432 2.483789
v 0.974667 0.474432 2.483789
v 1.424667 0.437123 2.438328
v 0.974667 0.437123 2.438328
v 1.424667 0.391662 2.401019
v 0.974667 0.391662 2.401019
v 1.424667 0.339796 2.373296
v 0.974667 0.339796 2.373296
v 1.424667 0.283518 2.356225
v 0.974667 0.283518 2.356225
v 1.424667 0.224991 2.350460
v 0.974667 0.224991 2.350460
v 1.424667 0.166464 2.356225
v 0.974667 0.166464 2.356225
v 1.424667 0.110186 2.373296
v 0.974667 0.110186 2.373296
v 1.424667 0.058320 2.401019
v 0.974667 0.058320 2.401019
v 1.424667 0.012859 2.438328
v 0.974667 0.012859 2.438328
v 1.424667 -0.024450 2.483789
v 0.974667 -0.024450 2.483789
v 1.424667 -0.052173 2.535655
v 0.974667 -0.052173 2.535655
v 1.424667 -0.069245 2.591933
v 0.974667 -0.069245 2.591933
v 1.424667 -0.075009 2.650460
v 0.974667 -0.075009 2.650460
v 1.424667 -0.069245 2.708987
v 0.974667 -0.069245 2.708987
v 1.424667 -0.052173 2.765265
v 0.974667 -0.052173 2.765265
v 1.424667 -0.024450 2.817131
v 0.974667 -0.024450 2.817131
v 1.424667 0.012859 2.862592
v 0.974667 0.012859 2.862592
v 1.424667 0.058320 2.899901
v 0.974667 0.058320 2.899901
v 1.424667 0.110186 2.927624
v 0.974667 0.110186 2.927624
v 1.424667 0.166464 2.944696
v 0.974667 0.166464 2.944696
v 1.424667 0.224991 2.950460
v 0.974667 0.224991 2.950460
v 1.424667 0.283518 2.944696
v 0.974667 0.283518 2.944696
v 1.424667 0.339796 2.927624
v 0.974667 0.339796 2.927624
v 1.424667 0.391662 2.899901
v 0.974667 0.391662 2.899901
v 1.424667 0.437123 2.862592
v 0.974667 0.437123 2.862592
v 1.424667 0.474432 2.817131
v 0.974667 0.474432 2.817131
v 1.424667 0.502155 2.765265
v 0.974667 0.502155 2.765265
v 1.424667 0.519226 2.708987
v 0.974667 0.519226 2.708987
vn -0.0000 0.9952 -0.0980
vn -0.0000 0.9569 -0.2903
vn -0.0000 0.8819 -0.4714
vn -0.0000 0.7730 -0.6344
vn -0.0000 0.6344 -0.7730
vn -0.0000 0.4714 -0.8819
vn -0.0000 0.2903 -0.9569
vn -0.0000 0.0980 -0.9952
vn -0.0000 -0.0980 -0.9952
vn -0.0000 -0.2903 -0.9569
vn -0.0000 -0.4714 -0.8819
vn -0.0000 -0.6344 -0.7730
vn -0.0000 -0.7730 -0.6344
vn -0.0000 -0.8819 -0.4714
vn -0.0000 -0.9569 -0.2903
vn -0.0000 -0.9952 -0.0980
vn -0.0000 -0.9952 0.0980
vn -0.0000 -0.9569 0.2903
vn -0.0000 -0.8819 0.4714
vn -0.0000 -0.7730 0.6344
vn -0.0000 -0.6344 0.7730
vn -0.0000 -0.4714 0.8819
vn -0.0000 -0.2903 0.9569
vn -0.0000 -0.0980 0.9952
vn -0.0000 0.0980 0.9952
vn -0.0000 0.2903 0.9569
vn -0.0000 0.4714 0.8819
vn -0.0000 0.6344 0.7730
vn -0.0000 0.7730 0.6344
vn -0.0000 0.8819 0.4714
vn -1.0000 -0.0000 -0.0000
vn -0.0000 0.9569 0.2903
vn -0.0000 0.9952 0.0980
vn 1.0000 -0.0000 -0.0000
vt 1.000000 1.000000
vt 0.968750 0.500000
vt 1.000000 0.500000
vt 0.968750 1.000000
vt 0.937500 0.500000
vt 0.937500 1.000000
vt 0.906250 0.500000
vt 0.906250 1.000000
vt 0.875000 0.500000
vt 0.875000 1.000000
vt 0.843750 0.500000
vt 0.843750 1.000000
vt 0.812500 0.500000
vt 0.812500 1.000000
vt 0.781250 0.500000
vt 0.781250 1.000000
vt 0.750000 0.500000
vt 0.750000 1.000000
vt 0.718750 0.500000
vt 0.718750 1.000000
vt 0.687500 0.500000
vt 0.687500 1.000000
vt 0.656250 0.500000
vt 0.656250 1.000000
vt 0.625000 0.500000
vt 0.625000 1.000000
vt 0.593750 0.500000
vt 0.593750 1.000000
vt 0.562500 0.500000
vt 0.562500 1.000000
vt 0.531250 0.500000
vt 0.531250 1.000000
vt 0.500000 0.500000
vt 0.500000 1.000000
vt 0.468750 0.500000
vt 0.468750 1.000000
vt 0.437500 0.500000
vt 0.437500 1.000000
vt 0.406250 0.500000
vt 0.375000 1.000000
vt 0.375000 0.500000
vt 0.343750 0.500000
vt 0.343750 1.000000
vt 0.312500 0.500000
vt 0.281250 1.000000
vt 0.281250 0.500000
vt 0.250000 0.500000
vt 0.218750 1.000000
vt 0.218750 0.500000
vt 0.187500 0.500000
vt 0.156250 1.000000
vt 0.156250 0.500000
vt 0.125000 0.500000
vt 0.125000 1.000000
vt 0.093750 0.500000
vt 0.093750 1.000000
vt 0.062500 0.500000
vt 0.158156 0.028269
vt 0.471731 0.158156
vt 0.341844 0.471731
vt 0.062500 1.000000
vt 0.031250 0.500000
vt 0.031250 1.000000
vt 0.000000 0.500000
vt 0.796822 0.014612
vt 0.514612 0.203178
vt 0.703178 0.485388
vt 0.406250 1.000000
vt 0.312500 1.000000
vt 0.250000 1.000000
vt 0.187500 1.000000
vt 0.296822 0.485388
vt 0.250000 0.490000
vt 0.203178 0.485388
vt 0.158156 0.471731
vt 0.116663 0.449553
vt 0.080294 0.419706
vt 0.050447 0.383337
vt 0.028269 0.341844
vt 0.014612 0.296822
vt 0.010000 0.250000
vt 0.014612 0.203178
vt 0.028269 0.158156
vt 0.050447 0.116663
vt 0.080294 0.080294
vt 0.116663 0.050447
vt 0.203178 0.014612
vt 0.250000 0.010000
vt 0.296822 0.014612
vt 0.341844 0.028269
vt 0.383337 0.050447
vt 0.419706 0.080294
vt 0.449553 0.116663
vt 0.485388 0.203178
vt 0.490000 0.250000
vt 0.485388 0.296822
vt 0.471731 0.341844
vt 0.449553 0.383337
vt 0.419706 0.419706
vt 0.383337 0.449553
vt 0.000000 1.000000
vt 0.750000 0.490000
vt 0.796822 0.485388
vt 0.841844 0.471731
vt 0.883337 0.449553
vt 0.919706 0.419706
vt 0.949553 0.383337
vt 0.971731 0.341844
vt 0.985388 0.296822
vt 0.990000 0.250000
vt 0.985388 0.203178
vt 0.971731 0.158156
vt 0.949553 0.116663
vt 0.919706 0.080294
vt 0.883337 0.050447
vt 0.841844 0.028269
vt 0.750000 0.010000
vt 0.703178 0.014612
vt 0.658156 0.028269
vt 0.616663 0.050447
vt 0.580294 0.080294
vt 0.550447 0.116663
vt 0.528269 0.158156
vt 0.510000 0.250000
vt 0.514612 0.296822
vt 0.528269 0.341844
vt 0.550447 0.383337
vt 0.580294 0.419706
vt 0.616663 0.449553
vt 0.658156 0.471731
s 0
usemtl Green
f 1588/2824/939 1587/2826/939 1589/2825/939
f 1590/2827/940 1589/2825/940 1591/2828/940
f 1592/2829/941 1591/2828/941 1593/2830/941
f 1594/2831/942 1593/2830/942 1595/2832/942
f 1596/2833/943 1595/2832/943 1597/2834/943
f 1598/2835/944 1597/2834/944 1599/2836/944
f 1600/2837/945 1599/2836/945 1601/2838/945
f 1602/2839/946 1601/2838/946 1603/2840/946
f 1604/2841/947 1603/2840/947 1605/2842/947
f 1606/2843/948 1605/2842/948 1607/2844/948
f 1608/2845/949 1607/2844/949 1609/2846/949
f 1610/2847/950 1609/2846/950 1611/2848/950
f 1612/2849/951 1611/2848/951 1613/2850/951
f 1614/2851/952 1613/2850/952 1615/2852/952
f 1616/2853/953 1615/2852/953 1617/2854/953
f 1618/2855/954 1617/2854/954 1619/2856/954
f 1620/2857/955 1619/2856/955 1621/2858/955
f 1622/2859/956 1621/2858/956 1623/2860/956
f 1624/2861/957 1623/2860/957 1625/2862/957
f 1625/2862/958 1627/2864/958 1628/2863/958
f 1628/2863/959 1627/2864/959 1629/2865/959
f 1630/2866/960 1629/2865/960 1631/2867/960
f 1631/2867/961 1633/2869/961 1634/2868/961
f 1634/2868/962 1633/2869/962 1635/2870/962
f 1635/2870/963 1637/2872/963 1638/2871/963
f 1638/2871/964 1637/2872/964 1639/2873/964
f 1639/2873/965 1641/2875/965 1642/2874/965
f 1642/2874/966 1641/2875/966 1643/2876/966
f 1644/2877/967 1643/2876/967 1645/2878/967
f 1646/2879/968 1645/2878/968 1647/2880/968
f 1624/2881/969 1592/2883/969 1608/2882/969
f 1648/2884/970 1647/2880/970 1649/2885/970
f 1650/2886/971 1649/2885/971 1587/2887/971
f 1617/2888/972 1649/2890/972 1633/2889/972
f 1588/2824/939 1589/2825/939 1590/2827/939
f 1590/2827/940 1591/2828/940 1592/2829/940
f 1592/2829/941 1593/2830/941 1594/2831/941
f 1594/2831/942 1595/2832/942 1596/2833/942
f 1596/2833/943 1597/2834/943 1598/2835/943
f 1598/2835/944 1599/2836/944 1600/2837/944
f 1600/2837/945 1601/2838/945 1602/2839/945
f 1602/2839/946 1603/2840/946 1604/2841/946
f 1604/2841/947 1605/2842/947 1606/2843/947
f 1606/2843/948 1607/2844/948 1608/2845/948
f 1608/2845/949 1609/2846/949 1610/2847/949
f 1610/2847/950 1611/2848/950 1612/2849/950
f 1612/2849/951 1613/2850/951 1614/2851/951
f 1614/2851/952 1615/2852/952 1616/2853/952
f 1616/2853/953 1617/2854/953 1618/2855/953
f 1618/2855/954 1619/2856/954 1620/2857/954
f 1620/2857/955 1621/2858/955 1622/2859/955
f 1622/2859/956 1623/2860/956 1624/2861/956
f 1624/2861/957 1625/2862/957 1626/2891/957
f 1625/2862/958 1628/2863/958 1626/2891/958
f 1628/2863/959 1629/2865/959 1630/2866/959
f 1630/2866/960 1631/2867/960 1632/2892/960
f 1631/2867/961 1634/2868/961 1632/2892/961
f 1634/2868/962 1635/2870/962 1636/2893/962
f 1635/2870/963 1638/2871/963 1636/2893/963
f 1638/2871/964 1639/2873/964 1640/2894/964
f 1639/2873/965 1642/2874/965 1640/2894/965
f 1642/2874/966 1643/2876/966 1644/2877/966
f 1644/2877/967 1645/2878/967 1646/2879/967
f 1646/2879/968 1647/2880/968 1648/2884/968
f 1592/2883/969 1588/2896/969 1590/2895/969
f 1588/2896/969 1648/2898/969 1650/2897/969
f 1648/2898/969 1644/2900/969 1646/2899/969
f 1644/2900/969 1640/2902/969 1642/2901/969
f 1640/2902/969 1636/2904/969 1638/2903/969
f 1636/2904/969 1632/2906/969 1634/2905/969
f 1632/2906/969 1628/2908/969 1630/2907/969
f 1628/2908/969 1624/2881/969 1626/2909/969
f 1624/2881/969 1620/2911/969 1622/2910/969
f 1620/2911/969 1616/2913/969 1618/2912/969
f 1616/2913/969 1612/2915/969 1614/2914/969
f 1612/2915/969 1608/2882/969 1610/2916/969
f 1608/2882/969 1604/2918/969 1606/2917/969
f 1604/2918/969 1600/2920/969 1602/2919/969
f 1600/2920/969 1596/2922/969 1598/2921/969
f 1596/2922/969 1592/2883/969 1594/2923/969
f 1592/2883/969 1648/2898/969 1588/2896/969
f 1648/2898/969 1640/2902/969 1644/2900/969
f 1640/2902/969 1632/2906/969 1636/2904/969
f 1632/2906/969 1624/2881/969 1628/2908/969
f 1624/2881/969 1616/2913/969 1620/2911/969
f 1616/2913/969 1608/2882/969 1612/2915/969
f 1608/2882/969 1600/2920/969 1604/2918/969
f 1600/2920/969 1592/2883/969 1596/2922/969
f 1592/2883/969 1640/2902/969 1648/2898/969
f 1640/2902/969 1624/2881/969 1632/2906/969
f 1624/2881/969 1608/2882/969 1616/2913/969
f 1608/2882/969 1592/2883/969 1600/2920/969
f 1592/2883/969 1624/2881/969 1640/2902/969
f 1648/2884/970 1649/2885/970 1650/2886/970
f 1650/2886/971 1587/2887/971 1588/2924/971
f 1649/2890/972 1589/2926/972 1587/2925/972
f 1589/2926/972 1593/2928/972 1591/2927/972
f 1593/2928/972 1597/2930/972 1595/2929/972
f 1597/2930/972 1601/2932/972 1599/2931/972
f 1601/2932/972 1605/2934/972 1603/2933/972
f 1605/2934/972 1609/2936/972 1607/2935/972
f 1609/2936/972 1613/2938/972 1611/2937/972
f 1613/2938/972 1617/2888/972 1615/2939/972
f 1617/2888/972 1621/2941/972 1619/2940/972
f 1621/2941/972 1625/2943/972 1623/2942/972
f 1625/2943/972 1629/2945/972 1627/2944/972
f 1629/2945/972 1633/2889/972 1631/2946/972
f 1633/2889/972 1637/2948/972 1635/2947/972
f 1637/2948/972 1641/2950/972 1639/2949/972
f 1641/2950/972 1645/2952/972 1643/2951/972
f 1645/2952/972 1649/2890/972 1647/2953/972
f 1649/2890/972 1593/2928/972 1589/2926/972
f 1593/2928/972 1601/2932/972 1597/2930/972
f 1601/2932/972 1609/2936/972 1605/2934/972
f 1609/2936/972 1617/2888/972 1613/2938/972
f 1617/2888/972 1625/2943/972 1621/2941/972
f 1625/2943/972 1633/2889/972 1629/2945/972
f 1633/2889/972 1641/2950/972 1637/2948/972
f 1641/2950/972 1649/2890/972 1645/2952/972
f 1649/2890/972 1601/2932/972 1593/2928/972
f 1601/2932/972 1617/2888/972 1609/2936/972
f 1617/2888/972 1633/2889/972 1625/2943/972
f 1633/2889/972 1649/2890/972 1641/2950/972
f 1649/2890/972 1617/2888/972 1601/2932/972
o Caterpillar.003
v 1.424667 0.449991 -1.029540
v 0.974667 0.449991 -1.029540
v 1.424667 -0.450009 -1.029540
v 0.974667 -0.450009 -1.029540
v 1.424667 0.524991 2.650460
v 0.974667 0.524991 2.650460
v 1.424667 -0.052173 2.765265
v 0.974667 -0.052173 2.765265
v 1.424667 -0.024450 2.817131
v 0.974667 -0.024450 2.817131
v 1.424667 0.012859 2.862592
v 0.974667 0.012859 2.862592
v 1.424667 0.058320 2.899901
v 0.974667 0.058320 2.899901
v 1.424667 0.110186 2.927624
v 0.974667 0.110186 2.927624
v 1.424667 0.166464 2.944695
v 0.974667 0.166464 2.944695
v 1.424667 0.224991 2.950460
v 0.974667 0.224991 2.950460
v 1.424667 0.283518 2.944695
v 0.974667 0.283518 2.944695
v 1.424667 0.339796 2.927624
v 0.974667 0.339796 2.927624
v 1.424667 0.391662 2.899901
v 0.974667 0.391662 2.899901
v 1.424667 0.437123 2.862592
v 0.974667 0.437123 2.862592
v 1.424667 0.474432 2.817131
v 0.974667 0.474432 2.817131
v 1.424667 0.502155 2.765265
v 0.974667 0.502155 2.765265
v 1.424667 0.519226 2.708987
v 0.974667 0.519226 2.708987
v 1.424667 0.449991 1.850460
v 0.974667 0.449991 1.850460
v 1.424667 -0.450009 1.850460
v 0.974667 -0.450009 1.850460
v 1.424667 -0.441362 1.938251
v 0.974667 -0.441363 1.938251
v 1.424667 -0.415755 2.022668
v 0.974667 -0.415755 2.022668
v 1.424667 -0.374170 2.100467
v 0.974667 -0.374170 2.100467
v 1.424667 0.449991 0.890460
v 0.974667 0.449991 0.890460
v 1.424667 -0.450009 0.890460
v 0.974667 -0.450009 0.890460
v 1.424667 0.449991 -0.069540
v 0.974667 0.449991 -0.069540
v 1.424667 -0.450009 -0.069540
v 0.974667 -0.450009 -0.069540
v 1.424667 0.449991 -1.989540
v 0.974667 0.449991 -1.989540
v 1.424667 -0.318207 -2.307738
v 0.974667 -0.318207 -2.307738
v 1.424667 -0.374170 -2.239547
v 0.974667 -0.374170 -2.239547
v 1.424667 -0.415755 -2.161748
v 0.974667 -0.415755 -2.161748
v 1.424667 -0.441362 -2.077331
v 0.974667 -0.441363 -2.077331
v 1.424667 -0.450009 -1.989540
v 0.974667 -0.450009 -1.989540
v 1.424667 0.524991 -2.709540
v 0.974667 0.524991 -2.709540
v 1.424667 0.520668 -2.753436
v 0.974667 0.520668 -2.753436
v 1.424667 0.507864 -2.795644
v 0.974667 0.507864 -2.795644
v 1.424667 0.487072 -2.834543
v 0.974667 0.487072 -2.834543
v 1.424667 0.459090 -2.868639
v 0.974667 0.459090 -2.868639
v 1.424667 0.424994 -2.896621
v 0.974667 0.424994 -2.896621
v 1.424667 0.386095 -2.917413
v 0.974667 0.386095 -2.917413
v 1.424667 0.343886 -2.930217
v 0.974667 0.343886 -2.930217
v 1.424667 0.299991 -2.934540
v 0.974667 0.299991 -2.934540
v 1.424667 0.256096 -2.930217
v 0.974667 0.256096 -2.930217
v 1.424667 0.213887 -2.917413
v 0.974667 0.213887 -2.917413
v 1.424667 0.174988 -2.896621
v 0.974667 0.174988 -2.896621
v 1.424667 0.140892 -2.868639
v 0.974667 0.140892 -2.868639
v 1.424667 0.112910 -2.834543
v 0.974667 0.112910 -2.834543
v 1.424667 0.465991 -1.029540
v 0.974667 0.465991 -1.029540
v 0.974667 -0.466009 -1.029540
v 1.424667 -0.466009 -1.029540
v 1.424667 0.540991 2.650498
v 0.974667 0.540991 2.650498
v 0.974667 -0.066431 2.772525
v 1.424667 -0.066431 2.772525
v 1.424667 -0.037754 2.826020
v 0.974667 -0.037754 2.826020
v 1.424667 0.001545 2.873906
v 0.974667 0.001545 2.873906
v 1.424667 0.049431 2.913204
v 0.974667 0.049431 2.913204
v 1.424667 0.104063 2.942406
v 0.974667 0.104063 2.942406
v 1.424667 0.163342 2.960388
v 0.974667 0.163342 2.960388
v 1.424667 0.224991 2.966460
v 0.974667 0.224991 2.966460
v 1.424667 0.286639 2.960388
v 0.974667 0.286639 2.960388
v 1.424667 0.345919 2.942406
v 0.974667 0.345919 2.942406
v 1.424667 0.400551 2.913204
v 0.974667 0.400551 2.913204
v 1.424667 0.448437 2.873906
v 0.974667 0.448437 2.873906
v 1.424667 0.487735 2.826020
v 0.974667 0.487735 2.826020
v 1.424667 0.516937 2.771388
v 0.974667 0.516937 2.771388
v 1.424667 0.534919 2.712108
v 0.974667 0.534919 2.712108
v 1.424667 0.465973 1.849712
v 0.974667 0.465973 1.849712
v 0.974667 -0.465990 1.851245
v 1.424667 -0.465990 1.851245
v 1.424667 -0.457055 1.941372
v 0.974667 -0.457055 1.941372
v 1.424667 -0.430537 2.028790
v 0.974667 -0.430537 2.028790
v 1.424667 -0.388429 2.107727
v 0.974667 -0.388429 2.107727
v 1.424667 0.465991 0.890460
v 0.974667 0.465991 0.890460
v 0.974667 -0.466009 0.890460
v 1.424667 -0.466009 0.890460
v 1.424667 0.465991 -0.069540
v 0.974667 0.465991 -0.069540
v 0.974667 -0.466009 -0.069540
v 1.424667 -0.466009 -0.069540
v 1.424667 0.465969 -1.988711
v 0.974667 0.465969 -1.988711
v 0.974667 -0.330582 -2.317880
v 1.424667 -0.330582 -2.317880
v 1.424667 -0.387474 -2.248436
v 0.974667 -0.387474 -2.248436
v 1.424667 -0.430537 -2.167871
v 0.974667 -0.430537 -2.167871
v 1.424667 -0.457055 -2.080452
v 0.974667 -0.457055 -2.080452
v 1.424667 -0.465990 -1.990326
v 0.974667 -0.465990 -1.990326
v 1.424667 0.540991 -2.709495
v 1.424667 0.536360 -2.756557
v 0.974667 0.536360 -2.756557
v 0.974667 0.540991 -2.709495
v 1.424667 0.522646 -2.801767
v 0.974667 0.522646 -2.801767
v 1.424667 0.500375 -2.843432
v 0.974667 0.500375 -2.843432
v 1.424667 0.470404 -2.879953
v 0.974667 0.470404 -2.879953
v 1.424667 0.433883 -2.909924
v 0.974667 0.433883 -2.909924
v 1.424667 0.392218 -2.932195
v 0.974667 0.392218 -2.932195
v 1.424667 0.347008 -2.945910
v 0.974667 0.347008 -2.945910
v 1.424667 0.299991 -2.950540
v 0.974667 0.299991 -2.950540
v 1.424667 0.252974 -2.945910
v 0.974667 0.252974 -2.945910
v 1.424667 0.207764 -2.932195
v 0.974667 0.207764 -2.932195
v 1.424667 0.166098 -2.909924
v 0.974667 0.166098 -2.909924
v 1.424667 0.129578 -2.879953
v 0.974667 0.129578 -2.879953
v 1.424667 0.100535 -2.844685
v 0.974667 0.100535 -2.844685
vn -0.0000 0.8819 -0.4714
vn -0.0000 0.7730 -0.6344
vn -0.0000 0.6344 -0.7730
vn -0.0000 0.4714 -0.8819
vn -0.0000 0.2903 -0.9569
vn -0.0000 0.0980 -0.9952
vn -0.0000 -0.0980 -0.9952
vn -0.0000 -0.2903 -0.9569
vn -0.0000 -0.4714 -0.8819
vn -0.0000 -0.6344 -0.7730
vn -0.0000 -0.7730 -0.6344
vn -0.0000 -0.8819 -0.4714
vn -0.0000 -0.9569 -0.2903
vn -0.0000 -0.9952 -0.0980
vn -0.0000 0.9952 -0.0980
vn -0.0000 0.9569 -0.2903
vn -0.0000 0.7730 0.6344
vn -0.0000 0.8819 0.4714
vn -0.0000 0.9569 0.2903
vn -0.0000 0.9952 0.0980
vn -0.0000 -0.9952 0.0980
vn -0.0000 -0.9569 0.2903
vn -0.0000 -0.8819 0.4714
vn -0.0000 -0.7730 0.6344
vn -0.0000 -0.6344 0.7730
vn -0.0000 -0.4714 0.8819
vn -0.0000 -0.2903 0.9569
vn -0.0000 -0.0980 0.9952
vn -0.0000 0.0980 0.9952
vn -0.0000 0.2903 0.9569
vn -0.0000 0.4714 0.8819
vn -0.0000 0.6344 0.7730
vn -0.0000 -1.0000 -0.0000
vn -0.0000 -0.9946 -0.1036
vn -0.0000 -0.9956 0.0933
vn -0.0000 1.0000 -0.0000
vn -0.0000 0.9000 -0.4359
vn -0.0000 0.7739 0.6333
vn -0.0000 -0.8813 0.4725
vn -0.0000 0.9952 0.0981
vn -0.0000 -0.9951 0.0987
vn -0.0000 -0.8823 0.4707
vn -0.0000 -0.7736 -0.6337
vn -0.0000 -0.9951 -0.0987
vn -0.0000 0.9952 -0.0979
vn -0.0000 -0.7719 -0.6357
vn -0.0000 0.9946 0.1035
vn -0.0000 0.9956 -0.0933
vn -0.0000 -0.9000 0.4359
vn -0.0000 -0.7739 -0.6333
vn 1.0000 -0.0000 -0.0000
vn -1.0000 -0.0000 -0.0000
vt 0.869819 -0.010416
vt 0.846558 0.448896
vt 0.846558 -0.010416
vt 0.893080 -0.010416
vt 0.869819 0.448896
vt 0.916342 -0.010416
vt 0.893080 0.448896
vt 0.939603 -0.010416
vt 0.916342 0.448896
vt 0.962865 -0.010416
vt 0.939603 0.448896
vt 0.986126 -0.010416
vt 0.962865 0.448896
vt 1.009388 -0.010416
vt 0.986126 0.448896
vt 1.032649 -0.010416
vt 1.009388 0.448896
vt 1.055911 -0.010416
vt 1.032649 0.448896
vt 1.079173 0.448896
vt 1.055911 0.448896
vt 1.102434 -0.010416
vt 1.079173 -0.010416
vt 1.125695 -0.010416
vt 1.102434 0.448896
vt 1.148957 -0.010416
vt 1.125695 0.448896
vt 1.172218 0.448896
vt 1.148957 0.448896
vt 0.449710 -0.010416
vt 0.484602 0.448896
vt 0.449710 0.448896
vt 0.519495 -0.010416
vt 0.484602 -0.010416
vt 0.554387 -0.010416
vt 0.519495 0.448896
vt -1.173818 -0.010416
vt -1.208710 0.448896
vt -1.208710 -0.010416
vt -1.138925 -0.010416
vt -1.173818 0.448896
vt -1.104033 0.448896
vt -1.138925 0.448896
vt -1.069141 -0.010416
vt -1.104033 -0.010416
vt -1.704759 -0.010416
vt -1.687313 0.448896
vt -1.704759 0.448896
vt -1.687313 -0.010416
vt -1.669867 0.448896
vt -1.652421 -0.010416
vt -1.669867 -0.010416
vt -1.634974 -0.010416
vt -1.652421 0.448896
vt -1.617528 -0.010416
vt -1.634974 0.448896
vt -1.600083 -0.010416
vt -1.617528 0.448896
vt -1.582636 -0.010416
vt -1.600083 0.448896
vt -1.565190 -0.010416
vt -1.582636 0.448896
vt -1.547744 -0.010416
vt -1.565190 0.448896
vt -1.530298 -0.010416
vt -1.547744 0.448896
vt -1.512852 -0.010416
vt -1.530298 0.448896
vt -1.495406 -0.010416
vt -1.512852 0.448896
vt -1.477960 -0.010416
vt -1.495406 0.448896
vt 2.629172 -0.010416
vt 3.008883 0.448896
vt 2.629172 0.448896
vt -1.991084 0.448896
vt 2.249458 0.448896
vt 2.249458 -0.010416
vt 1.869746 0.448896
vt 1.869745 -0.010416
vt 1.490033 0.448896
vt 1.490033 -0.010416
vt 1.172218 -0.010416
vt 0.069997 0.448896
vt -0.309716 0.448896
vt 0.069998 -0.010416
vt -0.689428 -0.010416
vt -0.689428 0.448896
vt 0.554387 0.448896
vt -1.477960 0.448896
vt 0.847107 0.535082
vt 0.870926 0.994215
vt 0.847107 0.994215
vt 0.870926 0.535082
vt 0.895236 0.994215
vt 0.919545 0.535082
vt 0.919545 0.994215
vt 0.943854 0.994215
vt 0.943854 0.535082
vt 0.968163 0.994215
vt 0.968163 0.535082
vt 0.992472 0.994215
vt 0.992472 0.535082
vt 1.016782 0.994215
vt 1.016782 0.535082
vt 1.041091 0.994215
vt 1.041091 0.535082
vt 1.065400 0.994215
vt 1.065400 0.535082
vt 1.089710 0.994215
vt 1.089710 0.535082
vt 1.114019 0.994215
vt 1.138328 0.535082
vt 1.138328 0.994215
vt 1.162637 0.535082
vt 1.162637 0.994215
vt 1.186931 0.535082
vt 1.186932 0.994215
vt 0.450739 0.535082
vt 0.486280 0.994215
vt 0.450739 0.994215
vt 0.486280 0.535082
vt 0.522128 0.994215
vt 0.522128 0.535082
vt 0.557237 0.994215
vt -1.199239 0.994214
vt -1.164011 0.535082
vt -1.164011 0.994214
vt -1.128163 0.994214
vt -1.092314 0.535082
vt -1.092314 0.994214
vt -1.056773 0.994214
vt -1.706791 0.994214
vt -1.688234 0.535082
vt -1.688234 0.994214
vt -1.669695 0.994214
vt -1.669695 0.535082
vt -1.651155 0.994214
vt -1.651155 0.535082
vt -1.632615 0.994214
vt -1.632615 0.535082
vt -1.614076 0.994214
vt -1.614076 0.535082
vt -1.595536 0.994214
vt -1.595536 0.535082
vt -1.576996 0.994214
vt -1.558457 0.535082
vt -1.558457 0.994214
vt -1.539917 0.994214
vt -1.539917 0.535082
vt -1.521377 0.994214
vt -1.521377 0.535082
vt -1.502838 0.994214
vt -1.502838 0.535082
vt -1.484299 0.994214
vt -1.484299 0.535082
vt -1.466370 0.994214
vt 3.008830 0.535084
vt 2.632431 0.994216
vt 2.632431 0.535083
vt -1.991171 0.535082
vt -1.991171 0.994214
vt 2.255707 0.535083
vt 1.878983 0.535083
vt 2.255707 0.994215
vt 1.878983 0.994215
vt 1.502552 0.535083
vt 1.502552 0.994215
vt 0.073707 0.535082
vt 0.073707 0.994215
vt -0.303017 0.535082
vt -0.679741 0.994214
vt -0.679741 0.535082
vt 0.557237 0.535082
vt -1.199239 0.535082
vt -1.466370 0.535082
vt 1.131603 0.530737
vt 1.157901 0.443673
vt 1.163778 0.530738
vt -0.116709 0.442636
vt 0.402411 0.530715
vt -0.109386 0.530700
vt -2.498425 0.443664
vt -2.522811 0.530191
vt -2.498425 0.530191
vt 1.159943 0.443662
vt 1.127723 0.530192
vt 1.159943 0.530192
vt -0.114976 0.443663
vt -0.627269 0.530191
vt -0.114976 0.530191
vt -2.294819 0.530634
vt -2.280261 0.440875
vt -2.270478 0.530635
vt 0.450049 0.530717
vt 0.491260 0.443130
vt 0.497895 0.530718
vt -0.628877 0.442219
vt -0.620975 0.530685
vt -2.279053 0.443664
vt -2.303427 0.530191
vt -2.279053 0.530191
vt 0.493142 0.443663
vt 0.445230 0.530191
vt 0.493142 0.530191
vt 1.195955 0.530739
vt -0.627269 0.443664
vt -1.139562 0.530191
vt -2.499582 0.440697
vt -2.465204 0.530629
vt -2.489545 0.530629
vt 1.192164 0.530192
vt -1.141044 0.441802
vt -1.132563 0.530669
vt -2.255892 0.440895
vt -2.246137 0.530636
vt -2.474049 0.530191
vt 0.538657 0.443169
vt 0.545238 0.530720
vt -1.139562 0.443664
vt -1.652064 0.530191
vt -2.254678 0.443664
vt -2.254678 0.530191
vt 0.540550 0.443663
vt 0.540550 0.530191
vt 1.222326 0.443725
vt 1.228131 0.530740
vt -1.644361 0.530654
vt -2.450844 0.440737
vt -2.440863 0.530630
vt 1.224384 0.443662
vt 1.224384 0.530192
vt 0.934735 0.530192
vt -2.231523 0.440915
vt -2.221797 0.530636
vt -2.449675 0.443664
vt -2.449675 0.530191
vt 0.938878 0.530731
vt 0.932746 0.443489
vt 0.970722 0.530732
vt -2.230303 0.443664
vt -2.230303 0.530191
vt 1.254539 0.443751
vt 1.260307 0.530741
vt -1.843082 0.443664
vt -2.206345 0.530191
vt -1.843082 0.530191
vt 0.966622 0.530192
vt 0.934735 0.443663
vt -2.416523 0.530631
vt 1.256604 0.443662
vt 1.256604 0.530192
vt -2.197871 0.530637
vt -1.844393 0.441230
vt -1.835115 0.530648
vt -2.207569 0.440934
vt -2.425301 0.443664
vt -2.425301 0.530191
vt 0.964626 0.443515
vt 1.002898 0.530733
vt -2.206345 0.443664
vt 1.286752 0.443777
vt 1.292483 0.530742
vt 0.998842 0.443663
vt 0.998842 0.530192
vt -2.426475 0.440756
vt -2.392182 0.530631
vt 1.288825 0.443662
vt 1.288825 0.530191
vt 3.351973 0.530803
vt 3.860523 0.445871
vt 3.863341 0.530818
vt -2.400926 0.530191
vt -1.787690 0.530649
vt 0.996838 0.443542
vt 1.035074 0.530734
vt 3.863216 0.443662
vt 3.351145 0.530192
vt 3.863216 0.530191
vt -1.795592 0.530191
vt 1.324659 0.530743
vt 1.031062 0.530191
vt -2.910391 0.440363
vt -2.513897 0.530628
vt -2.899871 0.530617
vt -2.402106 0.440776
vt -2.367841 0.530632
vt 1.321045 0.443663
vt 1.321045 0.530192
vt -2.909323 0.443666
vt -2.909323 0.530191
vt -2.376551 0.530191
vt -2.400926 0.443664
vt -1.796914 0.441269
vt -1.739844 0.530651
vt 1.029051 0.443568
vt 1.067250 0.530735
vt 2.836406 0.445038
vt 2.840384 0.530788
vt -1.747679 0.530191
vt -1.795592 0.443664
vt 1.318964 0.443804
vt 1.356835 0.530744
vt 1.063283 0.530191
vt 1.031062 0.443662
vt 3.351145 0.443662
vt 2.838853 0.530192
vt -2.377737 0.440796
vt -2.343500 0.530633
vt 1.353265 0.530191
vt 2.324237 0.444621
vt 2.328795 0.530773
vt -2.352177 0.530191
vt -2.376551 0.443664
vt -1.701113 0.441347
vt -1.691998 0.530652
vt 1.093476 0.443620
vt 1.099426 0.530736
vt 2.838853 0.443662
vt 2.326560 0.530192
vt -1.699767 0.443664
vt -1.699767 0.530191
vt 1.383379 0.443856
vt 1.389002 0.530745
vt 1.095503 0.443662
vt 1.095503 0.530192
vt 1.812267 0.444205
vt 1.817404 0.530758
vt -2.353368 0.440816
vt -2.319159 0.530634
vt 1.385475 0.443662
vt 1.385475 0.530192
vt 1.814467 0.443663
vt 1.814467 0.530191
vt -2.327802 0.530191
vt -2.352177 0.443664
vt -1.653421 0.441385
vt -1.652064 0.443664
vt -2.304630 0.440855
vt 0.395668 0.443052
vt 0.397527 0.530191
vt -2.303427 0.443664
vt 0.397527 0.443663
vt -1.069141 0.448896
vt 3.008884 -0.010416
vt -1.991084 -0.010416
vt -0.309716 -0.010416
vt 0.895236 0.535082
vt 1.114019 0.535082
vt -1.128163 0.535082
vt -1.056773 0.535082
vt -1.706791 0.535082
vt -1.576996 0.535082
vt 3.008830 0.994216
vt -0.303017 0.994214
vt 1.125688 0.443646
vt -2.522811 0.443664
vt 1.127723 0.443662
vt 0.443359 0.443091
vt 0.445230 0.443663
vt 1.190113 0.443699
vt -2.475213 0.440717
vt 1.192164 0.443662
vt -2.474049 0.443664
vt 0.966622 0.443662
vt 3.348574 0.445455
vt -2.523964 0.440677
vt -1.749013 0.441308
vt 1.061263 0.443594
vt -1.747679 0.443664
vt 1.351177 0.443830
vt 1.063283 0.443662
vt 1.353265 0.443663
vt 2.326560 0.443662
vt -2.328999 0.440836
vt -2.327802 0.443664
s 0
usemtl Caterpilar
f 1659/2954/973 1657/2956/973 1658/2955/973
f 1661/2957/974 1659/2954/974 1660/2958/974
f 1663/2959/975 1661/2957/975 1662/2960/975
f 1665/2961/976 1663/2959/976 1664/2962/976
f 1667/2963/977 1665/2961/977 1666/2964/977
f 1669/2965/978 1667/2963/978 1668/2966/978
f 1671/2967/979 1669/2965/979 1670/2968/979
f 1673/2969/980 1671/2967/980 1672/2970/980
f 1675/2971/981 1673/2969/981 1674/2972/981
f 1675/2971/982 1676/2974/982 1678/2973/982
f 1679/2975/983 1677/2976/983 1678/2973/983
f 1681/2977/984 1679/2975/984 1680/2978/984
f 1683/2979/985 1681/2977/985 1682/2980/985
f 1683/2979/986 1684/2982/986 1656/2981/986
f 1687/2983/987 1688/2985/987 1690/2984/987
f 1691/2986/988 1689/2987/988 1690/2984/988
f 1693/2988/973 1691/2986/973 1692/2989/973
f 1707/2990/989 1705/2992/989 1706/2991/989
f 1709/2993/990 1707/2990/990 1708/2994/990
f 1709/2993/991 1710/2996/991 1712/2995/991
f 1713/2997/992 1711/2998/992 1712/2995/992
f 1715/2999/993 1716/3001/993 1718/3000/993
f 1717/3002/994 1718/3000/994 1720/3003/994
f 1721/3004/995 1719/3005/995 1720/3003/995
f 1723/3006/996 1721/3004/996 1722/3007/996
f 1725/3008/997 1723/3006/997 1724/3009/997
f 1727/3010/998 1725/3008/998 1726/3011/998
f 1729/3012/999 1727/3010/999 1728/3013/999
f 1731/3014/1000 1729/3012/1000 1730/3015/1000
f 1733/3016/1001 1731/3014/1001 1732/3017/1001
f 1735/3018/1002 1733/3016/1002 1734/3019/1002
f 1737/3020/1003 1735/3018/1003 1736/3021/1003
f 1739/3022/1004 1737/3020/1004 1738/3023/1004
f 1741/3024/989 1739/3022/989 1740/3025/989
f 1651/3026/1005 1652/3028/1005 1704/3027/1005
f 1704/3029/1006 1716/3001/1006 1715/2999/1006
f 1700/3030/1005 1652/3028/1005 1651/3026/1005
f 1699/3031/1005 1695/3033/1005 1696/3032/1005
f 1695/3033/1005 1685/3035/1005 1686/3034/1005
f 1685/3035/1007 1655/3036/1007 1656/2981/1007
f 1698/3037/1008 1688/2985/1008 1687/2983/1008
f 1702/3038/1008 1698/3037/1008 1697/3039/1008
f 1653/3040/1008 1654/3041/1008 1702/3038/1008
f 1654/3041/1008 1653/3040/1008 1713/2997/1008
f 1694/3042/1009 1658/2955/1009 1657/2956/1009
f 1741/3024/1010 1742/3043/1010 1706/2991/1010
f 1749/3044/1011 1750/3046/1011 1751/3045/1011
f 1752/3047/996 1751/3045/996 1753/3048/996
f 1753/3048/997 1755/3050/997 1756/3049/997
f 1756/3049/998 1755/3050/998 1757/3051/998
f 1758/3052/999 1757/3051/999 1759/3053/999
f 1760/3054/1000 1759/3053/1000 1761/3055/1000
f 1762/3056/1001 1761/3055/1001 1763/3057/1001
f 1764/3058/1002 1763/3057/1002 1765/3059/1002
f 1766/3060/1003 1765/3059/1003 1767/3061/1003
f 1768/3062/1004 1767/3061/1004 1769/3063/1004
f 1770/3064/989 1769/3063/989 1771/3065/989
f 1771/3065/990 1773/3067/990 1774/3066/990
f 1773/3067/991 1775/3069/991 1776/3068/991
f 1775/3069/1012 1747/3071/1012 1748/3070/1012
f 1779/3072/1013 1780/3074/1013 1781/3073/1013
f 1782/3075/994 1781/3073/994 1783/3076/994
f 1784/3077/1014 1783/3076/1014 1785/3078/1014
f 1798/3079/1015 1799/3081/1015 1800/3080/1015
f 1800/3080/984 1799/3081/984 1801/3082/984
f 1801/3082/985 1803/3084/985 1804/3083/985
f 1804/3083/1016 1803/3084/1016 1805/3085/1016
f 1807/3086/1017 1808/3088/1017 1809/3087/1017
f 1809/3087/988 1808/3088/988 1811/3089/988
f 1812/3090/973 1811/3089/973 1813/3091/973
f 1814/3092/974 1813/3091/974 1815/3093/974
f 1816/3094/975 1815/3093/975 1817/3095/975
f 1818/3096/976 1817/3095/976 1819/3097/976
f 1820/3098/977 1819/3097/977 1821/3099/977
f 1821/3099/978 1823/3101/978 1824/3100/978
f 1824/3100/979 1823/3101/979 1825/3102/979
f 1826/3103/980 1825/3102/980 1827/3104/980
f 1828/3105/981 1827/3104/981 1829/3106/981
f 1830/3107/982 1829/3106/982 1831/3108/982
f 1832/3109/1018 1831/3108/1018 1833/3110/1018
f 1796/3111/1008 1744/3113/1008 1743/3112/1008
f 1796/3114/1019 1795/3115/1019 1807/3086/1019
f 1743/3112/1008 1744/3113/1008 1792/3116/1008
f 1788/3117/1008 1787/3119/1008 1791/3118/1008
f 1778/3120/1008 1777/3121/1008 1787/3119/1008
f 1748/3070/1020 1747/3071/1020 1777/3121/1020
f 1780/3074/1005 1779/3072/1005 1789/3122/1005
f 1790/3123/1005 1789/3122/1005 1793/3124/1005
f 1793/3124/1005 1745/3126/1005 1746/3125/1005
f 1805/3085/1005 1746/3125/1005 1745/3126/1005
f 1750/3046/1021 1749/3044/1021 1786/3127/1021
f 1797/3128/1022 1834/3129/1022 1833/3110/1022
f 1669/3130/1023 1671/3132/1023 1763/3131/1023
f 1790/3133/1023 1697/3135/1023 1687/3134/1023
f 1809/3136/1024 1718/3138/1024 1716/3137/1024
f 1764/3139/1024 1672/3141/1024 1670/3140/1024
f 1789/3142/1024 1698/3144/1024 1702/3143/1024
f 1733/3145/1023 1735/3147/1023 1827/3146/1023
f 1689/3148/1023 1691/3150/1023 1783/3149/1023
f 1794/3151/1023 1701/3152/1023 1697/3135/1023
f 1828/3153/1024 1736/3155/1024 1734/3154/1024
f 1784/3156/1024 1692/3158/1024 1690/3157/1024
f 1763/3131/1023 1671/3132/1023 1673/3159/1023
f 1793/3160/1024 1702/3143/1024 1654/3161/1024
f 1808/3162/1023 1717/3164/1023 1719/3163/1023
f 1674/3165/1024 1672/3141/1024 1764/3139/1024
f 1746/3166/1023 1653/3167/1023 1701/3152/1023
f 1735/3147/1023 1737/3169/1023 1829/3168/1023
f 1720/3170/1024 1718/3138/1024 1809/3136/1024
f 1691/3150/1023 1693/3172/1023 1785/3171/1023
f 1745/3173/1024 1654/3161/1024 1714/3174/1024
f 1830/3175/1024 1738/3176/1024 1736/3155/1024
f 1786/3177/1024 1694/3178/1024 1692/3158/1024
f 1673/3159/1023 1675/3180/1023 1767/3179/1023
f 1713/3181/1023 1653/3167/1023 1746/3166/1023
f 1719/3163/1023 1721/3183/1023 1813/3182/1023
f 1768/3184/1024 1676/3185/1024 1674/3165/1024
f 1658/3186/1024 1694/3178/1024 1786/3177/1024
f 1737/3169/1023 1739/3188/1023 1831/3187/1023
f 1814/3189/1024 1722/3190/1024 1720/3170/1024
f 1785/3171/1023 1693/3172/1023 1657/3191/1023
f 1750/3192/1023 1657/3191/1023 1659/3193/1023
f 1832/3194/1024 1740/3195/1024 1738/3176/1024
f 1675/3180/1023 1677/3197/1023 1769/3196/1023
f 1797/3198/1024 1706/3200/1024 1742/3199/1024
f 1660/3201/1024 1658/3186/1024 1749/3202/1024
f 1813/3182/1023 1721/3183/1023 1723/3203/1023
f 1770/3204/1024 1678/3205/1024 1676/3185/1024
f 1741/3206/1023 1705/3208/1023 1798/3207/1023
f 1739/3188/1023 1741/3206/1023 1833/3209/1023
f 1816/3210/1024 1724/3211/1024 1722/3190/1024
f 1751/3212/1023 1659/3193/1023 1661/3213/1023
f 1834/3214/1024 1742/3199/1024 1740/3195/1024
f 1677/3197/1023 1679/3216/1023 1771/3215/1023
f 1754/3217/1024 1662/3218/1024 1660/3201/1024
f 1815/3219/1023 1723/3203/1023 1725/3220/1023
f 1772/3221/1024 1680/3222/1024 1678/3205/1024
f 1651/3223/1023 1703/3225/1023 1795/3224/1023
f 1726/3226/1024 1724/3211/1024 1816/3210/1024
f 1798/3207/1023 1705/3208/1023 1707/3227/1023
f 1753/3228/1023 1661/3213/1023 1663/3229/1023
f 1796/3230/1024 1704/3232/1024 1652/3231/1024
f 1708/3233/1024 1706/3200/1024 1797/3198/1024
f 1771/3215/1023 1679/3216/1023 1681/3234/1023
f 1664/3235/1024 1662/3218/1024 1754/3217/1024
f 1795/3236/1023 1703/3238/1023 1715/3237/1023
f 1817/3239/1023 1725/3220/1023 1727/3240/1023
f 1774/3241/1024 1682/3242/1024 1680/3222/1024
f 1716/3137/1024 1704/3244/1024 1796/3243/1024
f 1728/3245/1024 1726/3226/1024 1818/3246/1024
f 1799/3247/1023 1707/3227/1023 1709/3248/1023
f 1755/3249/1023 1663/3229/1023 1665/3250/1023
f 1791/3251/1023 1699/3252/1023 1651/3223/1023
f 1710/3253/1024 1708/3233/1024 1800/3254/1024
f 1773/3255/1023 1681/3234/1023 1683/3256/1023
f 1666/3257/1024 1664/3235/1024 1756/3258/1024
f 1744/3259/1024 1652/3231/1024 1700/3260/1024
f 1819/3261/1023 1727/3240/1023 1729/3262/1023
f 1684/3263/1024 1682/3242/1024 1774/3241/1024
f 1787/3264/1023 1695/3265/1023 1699/3252/1023
f 1730/3266/1024 1728/3245/1024 1820/3267/1024
f 1709/3248/1023 1711/3269/1023 1803/3268/1023
f 1665/3250/1023 1667/3271/1023 1759/3270/1023
f 1792/3272/1024 1700/3260/1024 1696/3273/1024
f 1804/3274/1024 1712/3275/1024 1710/3253/1024
f 1683/3256/1023 1655/3277/1023 1747/3276/1023
f 1760/3278/1024 1668/3279/1024 1666/3257/1024
f 1777/3280/1023 1685/3281/1023 1695/3265/1023
f 1821/3282/1023 1729/3262/1023 1731/3283/1023
f 1748/3284/1024 1656/3285/1024 1684/3263/1024
f 1696/3273/1024 1686/3287/1024 1778/3286/1024
f 1732/3288/1024 1730/3266/1024 1822/3289/1024
f 1711/3269/1023 1713/3181/1023 1805/3290/1023
f 1759/3270/1023 1667/3271/1023 1669/3130/1023
f 1655/3277/1023 1685/3281/1023 1777/3280/1023
f 1806/3291/1024 1714/3174/1024 1712/3275/1024
f 1670/3140/1024 1668/3279/1024 1760/3278/1024
f 1778/3286/1024 1686/3287/1024 1656/3285/1024
f 1731/3283/1023 1733/3145/1023 1825/3292/1023
f 1780/3293/1023 1687/3134/1023 1689/3148/1023
f 1688/3294/1024 1698/3144/1024 1789/3142/1024
f 1826/3295/1024 1734/3154/1024 1732/3288/1024
f 1715/3237/1023 1717/3164/1023 1808/3162/1023
f 1690/3157/1024 1688/3294/1024 1779/3296/1024
f 1659/2954/973 1658/2955/973 1660/2958/973
f 1661/2957/974 1660/2958/974 1662/2960/974
f 1663/2959/975 1662/2960/975 1664/2962/975
f 1665/2961/976 1664/2962/976 1666/2964/976
f 1667/2963/977 1666/2964/977 1668/2966/977
f 1669/2965/978 1668/2966/978 1670/2968/978
f 1671/2967/979 1670/2968/979 1672/2970/979
f 1673/2969/980 1672/2970/980 1674/2972/980
f 1675/2971/981 1674/2972/981 1676/2974/981
f 1675/2971/982 1678/2973/982 1677/2976/982
f 1679/2975/983 1678/2973/983 1680/2978/983
f 1681/2977/984 1680/2978/984 1682/2980/984
f 1683/2979/985 1682/2980/985 1684/2982/985
f 1683/2979/986 1656/2981/986 1655/3036/986
f 1687/2983/987 1690/2984/987 1689/2987/987
f 1691/2986/988 1690/2984/988 1692/2989/988
f 1693/2988/973 1692/2989/973 1694/3042/973
f 1707/2990/989 1706/2991/989 1708/2994/989
f 1709/2993/990 1708/2994/990 1710/2996/990
f 1709/2993/991 1712/2995/991 1711/2998/991
f 1713/2997/992 1712/2995/992 1714/3297/992
f 1715/2999/993 1718/3000/993 1717/3002/993
f 1717/3002/994 1720/3003/994 1719/3005/994
f 1721/3004/995 1720/3003/995 1722/3007/995
f 1723/3006/996 1722/3007/996 1724/3009/996
f 1725/3008/997 1724/3009/997 1726/3011/997
f 1727/3010/998 1726/3011/998 1728/3013/998
f 1729/3012/999 1728/3013/999 1730/3015/999
f 1731/3014/1000 1730/3015/1000 1732/3017/1000
f 1733/3016/1001 1732/3017/1001 1734/3019/1001
f 1735/3018/1002 1734/3019/1002 1736/3021/1002
f 1737/3020/1003 1736/3021/1003 1738/3023/1003
f 1739/3022/1004 1738/3023/1004 1740/3025/1004
f 1741/3024/989 1740/3025/989 1742/3043/989
f 1651/3026/1005 1704/3027/1005 1703/3298/1005
f 1704/3029/1006 1715/2999/1006 1703/3299/1006
f 1700/3030/1005 1651/3026/1005 1699/3031/1005
f 1699/3031/1005 1696/3032/1005 1700/3030/1005
f 1695/3033/1005 1686/3034/1005 1696/3032/1005
f 1685/3035/1007 1656/2981/1007 1686/3034/1007
f 1698/3037/1008 1687/2983/1008 1697/3039/1008
f 1702/3038/1008 1697/3039/1008 1701/3300/1008
f 1653/3040/1008 1702/3038/1008 1701/3300/1008
f 1654/3041/1008 1713/2997/1008 1714/3297/1008
f 1694/3042/1009 1657/2956/1009 1693/2988/1009
f 1741/3024/1010 1706/2991/1010 1705/2992/1010
f 1749/3044/1011 1751/3045/1011 1752/3047/1011
f 1752/3047/996 1753/3048/996 1754/3301/996
f 1753/3048/997 1756/3049/997 1754/3301/997
f 1756/3049/998 1757/3051/998 1758/3052/998
f 1758/3052/999 1759/3053/999 1760/3054/999
f 1760/3054/1000 1761/3055/1000 1762/3056/1000
f 1762/3056/1001 1763/3057/1001 1764/3058/1001
f 1764/3058/1002 1765/3059/1002 1766/3060/1002
f 1766/3060/1003 1767/3061/1003 1768/3062/1003
f 1768/3062/1004 1769/3063/1004 1770/3064/1004
f 1770/3064/989 1771/3065/989 1772/3302/989
f 1771/3065/990 1774/3066/990 1772/3302/990
f 1773/3067/991 1776/3068/991 1774/3066/991
f 1775/3069/1012 1748/3070/1012 1776/3068/1012
f 1779/3072/1013 1781/3073/1013 1782/3075/1013
f 1782/3075/994 1783/3076/994 1784/3077/994
f 1784/3077/1014 1785/3078/1014 1786/3127/1014
f 1798/3079/1015 1800/3080/1015 1797/3128/1015
f 1800/3080/984 1801/3082/984 1802/3303/984
f 1801/3082/985 1804/3083/985 1802/3303/985
f 1804/3083/1016 1805/3085/1016 1806/3304/1016
f 1807/3086/1017 1809/3087/1017 1810/3305/1017
f 1809/3087/988 1811/3089/988 1812/3090/988
f 1812/3090/973 1813/3091/973 1814/3092/973
f 1814/3092/974 1815/3093/974 1816/3094/974
f 1816/3094/975 1817/3095/975 1818/3096/975
f 1818/3096/976 1819/3097/976 1820/3098/976
f 1820/3098/977 1821/3099/977 1822/3306/977
f 1821/3099/978 1824/3100/978 1822/3306/978
f 1824/3100/979 1825/3102/979 1826/3103/979
f 1826/3103/980 1827/3104/980 1828/3105/980
f 1828/3105/981 1829/3106/981 1830/3107/981
f 1830/3107/982 1831/3108/982 1832/3109/982
f 1832/3109/1018 1833/3110/1018 1834/3129/1018
f 1796/3111/1008 1743/3112/1008 1795/3307/1008
f 1796/3114/1019 1807/3086/1019 1810/3305/1019
f 1743/3112/1008 1792/3116/1008 1791/3118/1008
f 1788/3117/1008 1791/3118/1008 1792/3116/1008
f 1778/3120/1008 1787/3119/1008 1788/3117/1008
f 1748/3070/1020 1777/3121/1020 1778/3120/1020
f 1780/3074/1005 1789/3122/1005 1790/3123/1005
f 1790/3123/1005 1793/3124/1005 1794/3308/1005
f 1793/3124/1005 1746/3125/1005 1794/3308/1005
f 1805/3085/1005 1745/3126/1005 1806/3304/1005
f 1750/3046/1021 1786/3127/1021 1785/3078/1021
f 1797/3128/1022 1833/3110/1022 1798/3079/1022
f 1669/3130/1023 1763/3131/1023 1761/3309/1023
f 1790/3133/1023 1687/3134/1023 1780/3293/1023
f 1809/3136/1024 1716/3137/1024 1810/3310/1024
f 1764/3139/1024 1670/3140/1024 1762/3311/1024
f 1789/3142/1024 1702/3143/1024 1793/3160/1024
f 1733/3145/1023 1827/3146/1023 1825/3292/1023
f 1689/3148/1023 1783/3149/1023 1781/3312/1023
f 1794/3151/1023 1697/3135/1023 1790/3133/1023
f 1828/3153/1024 1734/3154/1024 1826/3295/1024
f 1784/3156/1024 1690/3157/1024 1782/3313/1024
f 1763/3131/1023 1673/3159/1023 1765/3314/1023
f 1793/3160/1024 1654/3161/1024 1745/3173/1024
f 1808/3162/1023 1719/3163/1023 1811/3315/1023
f 1674/3165/1024 1764/3139/1024 1766/3316/1024
f 1746/3166/1023 1701/3152/1023 1794/3151/1023
f 1735/3147/1023 1829/3168/1023 1827/3146/1023
f 1720/3170/1024 1809/3136/1024 1812/3317/1024
f 1691/3150/1023 1785/3171/1023 1783/3149/1023
f 1745/3173/1024 1714/3174/1024 1806/3291/1024
f 1830/3175/1024 1736/3155/1024 1828/3153/1024
f 1786/3177/1024 1692/3158/1024 1784/3156/1024
f 1673/3159/1023 1767/3179/1023 1765/3314/1023
f 1713/3181/1023 1746/3166/1023 1805/3290/1023
f 1719/3163/1023 1813/3182/1023 1811/3315/1023
f 1768/3184/1024 1674/3165/1024 1766/3316/1024
f 1658/3186/1024 1786/3177/1024 1749/3202/1024
f 1737/3169/1023 1831/3187/1023 1829/3168/1023
f 1814/3189/1024 1720/3170/1024 1812/3317/1024
f 1785/3171/1023 1657/3191/1023 1750/3192/1023
f 1750/3192/1023 1659/3193/1023 1751/3212/1023
f 1832/3194/1024 1738/3176/1024 1830/3175/1024
f 1675/3180/1023 1769/3196/1023 1767/3179/1023
f 1797/3198/1024 1742/3199/1024 1834/3214/1024
f 1660/3201/1024 1749/3202/1024 1752/3318/1024
f 1813/3182/1023 1723/3203/1023 1815/3219/1023
f 1770/3204/1024 1676/3185/1024 1768/3184/1024
f 1741/3206/1023 1798/3207/1023 1833/3209/1023
f 1739/3188/1023 1833/3209/1023 1831/3187/1023
f 1816/3210/1024 1722/3190/1024 1814/3189/1024
f 1751/3212/1023 1661/3213/1023 1753/3228/1023
f 1834/3214/1024 1740/3195/1024 1832/3194/1024
f 1677/3197/1023 1771/3215/1023 1769/3196/1023
f 1754/3217/1024 1660/3201/1024 1752/3318/1024
f 1815/3219/1023 1725/3220/1023 1817/3239/1023
f 1772/3221/1024 1678/3205/1024 1770/3204/1024
f 1651/3223/1023 1795/3224/1023 1743/3319/1023
f 1726/3226/1024 1816/3210/1024 1818/3246/1024
f 1798/3207/1023 1707/3227/1023 1799/3247/1023
f 1753/3228/1023 1663/3229/1023 1755/3249/1023
f 1796/3230/1024 1652/3231/1024 1744/3259/1024
f 1708/3233/1024 1797/3198/1024 1800/3254/1024
f 1771/3215/1023 1681/3234/1023 1773/3255/1023
f 1664/3235/1024 1754/3217/1024 1756/3258/1024
f 1795/3236/1023 1715/3237/1023 1807/3320/1023
f 1817/3239/1023 1727/3240/1023 1819/3261/1023
f 1774/3241/1024 1680/3222/1024 1772/3221/1024
f 1716/3137/1024 1796/3243/1024 1810/3310/1024
f 1728/3245/1024 1818/3246/1024 1820/3267/1024
f 1799/3247/1023 1709/3248/1023 1801/3321/1023
f 1755/3249/1023 1665/3250/1023 1757/3322/1023
f 1791/3251/1023 1651/3223/1023 1743/3319/1023
f 1710/3253/1024 1800/3254/1024 1802/3323/1024
f 1773/3255/1023 1683/3256/1023 1775/3324/1023
f 1666/3257/1024 1756/3258/1024 1758/3325/1024
f 1744/3259/1024 1700/3260/1024 1792/3272/1024
f 1819/3261/1023 1729/3262/1023 1821/3282/1023
f 1684/3263/1024 1774/3241/1024 1776/3326/1024
f 1787/3264/1023 1699/3252/1023 1791/3251/1023
f 1730/3266/1024 1820/3267/1024 1822/3289/1024
f 1709/3248/1023 1803/3268/1023 1801/3321/1023
f 1665/3250/1023 1759/3270/1023 1757/3322/1023
f 1792/3272/1024 1696/3273/1024 1788/3327/1024
f 1804/3274/1024 1710/3253/1024 1802/3323/1024
f 1683/3256/1023 1747/3276/1023 1775/3324/1023
f 1760/3278/1024 1666/3257/1024 1758/3325/1024
f 1777/3280/1023 1695/3265/1023 1787/3264/1023
f 1821/3282/1023 1731/3283/1023 1823/3328/1023
f 1748/3284/1024 1684/3263/1024 1776/3326/1024
f 1696/3273/1024 1778/3286/1024 1788/3327/1024
f 1732/3288/1024 1822/3289/1024 1824/3329/1024
f 1711/3269/1023 1805/3290/1023 1803/3268/1023
f 1759/3270/1023 1669/3130/1023 1761/3309/1023
f 1655/3277/1023 1777/3280/1023 1747/3276/1023
f 1806/3291/1024 1712/3275/1024 1804/3274/1024
f 1670/3140/1024 1760/3278/1024 1762/3311/1024
f 1778/3286/1024 1656/3285/1024 1748/3284/1024
f 1731/3283/1023 1825/3292/1023 1823/3328/1023
f 1780/3293/1023 1689/3148/1023 1781/3312/1023
f 1688/3294/1024 1789/3142/1024 1779/3296/1024
f 1826/3295/1024 1732/3288/1024 1824/3329/1024
f 1715/3237/1023 1808/3162/1023 1807/3320/1023
f 1690/3157/1024 1779/3296/1024 1782/3313/1024
