# Blender 5.1.0
# www.blender.org
mtllib car_police.mtl
o car9
v -0.481312 0.192974 0.881760
v -0.464929 0.818596 0.844964
v -0.487957 0.459183 0.909522
v 1.381615 0.823708 0.805983
v -0.148894 1.316599 0.237953
v 2.019989 0.790026 0.420607
v -1.779531 0.192961 0.881757
v -1.837775 0.757291 0.836685
v -1.779531 0.192961 0.420610
v -0.571677 0.824161 0.420609
v 2.019989 0.765273 0.854090
v 2.019989 0.297572 0.893859
v 0.658892 1.342380 0.237985
v 0.261268 0.192961 0.420608
v -0.070291 1.291096 0.602474
v 0.791685 1.290041 0.566498
v 0.262559 1.342380 0.237986
v 0.832736 1.320327 0.238600
v 0.261268 0.192961 0.881756
v 0.240065 0.818596 0.844963
v 2.019989 0.297572 0.420607
v 0.241260 1.291096 0.602473
v -1.837775 0.779570 0.446517
v 1.421673 0.846443 0.419793
v -0.478947 0.192961 0.420609
v 1.033185 0.821307 0.843673
v 0.658892 1.288475 0.603938
v -1.837775 0.465284 0.909612
v 2.110903 0.469680 0.909609
v -1.911339 0.241389 0.477694
v 0.261268 0.457935 0.909611
v 2.110902 0.483504 0.251490
v -1.960073 0.379740 0.485944
v -1.261113 0.799409 0.854092
v -1.261113 0.824161 0.420609
v -0.500962 0.579531 0.896929
v -1.837775 0.718543 0.446517
v 1.033185 0.735706 0.881755
v 2.110902 0.726036 0.420607
v 2.110903 0.585299 0.896780
v -1.837775 0.713161 0.855850
v 1.511310 0.725822 0.881755
v 0.261268 0.735706 0.881756
v -1.261113 0.735706 0.881757
v -0.479702 0.327956 0.896929
v -1.837775 0.326933 0.896783
v 2.110903 0.426508 0.905747
v -1.837775 0.326933 0.420610
v 0.261268 0.327834 0.896781
v -0.245489 1.067153 0.727155
v 1.093459 1.074476 0.687288
v 0.240666 1.078431 0.721351
v 0.314561 1.444159 0.406101
v -1.260187 0.193027 0.422954
v -1.260186 0.682253 0.921474
v -1.124784 0.655319 0.921474
v -1.009995 0.578620 0.921474
v -0.933296 0.463831 0.921474
v -0.906363 0.328429 0.921474
v -0.933296 0.193027 0.921474
v -1.587077 0.193027 0.921475
v -1.614010 0.328429 0.921475
v -1.587077 0.463832 0.921475
v -1.510377 0.578620 0.921475
v -1.395589 0.655319 0.921474
v -1.088211 0.824161 0.420609
v -1.084052 0.799409 0.854092
v -1.084052 0.731998 0.881757
v -1.447142 0.799409 0.854092
v -1.447142 0.824161 0.420609
v -1.447142 0.729527 0.881757
v 1.261254 0.193027 0.422953
v 1.261254 0.682253 0.921473
v 1.396656 0.655319 0.921473
v 1.511445 0.578620 0.921473
v 1.588144 0.463831 0.921473
v 1.615078 0.328429 0.921473
v 1.588144 0.193027 0.921473
v 0.934364 0.193027 0.921473
v 0.907430 0.328429 0.921473
v 0.934364 0.463832 0.921473
v 1.011063 0.578620 0.921473
v 1.125852 0.655319 0.921473
v 1.064333 0.821307 0.843673
v 0.680372 1.288475 0.603938
v 0.699258 1.342380 0.237985
v 1.272248 0.735706 0.881755
v 0.901070 1.078389 0.721373
v 2.110902 0.571475 0.251490
v 2.110903 0.701570 0.881755
v -0.539942 0.735706 0.881756
v 0.261268 0.579764 0.896781
v -1.837775 0.603725 0.446517
v -1.837775 0.603725 0.865370
v 2.110903 0.655319 0.881755
v 0.261268 0.655320 0.881756
v -0.518382 0.655320 0.881760
v -1.837775 0.652831 0.855850
v 2.110902 0.660502 0.420607
v -1.837775 0.647526 0.446517
v 1.550060 0.579026 0.921471
v 1.103825 0.674427 0.921468
v 1.417837 0.670170 0.921469
v 1.074653 0.655319 0.921471
v 0.871364 0.328385 0.921472
v 1.265897 0.704826 0.921464
v 0.895669 0.193022 0.921472
v 1.619445 0.193023 0.921471
v 0.895665 0.463388 0.921472
v 1.650867 0.327990 0.921471
v 1.452112 0.655319 0.921471
v 0.967459 0.578705 0.921471
v 1.623428 0.464201 0.921471
v 1.513444 0.655319 0.881772
v 1.582050 0.579362 0.897368
v 1.666013 0.193017 0.881772
v 1.677457 0.327663 0.897368
v 1.637648 0.464349 0.909256
v 1.006266 0.655319 0.881772
v 0.846961 0.328355 0.900924
v 0.845982 0.193015 0.881772
v 0.886464 0.463282 0.914120
v 0.937860 0.578762 0.900924
v 1.081018 0.694212 0.881765
v 1.449479 0.692354 0.881766
v -1.465400 0.655319 0.921471
v -1.654949 0.328155 0.921471
v -1.565408 0.578485 0.921471
v -0.890320 0.463125 0.921472
v -0.868621 0.328361 0.921472
v -1.629726 0.193016 0.921471
v -1.110925 0.682672 0.921468
v -1.260676 0.710524 0.921464
v -1.629733 0.464079 0.921471
v -1.412783 0.682130 0.921468
v -0.961010 0.578749 0.921472
v -1.065621 0.655319 0.921472
v -0.894450 0.193020 0.921472
v -0.876971 0.462906 0.909256
v -0.844090 0.328318 0.897368
v -0.928777 0.578833 0.897368
v -0.998169 0.655319 0.881772
v -0.850500 0.193011 0.881772
v -1.540976 0.652336 0.881770
v -1.674153 0.328027 0.900923
v -1.594019 0.578415 0.900923
v -1.671950 0.193004 0.881770
v -1.637552 0.464124 0.914119
v -1.430631 0.709961 0.881763
v -1.096677 0.710789 0.881763
v 0.262559 1.294016 0.488846
v -1.837775 0.776284 0.389894
v -1.837775 0.782246 0.854092
v -1.837775 0.718543 0.389894
v -1.837775 0.718543 0.881757
v -1.837775 0.577818 0.896783
v -1.837775 0.608533 0.389894
v -1.837775 0.647526 0.389894
v -1.837775 0.655320 0.881757
v -1.811999 0.713161 0.855850
v -1.812000 0.718543 0.446517
v -1.811999 0.652831 0.855850
v -1.812000 0.647526 0.446517
v -1.812000 0.779570 0.446517
v -1.811999 0.757291 0.836685
v -1.811999 0.603725 0.865370
v -1.812000 0.603725 0.446517
v -1.837775 0.806999 0.420609
v -1.837775 0.718543 0.420609
v -1.837775 0.577818 0.420609
v -1.837775 0.647526 0.420609
v -1.817963 0.718543 0.389894
v -1.817962 0.647526 0.389894
v -1.817963 0.776284 0.389894
v -1.817962 0.608533 0.389894
v -1.911339 0.492274 0.420610
v -1.960073 0.379740 0.420610
v -1.911338 0.492274 0.896783
v -1.960073 0.379740 0.965609
v -1.911339 0.241389 0.896783
v -1.911339 0.241389 0.420610
v -1.856114 0.492274 0.420610
v -1.856114 0.241389 0.896783
v -1.856114 0.241389 0.420610
v -1.856114 0.492274 0.896783
v -1.856114 0.379740 0.965609
v -1.856114 0.448544 0.445947
v -1.837775 0.534088 0.445947
v -1.837775 0.534088 0.753649
v -1.837775 0.461369 0.761939
v -1.837775 0.371967 0.753649
v -1.837775 0.371967 0.445947
v -1.856114 0.448544 0.753649
v -1.856114 0.375825 0.761939
v -1.856114 0.286423 0.753649
v -1.856114 0.286423 0.445947
v -1.911339 0.492274 0.477694
v -1.856114 0.241389 0.477694
v -1.856114 0.492274 0.477693
v -1.856114 0.286423 0.482835
v -1.856114 0.448544 0.482835
v -1.761939 0.252187 0.445947
v -1.761939 0.481636 0.445947
v -1.921553 0.543526 0.420610
v -1.820987 0.543526 0.420609
v -1.990527 0.384257 0.420610
v -1.990527 0.384257 0.485944
v -1.921553 0.188450 0.420610
v -1.921553 0.188450 0.477694
v -1.921553 0.543526 0.477694
v -1.761939 0.156778 0.420610
v -1.761939 0.156778 0.477693
v -1.820987 0.543526 0.477693
v -1.761939 0.252187 0.482835
v -1.761939 0.481636 0.482835
v -1.850820 0.683928 0.762586
v -1.800289 0.683928 0.695555
v -1.832010 0.654510 0.833608
v -1.800289 0.658276 0.700658
v -1.800289 0.629570 0.816944
v -1.800289 0.636530 0.715188
v -1.832010 0.629570 0.816944
v -1.800289 0.622000 0.736935
v -1.800289 0.612906 0.792005
v -1.800289 0.616897 0.762586
v -1.832010 0.612906 0.792005
v -1.800289 0.622000 0.788238
v -1.800289 0.607054 0.762586
v -1.800289 0.636530 0.809984
v -1.832010 0.607054 0.762586
v -1.800289 0.658276 0.824514
v -1.800289 0.612906 0.733168
v -1.800289 0.683928 0.829617
v -1.832010 0.612906 0.733168
v -1.800289 0.709579 0.824514
v -1.800289 0.629570 0.708228
v -1.800289 0.731326 0.809984
v -1.832010 0.629570 0.708228
v -1.800289 0.745856 0.788238
v -1.800289 0.683928 0.685712
v -1.800289 0.750959 0.762586
v -1.800289 0.654510 0.691564
v -1.800289 0.745856 0.736935
v -1.832010 0.654510 0.691564
v -1.800289 0.731326 0.715188
v -1.832010 0.683928 0.685712
v -1.800289 0.709579 0.700658
v -1.832010 0.683928 0.695555
v -1.832010 0.658276 0.700658
v -1.832010 0.636530 0.715188
v -1.832010 0.622000 0.736935
v -1.832010 0.616897 0.762586
v -1.832010 0.622000 0.788238
v -1.832010 0.636530 0.809984
v -1.832010 0.658276 0.824514
v -1.832010 0.683928 0.829617
v -1.832010 0.709579 0.824514
v -1.832010 0.731326 0.809984
v -1.832010 0.745856 0.788238
v -1.832010 0.750959 0.762586
v -1.832010 0.745856 0.736935
v -1.832010 0.731326 0.715188
v -1.832010 0.709579 0.700658
v -1.845277 0.683928 0.726264
v -1.845277 0.670028 0.729029
v -1.845277 0.658244 0.736903
v -1.845277 0.650371 0.748686
v -1.845277 0.647606 0.762586
v -1.845277 0.650371 0.776486
v -1.845277 0.658244 0.788270
v -1.845277 0.670028 0.796143
v -1.845277 0.683928 0.798908
v -1.845277 0.697828 0.796143
v -1.845277 0.709611 0.788270
v -1.845277 0.717485 0.776486
v -1.845277 0.720250 0.762586
v -1.845277 0.717485 0.748686
v -1.845277 0.709611 0.736903
v -1.845277 0.697828 0.729029
v -1.800289 0.654510 0.833608
v -1.832010 0.683928 0.839460
v -1.800289 0.683928 0.839460
v -1.832010 0.713346 0.833608
v -1.800289 0.713346 0.833608
v -1.832010 0.738286 0.816944
v -1.800289 0.738286 0.816944
v -1.832010 0.754950 0.792005
v -1.800289 0.754950 0.792005
v -1.832010 0.760802 0.762586
v -1.800289 0.760802 0.762586
v -1.832010 0.754950 0.733168
v -1.800289 0.754950 0.733168
v -1.832010 0.738286 0.708228
v -1.800289 0.738286 0.708228
v -1.832010 0.713346 0.691564
v -1.800289 0.713346 0.691564
v -1.850820 0.683928 0.578638
v -1.800289 0.683928 0.511607
v -1.832010 0.654509 0.649660
v -1.800289 0.658276 0.516710
v -1.800289 0.629570 0.632996
v -1.800289 0.636530 0.531240
v -1.832010 0.629570 0.632996
v -1.800289 0.622000 0.552987
v -1.800289 0.612906 0.608057
v -1.800289 0.616897 0.578638
v -1.832010 0.612906 0.608057
v -1.800289 0.622000 0.604290
v -1.800289 0.607054 0.578638
v -1.800289 0.636530 0.626036
v -1.832010 0.607054 0.578638
v -1.800289 0.658276 0.640566
v -1.800289 0.612906 0.549220
v -1.800289 0.683928 0.645669
v -1.832010 0.612906 0.549220
v -1.800289 0.709579 0.640566
v -1.800289 0.629570 0.524280
v -1.800289 0.731326 0.626036
v -1.832010 0.629570 0.524280
v -1.800289 0.745856 0.604290
v -1.800289 0.683928 0.501764
v -1.800289 0.750959 0.578638
v -1.800289 0.654509 0.507616
v -1.800289 0.745856 0.552987
v -1.832010 0.654509 0.507616
v -1.800289 0.731326 0.531240
v -1.832010 0.683928 0.501764
v -1.800289 0.709579 0.516710
v -1.832010 0.683928 0.511607
v -1.832010 0.658276 0.516710
v -1.832010 0.636530 0.531240
v -1.832010 0.622000 0.552987
v -1.832010 0.616897 0.578638
v -1.832010 0.622000 0.604290
v -1.832010 0.636530 0.626036
v -1.832010 0.658276 0.640566
v -1.832010 0.683928 0.645669
v -1.832010 0.709579 0.640566
v -1.832010 0.731326 0.626036
v -1.832010 0.745856 0.604290
v -1.832010 0.750959 0.578638
v -1.832010 0.745856 0.552987
v -1.832010 0.731326 0.531240
v -1.832010 0.709579 0.516710
v -1.845277 0.683928 0.542316
v -1.845277 0.670028 0.545081
v -1.845277 0.658244 0.552955
v -1.845277 0.650371 0.564739
v -1.845277 0.647606 0.578638
v -1.845277 0.650371 0.592538
v -1.845277 0.658244 0.604322
v -1.845277 0.670028 0.612195
v -1.845277 0.683928 0.614960
v -1.845277 0.697828 0.612195
v -1.845277 0.709611 0.604322
v -1.845277 0.717485 0.592538
v -1.845277 0.720250 0.578638
v -1.845277 0.717485 0.564738
v -1.845277 0.709611 0.552955
v -1.845277 0.697828 0.545081
v -1.800289 0.654509 0.649660
v -1.832010 0.683928 0.655512
v -1.800289 0.683928 0.655512
v -1.832010 0.713346 0.649660
v -1.800289 0.713346 0.649660
v -1.832010 0.738286 0.632996
v -1.800289 0.738286 0.632996
v -1.832010 0.754950 0.608057
v -1.800289 0.754950 0.608057
v -1.832010 0.760802 0.578638
v -1.800289 0.760802 0.578638
v -1.832010 0.754950 0.549220
v -1.800289 0.754950 0.549220
v -1.832010 0.738286 0.524280
v -1.800289 0.738286 0.524280
v -1.832010 0.713346 0.507616
v -1.800289 0.713346 0.507616
v -1.847499 0.464603 0.883125
v -1.847499 0.460929 0.744535
v -1.847499 0.570216 0.871085
v -1.847499 0.334762 0.871085
v -1.847500 0.334762 0.424199
v -1.847500 0.570216 0.424199
v -1.847499 0.529176 0.736755
v -1.847500 0.377026 0.736755
v -1.847500 0.377026 0.447978
v -1.847500 0.529176 0.447978
v -1.888186 0.156778 0.420610
v -1.888186 0.156778 0.477694
v -1.812138 0.622681 0.353917
v -1.812138 0.607993 0.353917
v -1.812138 0.622681 0.368605
v -1.812138 0.607993 0.368605
v -1.826826 0.622681 0.353917
v -1.826826 0.607993 0.353917
v -1.826826 0.622681 0.368605
v -1.826826 0.607993 0.368605
v -1.812138 0.647818 0.368605
v -1.826826 0.647818 0.368605
v -1.812138 0.647818 0.353917
v -1.826826 0.647818 0.353917
v -1.812138 0.661077 0.368605
v -1.826826 0.661077 0.368605
v -1.812138 0.661077 0.353917
v -1.826826 0.661077 0.353917
v -1.812138 0.686215 0.368605
v -1.826826 0.686215 0.368605
v -1.812138 0.686215 0.353917
v -1.826826 0.686215 0.353917
v -1.812138 0.698093 0.368605
v -1.826826 0.698093 0.368605
v -1.812138 0.698093 0.353917
v -1.826826 0.698093 0.353917
v -1.812138 0.727926 0.368605
v -1.826826 0.727926 0.368605
v -1.812138 0.727926 0.353917
v -1.826826 0.727926 0.353917
v -1.812138 0.739896 0.368605
v -1.826826 0.739896 0.368605
v -1.812138 0.739896 0.353917
v -1.826826 0.739896 0.353917
v -1.812138 0.764988 0.368605
v -1.826826 0.764988 0.368605
v -1.812138 0.764988 0.353917
v -1.826826 0.764988 0.353917
v -1.812138 0.777649 0.368605
v -1.826826 0.777649 0.368605
v -1.812138 0.777649 0.353917
v -1.826826 0.777649 0.353917
v 2.035277 0.522787 0.847367
v 2.035277 0.649190 0.847367
v 2.035277 0.522787 0.418936
v 2.035277 0.649190 0.418936
v 2.131043 0.522787 0.847367
v 2.131043 0.649190 0.847367
v 2.131042 0.522787 0.418936
v 2.131042 0.649190 0.418936
v 2.139805 0.640544 0.442298
v 2.139805 0.531434 0.442298
v 2.139805 0.531434 0.824006
v 2.139805 0.640544 0.824006
v 2.035277 0.522787 0.631562
v 2.035277 0.649190 0.631562
v 2.131043 0.522787 0.631562
v 2.131043 0.649190 0.631562
v 2.139805 0.531434 0.631736
v 2.139805 0.640544 0.631736
v 2.035277 0.585989 0.860486
v 2.035277 0.585989 0.401676
v 2.131042 0.585989 0.401676
v 2.131043 0.585989 0.860486
v 2.139805 0.585989 0.431640
v 2.139805 0.585989 0.839256
v 2.139805 0.585989 0.631736
v 2.035277 0.585989 0.631562
v 2.110902 0.585299 0.420607
v 2.110902 0.469680 0.420607
v 2.089527 0.571475 0.251490
v 2.089527 0.483504 0.251490
v 2.116875 0.406767 0.879703
v 2.130794 0.469680 0.909609
v 2.053800 0.317313 0.420607
v 2.053800 0.317313 0.871456
v 2.140219 0.417451 0.420607
v 2.130794 0.469680 0.420607
v 2.049306 0.297572 0.420607
v 2.049306 0.297572 0.893859
v 2.116874 0.406767 0.024153
v 2.053799 0.317313 0.024153
v 2.140220 0.417451 0.905747
v 2.116874 0.406767 0.420607
v 2.114438 0.406767 0.420607
v 2.016721 0.317313 0.420607
v 2.114437 0.406767 0.024153
v 2.016721 0.317313 0.024153
v 2.016721 0.317313 0.871456
v 2.114438 0.406767 0.879703
v -1.754468 0.600832 0.905636
v -1.754468 0.627438 0.905636
v -1.759352 0.595576 0.869146
v -1.759352 0.632065 0.869146
v -1.722934 0.594516 0.905636
v -1.722891 0.637542 0.905636
v -1.722863 0.588267 0.869146
v -1.722863 0.643742 0.869146
v -1.682794 0.632065 0.869146
v -1.682794 0.595576 0.869146
v -1.687605 0.600960 0.905635
v -1.687605 0.627259 0.905635
v -1.759352 0.595576 0.899430
v -1.759352 0.632065 0.899430
v -1.722863 0.588267 0.899430
v -1.722863 0.643742 0.899430
v -1.682794 0.632065 0.899430
v -1.682794 0.595576 0.899430
v -1.768785 0.613820 0.899430
v -1.768785 0.613820 0.869146
v -1.722863 0.616004 0.869146
v -1.672810 0.613820 0.869146
v -1.672810 0.613820 0.899430
v -1.764880 0.614135 0.905636
v -1.676584 0.614110 0.905635
v -1.722748 0.635399 0.902347
v -1.760784 0.614195 0.902347
v -1.751352 0.626246 0.902347
v -1.751352 0.602145 0.902347
v -1.722787 0.596424 0.902347
v -1.680800 0.614173 0.902347
v -1.690784 0.602261 0.902347
v -1.690784 0.626084 0.902347
v -1.721573 0.614760 0.904596
v 1.932850 0.600832 0.905633
v 1.932850 0.627438 0.905633
v 1.927966 0.595576 0.869143
v 1.927966 0.632065 0.869143
v 1.964384 0.594516 0.905633
v 1.964427 0.637542 0.905633
v 1.964455 0.588267 0.869143
v 1.964455 0.643742 0.869143
v 2.004524 0.632065 0.869143
v 2.004524 0.595576 0.869143
v 1.999713 0.600960 0.905633
v 1.999713 0.627259 0.905633
v 1.927966 0.595576 0.899428
v 1.927966 0.632065 0.899428
v 1.964455 0.588267 0.899428
v 1.964455 0.643742 0.899428
v 2.004524 0.632065 0.899428
v 2.004524 0.595576 0.899428
v 1.918533 0.613820 0.899428
v 1.918533 0.613820 0.869143
v 1.964455 0.616004 0.869143
v 2.014508 0.613820 0.869143
v 2.014508 0.613820 0.899428
v 1.922438 0.614135 0.905633
v 2.010734 0.614110 0.905633
v 1.964570 0.635399 0.902345
v 1.926534 0.614195 0.902345
v 1.935966 0.626246 0.902345
v 1.935966 0.602145 0.902345
v 1.964531 0.596424 0.902345
v 2.006518 0.614173 0.902345
v 1.996534 0.602261 0.902345
v 1.996534 0.626084 0.902345
v 1.965745 0.614760 0.904594
v 0.157565 0.677782 0.919389
v 0.157565 0.705342 0.919389
v 0.157681 0.677782 0.891829
v 0.157681 0.705342 0.891829
v 0.185222 0.677782 0.896236
v 0.185222 0.705342 0.896236
v 0.185338 0.677782 0.868676
v 0.185338 0.705342 0.868676
v 0.064578 0.677782 0.891439
v 0.064463 0.677782 0.918999
v 0.064463 0.705342 0.918999
v 0.064578 0.705342 0.891439
v 0.039727 0.677782 0.868065
v 0.039611 0.677782 0.895625
v 0.039611 0.705342 0.895625
v 0.039727 0.705342 0.868065
v -0.530859 0.750281 0.982428
v -0.530859 0.840027 0.982428
v -0.525381 0.769215 0.915906
v -0.530580 0.827821 0.915884
v -0.503891 0.765698 0.982613
v -0.503891 0.824566 0.982621
v -0.511550 0.769215 0.915964
v -0.503676 0.815137 0.931219
v -0.531156 0.761277 1.053085
v -0.531156 0.827821 1.053085
v -0.504124 0.815003 1.037976
v -0.504124 0.774313 1.037976
v -0.545369 0.794549 0.982367
v -0.532968 0.786610 0.915874
v -0.511550 0.786610 0.915964
v -0.503891 0.794549 0.982541
v -0.545666 0.794549 1.053024
v -0.504124 0.794549 1.037976
v -0.545090 0.794549 0.915823
v -0.530580 0.761277 0.915884
v -0.503676 0.774190 0.931219
v -0.503676 0.794549 0.931219
v -0.532725 0.759795 0.857955
v -0.525138 0.742399 0.857987
v -0.511307 0.742399 0.858045
v -0.511307 0.759795 0.858045
v -0.503612 0.794549 0.915997
v -0.503612 0.761277 0.915997
v -0.503891 0.750281 0.982541
v -0.503612 0.827821 0.915997
v -0.503891 0.840027 0.982541
v -0.504188 0.794549 1.053198
v -0.504188 0.761277 1.053198
v -0.504188 0.827821 1.053198
v 0.953046 0.677782 0.919389
v 0.953046 0.705342 0.919389
v 0.953162 0.677782 0.891829
v 0.953162 0.705342 0.891829
v 0.980704 0.677782 0.896235
v 0.980704 0.705342 0.896235
v 0.980819 0.677782 0.868675
v 0.980819 0.705342 0.868675
v 0.860060 0.677782 0.891438
v 0.859944 0.677782 0.918998
v 0.859944 0.705342 0.918998
v 0.860060 0.705342 0.891438
v 0.835208 0.677782 0.868064
v 0.835092 0.677782 0.895624
v 0.835092 0.705342 0.895624
v 0.835208 0.705342 0.868064
v 0.285568 0.821307 0.843674
v -0.491732 0.826617 0.806645
v -0.106958 1.285859 0.570175
v 0.286750 1.288475 0.603938
v -0.274689 1.072117 0.689799
v 0.286163 1.078340 0.721399
v 0.240667 1.072266 0.709396
v -0.245488 1.060988 0.715200
v 0.240066 0.812430 0.833008
v -0.464928 0.812430 0.833009
v 0.241261 1.284930 0.590518
v -0.070289 1.284930 0.590518
v 1.033185 0.799409 0.854091
v 0.261268 0.799409 0.854091
v 0.658892 1.309642 0.592106
v 0.261913 1.078389 0.721374
v 0.262559 1.309642 0.592106
v 1.110009 0.799409 0.854091
v 0.692131 1.309642 0.592106
v 0.881472 1.065679 0.727966
v 0.846037 1.073070 0.711077
v 1.033184 0.815988 0.833377
v 0.658890 1.283156 0.593642
v 0.881471 1.060360 0.717669
v 0.286161 1.073021 0.711102
v 0.285567 0.815988 0.833377
v 0.286748 1.283156 0.593642
v 1.064332 0.815988 0.833376
v 0.680370 1.283156 0.593642
v 0.281113 1.444159 0.399447
v 0.281113 1.363045 0.374998
v 0.312511 1.374675 0.381243
v 0.360205 1.363045 0.407759
v 0.384452 1.363045 0.444047
v 0.392966 1.363045 0.486851
v 0.384452 1.363045 0.529656
v 0.360205 1.363045 0.565943
v 0.323917 1.363045 0.590190
v 0.281113 1.363045 0.598705
v 0.238308 1.363045 0.590190
v 0.202021 1.363045 0.565944
v 0.177774 1.363045 0.529656
v 0.169259 1.363045 0.486851
v 0.177774 1.363045 0.444047
v 0.202021 1.363045 0.407759
v 0.249714 1.374675 0.381243
v 0.342917 1.444159 0.425047
v 0.361863 1.444159 0.453403
v 0.368517 1.444159 0.486851
v 0.361863 1.444159 0.520299
v 0.342917 1.444159 0.548655
v 0.314561 1.444159 0.567602
v 0.281113 1.444159 0.574255
v 0.247665 1.444159 0.567602
v 0.219309 1.444159 0.548655
v 0.200362 1.444159 0.520299
v 0.193709 1.444159 0.486851
v 0.200362 1.444159 0.453403
v 0.219309 1.444159 0.425047
v 0.247665 1.444159 0.406101
v 0.281113 1.301442 0.413998
v 0.308993 1.301442 0.419543
v 0.308993 1.363045 0.419543
v 0.281113 1.363045 0.413998
v 0.332628 1.301442 0.435336
v 0.332628 1.363045 0.435336
v 0.348421 1.301442 0.458971
v 0.348421 1.363045 0.458971
v 0.353966 1.301442 0.486851
v 0.353966 1.363045 0.486851
v 0.348421 1.301442 0.514731
v 0.348421 1.363045 0.514731
v 0.332628 1.301442 0.538366
v 0.332628 1.363045 0.538366
v 0.308993 1.301442 0.554159
v 0.308993 1.363045 0.554159
v 0.281113 1.301442 0.559705
v 0.281113 1.363045 0.559705
v 0.253233 1.301442 0.554159
v 0.253233 1.363045 0.554159
v 0.229598 1.301442 0.538366
v 0.229598 1.363045 0.538366
v 0.213805 1.301442 0.514731
v 0.213805 1.363045 0.514731
v 0.208259 1.301442 0.486851
v 0.208259 1.363045 0.486851
v 0.213805 1.301442 0.458972
v 0.213805 1.363045 0.458972
v 0.229598 1.301442 0.435336
v 0.229598 1.363045 0.435336
v 0.253233 1.301442 0.419543
v 0.253233 1.363045 0.419543
v 0.281113 1.444159 0.374998
v 0.249714 1.432530 0.381243
v 0.202021 1.444159 0.407759
v 0.177774 1.444159 0.444047
v 0.169259 1.444159 0.486851
v 0.177774 1.444159 0.529656
v 0.202021 1.444159 0.565944
v 0.238308 1.444159 0.590190
v 0.281113 1.444159 0.598705
v 0.323917 1.444159 0.590190
v 0.360205 1.444159 0.565943
v 0.384452 1.444159 0.529656
v 0.392966 1.444159 0.486851
v 0.384452 1.444159 0.444047
v 0.360205 1.444159 0.407759
v 0.312511 1.432530 0.381243
v 0.281113 1.549192 0.399447
v 0.247665 1.549192 0.406101
v 0.219309 1.549192 0.425047
v 0.200362 1.549192 0.453403
v 0.193709 1.549192 0.486851
v 0.200362 1.549192 0.520299
v 0.219309 1.549192 0.548655
v 0.247665 1.549192 0.567602
v 0.281113 1.549192 0.574255
v 0.314561 1.549192 0.567602
v 0.342917 1.549192 0.548655
v 0.361863 1.549192 0.520299
v 0.368517 1.549192 0.486851
v 0.361863 1.549192 0.453403
v 0.342917 1.549192 0.425047
v 0.314561 1.549192 0.406101
v 0.281113 1.568680 0.486851
v 0.323917 1.363045 0.383512
v 0.323917 1.444159 0.383512
v 0.281113 1.432530 0.374998
v 0.238308 1.444159 0.383512
v 0.281113 1.374675 0.374998
v 0.238308 1.363045 0.383512
v 0.312511 1.432530 0.097827
v 0.281112 1.432530 0.096896
v 0.281112 1.374675 0.096896
v 0.312511 1.374675 0.097827
v 0.249714 1.374675 0.097827
v 0.249714 1.432530 0.097827
v 0.323292 1.442463 0.076933
v 0.281112 1.364742 0.068194
v 0.246740 1.364742 0.068953
v 0.238933 1.442463 0.076933
v 0.281112 1.442463 0.076002
v 0.315485 1.364742 0.068953
v 2.116874 0.406767 -0.024156
v 2.053799 0.317313 -0.024156
v 2.114437 0.406767 -0.024156
v 2.016721 0.317313 -0.024156
v 0.281112 1.364742 -0.076003
v 0.238933 1.364742 -0.076934
v -0.262594 1.078389 0.721374
v -0.081504 1.309642 0.592106
v -0.509060 0.799409 0.854092
v -0.548197 0.849186 0.418773
v -0.126174 1.342380 0.237986
v -0.325450 1.066016 0.329297
v -0.534684 0.836813 0.418773
v -0.135382 1.304226 0.237953
v -0.261176 1.059745 0.689799
v -0.093445 1.273486 0.570175
v -0.478220 0.814244 0.806645
v 1.449872 0.824161 0.420607
v 1.405517 0.799409 0.854090
v 0.804324 1.342380 0.237985
v 0.759968 1.309642 0.592106
v 1.082743 1.078389 0.721373
v 1.120004 1.069298 0.329296
v 1.414579 0.837352 0.419793
v 0.825642 1.311236 0.238600
v 1.086365 1.065385 0.687288
v 1.374521 0.814617 0.805983
v 0.784591 1.280950 0.566498
v 0.934363 0.193027 0.422953
v 1.261254 0.682253 0.422953
v 1.396656 0.655319 0.422953
v 1.511445 0.578620 0.422953
v 1.588144 0.463831 0.422953
v 1.615077 0.328429 0.422953
v 1.588144 0.193027 0.422953
v 0.907430 0.328429 0.422953
v 0.934363 0.463832 0.422953
v 1.011063 0.578620 0.422953
v 1.125851 0.655319 0.422953
v -1.587077 0.193027 0.422955
v -1.260187 0.682253 0.422954
v -1.124784 0.655319 0.422954
v -1.009996 0.578620 0.422954
v -0.933296 0.463831 0.422954
v -0.906363 0.328429 0.422954
v -0.933296 0.193027 0.422954
v -1.614010 0.328429 0.422955
v -1.587077 0.463832 0.422955
v -1.510378 0.578620 0.422955
v -1.395589 0.655319 0.422954
v 0.281113 1.568680 0.409996
v 0.251702 1.568680 0.415847
v 0.226768 1.568680 0.432507
v 0.210108 1.568680 0.457440
v 0.204258 1.568680 0.486851
v 0.210108 1.568680 0.516262
v 0.226768 1.568680 0.541196
v 0.251702 1.568680 0.557856
v 0.281113 1.568680 0.563706
v 0.310524 1.568680 0.557856
v 0.335457 1.568680 0.541196
v 0.352117 1.568680 0.516262
v 0.357968 1.568680 0.486851
v 0.352117 1.568680 0.457440
v 0.335457 1.568680 0.432507
v 0.310524 1.568680 0.415846
v 0.238933 1.364742 0.076933
v 0.323292 1.364742 0.076933
v 0.281112 1.364742 0.076002
v 0.281112 1.340704 0.068194
v 0.246740 1.340704 0.068953
v 0.315485 1.340704 0.068953
v -0.481313 0.192973 -0.881759
v -0.464930 0.818595 -0.844964
v -0.487958 0.459183 -0.909521
v 1.381614 0.823708 -0.805985
v -0.148895 1.316599 -0.237953
v 2.019988 0.790026 -0.420610
v -1.779532 0.192961 -0.881755
v -1.837776 0.757291 -0.836683
v -1.779532 0.192961 -0.420607
v -0.571678 0.824161 -0.420608
v 2.019988 0.765273 -0.854093
v 2.019988 0.297572 -0.893862
v 0.658891 1.342380 -0.237987
v 0.261267 0.192961 -0.420609
v -0.070292 1.291096 -0.602474
v 0.791684 1.290041 -0.566500
v 0.262558 1.342380 -0.237986
v 0.832736 1.320327 -0.238601
v 0.261267 0.192961 -0.881756
v 0.240064 0.818595 -0.844964
v 2.019988 0.297572 -0.420610
v 0.241259 1.291096 -0.602474
v -1.837775 0.779570 -0.446515
v 1.421672 0.846443 -0.419795
v -0.478948 0.192961 -0.420608
v 1.033184 0.821307 -0.843675
v 0.658891 1.288475 -0.603939
v -1.837776 0.465284 -0.909610
v 2.110902 0.469680 -0.909612
v -1.911340 0.241389 -0.477691
v 0.261267 0.457935 -0.909611
v 2.110902 0.483504 -0.251493
v -1.960074 0.379740 -0.485942
v -1.261114 0.799409 -0.854091
v -1.261114 0.824161 -0.420608
v -0.500963 0.579530 -0.896928
v -1.837775 0.718543 -0.446515
v 1.033184 0.735705 -0.881757
v 2.110902 0.726036 -0.420610
v 2.110902 0.585299 -0.896783
v -1.837776 0.713160 -0.855848
v 1.511309 0.725822 -0.881757
v 0.261267 0.735705 -0.881756
v -1.261114 0.735705 -0.881755
v -0.479703 0.327955 -0.896928
v -1.837776 0.326933 -0.896780
v 2.110902 0.426508 -0.905749
v -1.837775 0.326933 -0.420607
v 0.261267 0.327834 -0.896782
v -0.245490 1.067153 -0.727155
v 1.093458 1.074476 -0.687289
v 0.240665 1.078431 -0.721352
v 0.314560 1.444159 -0.406101
v -1.260187 0.193026 -0.422953
v -1.260188 0.682252 -0.921473
v -1.124785 0.655319 -0.921473
v -1.009997 0.578620 -0.921473
v -0.933297 0.463831 -0.921473
v -0.906364 0.328429 -0.921473
v -0.933297 0.193026 -0.921473
v -1.587078 0.193026 -0.921473
v -1.614011 0.328429 -0.921472
v -1.587078 0.463831 -0.921473
v -1.510379 0.578620 -0.921473
v -1.395590 0.655319 -0.921473
v -1.088212 0.824161 -0.420608
v -1.084053 0.799409 -0.854091
v -1.084053 0.731998 -0.881755
v -1.447143 0.799409 -0.854091
v -1.447143 0.824161 -0.420608
v -1.447143 0.729527 -0.881755
v 1.261253 0.193026 -0.422954
v 1.261253 0.682252 -0.921475
v 1.396655 0.655319 -0.921475
v 1.511444 0.578620 -0.921475
v 1.588143 0.463831 -0.921475
v 1.615076 0.328429 -0.921475
v 1.588143 0.193026 -0.921475
v 0.934362 0.193026 -0.921474
v 0.907429 0.328429 -0.921474
v 0.934362 0.463831 -0.921474
v 1.011062 0.578620 -0.921474
v 1.125851 0.655319 -0.921474
v 1.064332 0.821307 -0.843675
v 0.680371 1.288475 -0.603939
v 0.699257 1.342380 -0.237987
v 1.272247 0.735705 -0.881757
v 0.901069 1.078389 -0.721375
v 2.110902 0.571475 -0.251493
v 2.110902 0.701570 -0.881758
v -0.539943 0.735705 -0.881756
v 0.261267 0.579764 -0.896782
v -1.837775 0.603725 -0.446515
v -1.837776 0.603725 -0.865368
v 2.110902 0.655319 -0.881757
v 0.261267 0.655319 -0.881756
v -0.518383 0.655320 -0.881759
v -1.837776 0.652831 -0.855848
v 2.110902 0.660502 -0.420610
v -1.837775 0.647526 -0.446515
v 1.550059 0.579026 -0.921473
v 1.103824 0.674427 -0.921470
v 1.417836 0.670169 -0.921471
v 1.074652 0.655319 -0.921473
v 0.871363 0.328385 -0.921473
v 1.265895 0.704826 -0.921466
v 0.895668 0.193021 -0.921473
v 1.619444 0.193023 -0.921474
v 0.895664 0.463388 -0.921473
v 1.650866 0.327990 -0.921473
v 1.452111 0.655319 -0.921473
v 0.967458 0.578704 -0.921473
v 1.623427 0.464200 -0.921474
v 1.513443 0.655319 -0.881774
v 1.582049 0.579362 -0.897370
v 1.666011 0.193017 -0.881774
v 1.677455 0.327663 -0.897370
v 1.637647 0.464349 -0.909258
v 1.006265 0.655319 -0.881773
v 0.846960 0.328355 -0.900925
v 0.845981 0.193015 -0.881773
v 0.886463 0.463282 -0.914121
v 0.937859 0.578762 -0.900925
v 1.081016 0.694212 -0.881767
v 1.449478 0.692354 -0.881768
v -1.465401 0.655319 -0.921470
v -1.654950 0.328155 -0.921469
v -1.565409 0.578485 -0.921469
v -0.890321 0.463125 -0.921471
v -0.868622 0.328361 -0.921471
v -1.629727 0.193015 -0.921469
v -1.110926 0.682671 -0.921466
v -1.260678 0.710524 -0.921462
v -1.629734 0.464078 -0.921469
v -1.412784 0.682130 -0.921466
v -0.961011 0.578749 -0.921471
v -1.065622 0.655319 -0.921471
v -0.894451 0.193019 -0.921471
v -0.876973 0.462906 -0.909255
v -0.844091 0.328317 -0.897367
v -0.928778 0.578833 -0.897367
v -0.998170 0.655319 -0.881771
v -0.850502 0.193011 -0.881771
v -1.540977 0.652335 -0.881768
v -1.674155 0.328027 -0.900921
v -1.594020 0.578415 -0.900921
v -1.671952 0.193004 -0.881768
v -1.637553 0.464124 -0.914117
v -1.430632 0.709960 -0.881762
v -1.096679 0.710789 -0.881762
v 0.262558 1.294016 -0.488847
v -1.837775 0.776284 -0.389892
v -1.837776 0.782246 -0.854090
v -1.837775 0.718543 -0.389892
v -1.837776 0.718543 -0.881755
v -1.837776 0.577817 -0.896780
v -1.837775 0.608533 -0.389892
v -1.837775 0.647526 -0.389892
v -1.837776 0.655319 -0.881755
v -1.812001 0.713160 -0.855848
v -1.812000 0.718543 -0.446515
v -1.812000 0.652831 -0.855848
v -1.812000 0.647526 -0.446515
v -1.812000 0.779570 -0.446515
v -1.812001 0.757291 -0.836683
v -1.812000 0.603725 -0.865368
v -1.812000 0.603725 -0.446515
v -1.837775 0.806999 -0.420607
v -1.837775 0.718543 -0.420607
v -1.837775 0.577818 -0.420607
v -1.837775 0.647526 -0.420607
v -1.817963 0.718543 -0.389892
v -1.817963 0.647526 -0.389892
v -1.817963 0.776284 -0.389892
v -1.817963 0.608533 -0.389892
v -1.911339 0.492274 -0.420607
v -1.960074 0.379740 -0.420607
v -1.911340 0.492274 -0.896780
v -1.960074 0.379740 -0.965607
v -1.911340 0.241389 -0.896780
v -1.911340 0.241389 -0.420607
v -1.856115 0.492274 -0.420607
v -1.856115 0.241389 -0.896780
v -1.856115 0.241389 -0.420607
v -1.856115 0.492274 -0.896780
v -1.856115 0.379740 -0.965607
v -1.856115 0.448544 -0.445945
v -1.837775 0.534088 -0.445945
v -1.837776 0.534088 -0.753647
v -1.837776 0.461369 -0.761937
v -1.837776 0.371967 -0.753647
v -1.837775 0.371967 -0.445945
v -1.856115 0.448544 -0.753647
v -1.856115 0.375825 -0.761937
v -1.856115 0.286423 -0.753647
v -1.856115 0.286423 -0.445945
v -1.911339 0.492274 -0.477691
v -1.856115 0.241389 -0.477691
v -1.856115 0.492274 -0.477691
v -1.856115 0.286423 -0.482833
v -1.856115 0.448544 -0.482833
v -1.761939 0.252187 -0.445945
v -1.761939 0.481636 -0.445945
v -1.921554 0.543526 -0.420607
v -1.820987 0.543526 -0.420607
v -1.990527 0.384257 -0.420607
v -1.990527 0.384257 -0.485942
v -1.921554 0.188450 -0.420607
v -1.921554 0.188450 -0.477691
v -1.921554 0.543526 -0.477691
v -1.761939 0.156778 -0.420607
v -1.761940 0.156778 -0.477691
v -1.820987 0.543526 -0.477691
v -1.761940 0.252187 -0.482833
v -1.761939 0.481636 -0.482833
v -1.850821 0.683928 -0.762584
v -1.800290 0.683928 -0.695553
v -1.832011 0.654509 -0.833606
v -1.800290 0.658276 -0.700656
v -1.800290 0.629570 -0.816942
v -1.800290 0.636530 -0.715186
v -1.832011 0.629570 -0.816942
v -1.800290 0.621999 -0.736932
v -1.800290 0.612905 -0.792002
v -1.800290 0.616897 -0.762584
v -1.832011 0.612906 -0.792002
v -1.800290 0.621999 -0.788236
v -1.800290 0.607054 -0.762584
v -1.800290 0.636530 -0.809982
v -1.832011 0.607054 -0.762584
v -1.800290 0.658276 -0.824512
v -1.800290 0.612905 -0.733166
v -1.800290 0.683928 -0.829615
v -1.832011 0.612906 -0.733166
v -1.800290 0.709579 -0.824512
v -1.800290 0.629570 -0.708226
v -1.800290 0.731325 -0.809982
v -1.832011 0.629570 -0.708226
v -1.800290 0.745856 -0.788236
v -1.800290 0.683928 -0.685710
v -1.800290 0.750958 -0.762584
v -1.800290 0.654509 -0.691562
v -1.800290 0.745856 -0.736932
v -1.832011 0.654509 -0.691562
v -1.800290 0.731325 -0.715186
v -1.832011 0.683928 -0.685710
v -1.800290 0.709579 -0.700656
v -1.832011 0.683928 -0.695553
v -1.832011 0.658276 -0.700656
v -1.832011 0.636530 -0.715186
v -1.832011 0.621999 -0.736932
v -1.832011 0.616897 -0.762584
v -1.832011 0.621999 -0.788236
v -1.832011 0.636530 -0.809982
v -1.832011 0.658276 -0.824512
v -1.832011 0.683928 -0.829615
v -1.832011 0.709579 -0.824512
v -1.832011 0.731325 -0.809982
v -1.832011 0.745856 -0.788236
v -1.832011 0.750958 -0.762584
v -1.832011 0.745856 -0.736932
v -1.832011 0.731325 -0.715186
v -1.832011 0.709579 -0.700656
v -1.845278 0.683928 -0.726262
v -1.845278 0.670028 -0.729027
v -1.845278 0.658244 -0.736900
v -1.845278 0.650371 -0.748684
v -1.845278 0.647606 -0.762584
v -1.845278 0.650371 -0.776484
v -1.845278 0.658244 -0.788267
v -1.845278 0.670028 -0.796141
v -1.845278 0.683928 -0.798906
v -1.845278 0.697828 -0.796141
v -1.845278 0.709611 -0.788267
v -1.845278 0.717485 -0.776484
v -1.845278 0.720250 -0.762584
v -1.845278 0.717485 -0.748684
v -1.845278 0.709611 -0.736901
v -1.845278 0.697827 -0.729027
v -1.800290 0.654509 -0.833606
v -1.832011 0.683928 -0.839458
v -1.800290 0.683928 -0.839458
v -1.832011 0.713346 -0.833606
v -1.800290 0.713346 -0.833606
v -1.832011 0.738286 -0.816942
v -1.800290 0.738286 -0.816942
v -1.832011 0.754950 -0.792002
v -1.800290 0.754950 -0.792002
v -1.832011 0.760802 -0.762584
v -1.800290 0.760802 -0.762584
v -1.832011 0.754950 -0.733166
v -1.800290 0.754950 -0.733166
v -1.832011 0.738286 -0.708226
v -1.800290 0.738286 -0.708226
v -1.832011 0.713346 -0.691562
v -1.800290 0.713346 -0.691562
v -1.850821 0.683928 -0.578636
v -1.800290 0.683928 -0.511605
v -1.832011 0.654509 -0.649658
v -1.800290 0.658276 -0.516708
v -1.800290 0.629570 -0.632994
v -1.800290 0.636530 -0.531238
v -1.832011 0.629570 -0.632994
v -1.800290 0.621999 -0.552984
v -1.800290 0.612906 -0.608054
v -1.800290 0.616897 -0.578636
v -1.832011 0.612906 -0.608054
v -1.800290 0.621999 -0.604288
v -1.800290 0.607054 -0.578636
v -1.800290 0.636530 -0.626034
v -1.832011 0.607054 -0.578636
v -1.800290 0.658276 -0.640564
v -1.800290 0.612906 -0.549218
v -1.800290 0.683928 -0.645667
v -1.832011 0.612906 -0.549218
v -1.800290 0.709579 -0.640564
v -1.800290 0.629570 -0.524278
v -1.800290 0.731326 -0.626034
v -1.832011 0.629570 -0.524278
v -1.800290 0.745856 -0.604288
v -1.800290 0.683928 -0.501762
v -1.800290 0.750958 -0.578636
v -1.800290 0.654509 -0.507614
v -1.800290 0.745856 -0.552984
v -1.832011 0.654509 -0.507614
v -1.800290 0.731326 -0.531238
v -1.832011 0.683928 -0.501762
v -1.800290 0.709579 -0.516708
v -1.832011 0.683928 -0.511605
v -1.832011 0.658276 -0.516708
v -1.832011 0.636530 -0.531238
v -1.832011 0.621999 -0.552984
v -1.832011 0.616897 -0.578636
v -1.832011 0.621999 -0.604288
v -1.832011 0.636530 -0.626034
v -1.832011 0.658276 -0.640564
v -1.832011 0.683928 -0.645667
v -1.832011 0.709579 -0.640564
v -1.832011 0.731326 -0.626034
v -1.832011 0.745856 -0.604288
v -1.832011 0.750958 -0.578636
v -1.832011 0.745856 -0.552984
v -1.832011 0.731326 -0.531238
v -1.832011 0.709579 -0.516708
v -1.845278 0.683928 -0.542314
v -1.845278 0.670028 -0.545079
v -1.845278 0.658244 -0.552953
v -1.845278 0.650371 -0.564736
v -1.845278 0.647606 -0.578636
v -1.845278 0.650371 -0.592536
v -1.845278 0.658244 -0.604320
v -1.845278 0.670028 -0.612193
v -1.845278 0.683928 -0.614958
v -1.845278 0.697828 -0.612193
v -1.845278 0.709611 -0.604320
v -1.845278 0.717485 -0.592536
v -1.845278 0.720250 -0.578636
v -1.845278 0.717485 -0.564736
v -1.845278 0.709611 -0.552953
v -1.845278 0.697827 -0.545079
v -1.800290 0.654509 -0.649658
v -1.832011 0.683928 -0.655510
v -1.800290 0.683928 -0.655510
v -1.832011 0.713346 -0.649658
v -1.800290 0.713346 -0.649658
v -1.832011 0.738286 -0.632994
v -1.800290 0.738286 -0.632994
v -1.832011 0.754950 -0.608054
v -1.800290 0.754950 -0.608054
v -1.832011 0.760802 -0.578636
v -1.800290 0.760802 -0.578636
v -1.832011 0.754950 -0.549218
v -1.800290 0.754950 -0.549218
v -1.832011 0.738286 -0.524278
v -1.800290 0.738286 -0.524278
v -1.832011 0.713346 -0.507614
v -1.800290 0.713346 -0.507614
v -1.847500 0.464603 -0.883123
v -1.847500 0.460929 -0.744533
v -1.847500 0.570216 -0.871083
v -1.847501 0.334762 -0.871083
v -1.847500 0.334762 -0.424196
v -1.847500 0.570216 -0.424196
v -1.847500 0.529176 -0.736752
v -1.847501 0.377026 -0.736752
v -1.847500 0.377026 -0.447976
v -1.847500 0.529176 -0.447976
v -1.888186 0.156778 -0.420607
v -1.888186 0.156778 -0.477691
v -1.812139 0.622681 -0.353915
v -1.812139 0.607993 -0.353915
v -1.812139 0.622681 -0.368603
v -1.812139 0.607993 -0.368603
v -1.826827 0.622681 -0.353915
v -1.826827 0.607993 -0.353915
v -1.826827 0.622681 -0.368603
v -1.826827 0.607993 -0.368603
v -1.812139 0.647818 -0.368603
v -1.826827 0.647818 -0.368603
v -1.812139 0.647818 -0.353915
v -1.826827 0.647818 -0.353915
v -1.812139 0.661077 -0.368603
v -1.826827 0.661077 -0.368603
v -1.812139 0.661077 -0.353915
v -1.826827 0.661077 -0.353915
v -1.812139 0.686215 -0.368603
v -1.826827 0.686215 -0.368603
v -1.812139 0.686215 -0.353915
v -1.826827 0.686215 -0.353915
v -1.812139 0.698093 -0.368603
v -1.826827 0.698093 -0.368603
v -1.812139 0.698093 -0.353915
v -1.826827 0.698093 -0.353915
v -1.812139 0.727926 -0.368603
v -1.826827 0.727926 -0.368603
v -1.812139 0.727926 -0.353915
v -1.826827 0.727926 -0.353915
v -1.812139 0.739896 -0.368603
v -1.826827 0.739896 -0.368603
v -1.812139 0.739896 -0.353915
v -1.826827 0.739896 -0.353915
v -1.812139 0.764988 -0.368603
v -1.826827 0.764988 -0.368603
v -1.812139 0.764988 -0.353915
v -1.826827 0.764988 -0.353915
v -1.812139 0.777649 -0.368603
v -1.826827 0.777649 -0.368603
v -1.812139 0.777649 -0.353915
v -1.826827 0.777649 -0.353915
v 2.035276 0.522787 -0.847370
v 2.035276 0.649190 -0.847370
v 2.035276 0.522787 -0.418939
v 2.035276 0.649190 -0.418939
v 2.131042 0.522787 -0.847370
v 2.131042 0.649190 -0.847370
v 2.131042 0.522787 -0.418939
v 2.131042 0.649190 -0.418939
v 2.139804 0.640544 -0.442301
v 2.139804 0.531434 -0.442301
v 2.139804 0.531434 -0.824009
v 2.139804 0.640544 -0.824009
v 2.035276 0.522787 -0.631565
v 2.035276 0.649190 -0.631565
v 2.131042 0.522787 -0.631565
v 2.131042 0.649190 -0.631565
v 2.139804 0.531434 -0.631738
v 2.139804 0.640544 -0.631738
v 2.035276 0.585989 -0.860489
v 2.035276 0.585989 -0.401679
v 2.131042 0.585989 -0.401679
v 2.131042 0.585989 -0.860489
v 2.139804 0.585989 -0.431643
v 2.139804 0.585989 -0.839259
v 2.139804 0.585989 -0.631738
v 2.035276 0.585989 -0.631565
v 2.110902 0.585299 -0.420610
v 2.110902 0.469680 -0.420610
v 2.089526 0.571475 -0.251493
v 2.089526 0.483504 -0.251493
v 2.116874 0.406767 -0.879706
v 2.130793 0.469680 -0.909612
v 2.053799 0.317313 -0.420610
v 2.053799 0.317313 -0.871459
v 2.140219 0.417451 -0.420610
v 2.130793 0.469680 -0.420610
v 2.049305 0.297572 -0.420610
v 2.049305 0.297572 -0.893862
v 2.116874 0.406767 -0.024156
v 2.053799 0.317313 -0.024156
v 2.140219 0.417451 -0.905749
v 2.116874 0.406767 -0.420610
v 2.114437 0.406767 -0.420610
v 2.016721 0.317313 -0.420610
v 2.114437 0.406767 -0.024156
v 2.016721 0.317313 -0.024156
v 2.016721 0.317313 -0.871459
v 2.114437 0.406767 -0.879706
v 2.044947 0.215436 -0.575319
v 1.944866 0.204231 -0.584152
v 2.044947 0.208385 -0.585872
v 1.944866 0.201412 -0.598320
v 2.044947 0.205908 -0.598320
v 1.944866 0.204231 -0.612489
v 2.044947 0.208385 -0.610768
v 1.944866 0.212257 -0.624501
v 2.044947 0.215436 -0.621322
v 1.944866 0.224268 -0.632527
v 2.044947 0.225989 -0.628373
v 1.944866 0.238437 -0.635345
v 2.044947 0.238437 -0.630849
v 1.944866 0.252606 -0.632527
v 2.044947 0.250885 -0.628373
v 1.944866 0.264617 -0.624501
v 2.044947 0.261438 -0.621322
v 1.944866 0.272643 -0.612489
v 2.044947 0.268490 -0.610768
v 1.944866 0.275462 -0.598320
v 2.044947 0.270966 -0.598320
v 1.944866 0.272643 -0.584152
v 2.044947 0.268490 -0.585872
v 2.044947 0.261438 -0.575319
v 2.114743 0.238437 -0.579437
v 2.114743 0.231211 -0.580874
v 2.114743 0.225084 -0.584968
v 2.114743 0.220991 -0.591094
v 2.114743 0.219553 -0.598320
v 2.114743 0.220991 -0.605547
v 2.114743 0.225084 -0.611674
v 2.114743 0.231211 -0.615767
v 2.114743 0.238437 -0.617204
v 2.114743 0.245664 -0.615767
v 2.114743 0.251790 -0.611674
v 2.114743 0.255883 -0.605547
v 2.114743 0.257321 -0.598320
v 2.114743 0.255883 -0.591094
v 2.114743 0.251790 -0.584968
v 2.114743 0.245664 -0.580874
v 2.114743 0.220476 -0.580359
v 2.114743 0.214970 -0.588600
v 2.114743 0.213036 -0.598320
v 2.114743 0.214970 -0.608041
v 2.114743 0.220476 -0.616282
v 2.114743 0.228716 -0.621788
v 2.114743 0.238437 -0.623722
v 2.114743 0.248158 -0.621788
v 2.114743 0.256398 -0.616282
v 2.114743 0.261905 -0.608041
v 2.114743 0.263838 -0.598320
v 2.114743 0.261905 -0.588600
v 2.114743 0.256398 -0.580359
v 2.038877 0.238437 -0.598321
v 1.689313 0.248147 -0.579179
v 1.689313 0.242279 -0.587961
v 1.689313 0.240219 -0.598320
v 1.689313 0.242279 -0.608679
v 1.689313 0.248147 -0.617460
v 1.689313 0.256929 -0.623328
v 1.689313 0.267288 -0.625389
v 1.689313 0.277646 -0.623328
v 1.689313 0.286428 -0.617460
v 1.689313 0.292296 -0.608679
v 1.689313 0.294356 -0.598320
v 1.689313 0.292296 -0.587961
v 1.689313 0.286428 -0.579179
v 1.860888 0.255056 -0.579180
v 1.860888 0.260924 -0.587961
v 1.860888 0.262984 -0.598320
v 1.860888 0.260924 -0.608679
v 1.860888 0.255056 -0.617461
v 1.860888 0.246274 -0.623329
v 1.860888 0.235915 -0.625389
v 1.860888 0.225557 -0.623329
v 1.860888 0.216775 -0.617461
v 1.860888 0.210907 -0.608679
v 1.860888 0.208847 -0.598320
v 1.860888 0.210907 -0.587961
v 1.860888 0.216775 -0.579180
v -1.754469 0.600832 -0.905633
v -1.754469 0.627438 -0.905633
v -1.759354 0.595575 -0.869144
v -1.759354 0.632065 -0.869144
v -1.722935 0.594516 -0.905633
v -1.722892 0.637542 -0.905633
v -1.722864 0.588267 -0.869144
v -1.722864 0.643742 -0.869144
v -1.682795 0.632065 -0.869144
v -1.682795 0.595575 -0.869144
v -1.687606 0.600960 -0.905633
v -1.687606 0.627259 -0.905633
v -1.759354 0.595575 -0.899428
v -1.759354 0.632065 -0.899428
v -1.722864 0.588267 -0.899428
v -1.722864 0.643742 -0.899428
v -1.682795 0.632065 -0.899428
v -1.682795 0.595575 -0.899428
v -1.768786 0.613820 -0.899428
v -1.768786 0.613820 -0.869144
v -1.722864 0.616004 -0.869144
v -1.672812 0.613820 -0.869144
v -1.672812 0.613820 -0.899428
v -1.764881 0.614135 -0.905633
v -1.676585 0.614110 -0.905633
v -1.722749 0.635399 -0.902345
v -1.760785 0.614195 -0.902345
v -1.751353 0.626246 -0.902345
v -1.751353 0.602145 -0.902345
v -1.722788 0.596423 -0.902345
v -1.680801 0.614172 -0.902345
v -1.690785 0.602261 -0.902345
v -1.690785 0.626084 -0.902345
v -1.721574 0.614760 -0.904594
v 1.932849 0.600832 -0.905636
v 1.932849 0.627438 -0.905636
v 1.927964 0.595575 -0.869146
v 1.927964 0.632065 -0.869146
v 1.964383 0.594516 -0.905636
v 1.964426 0.637542 -0.905636
v 1.964454 0.588267 -0.869146
v 1.964454 0.643742 -0.869146
v 2.004523 0.632065 -0.869146
v 2.004523 0.595575 -0.869146
v 1.999712 0.600960 -0.905636
v 1.999712 0.627259 -0.905636
v 1.927964 0.595575 -0.899430
v 1.927964 0.632065 -0.899430
v 1.964454 0.588267 -0.899430
v 1.964454 0.643742 -0.899430
v 2.004523 0.632065 -0.899430
v 2.004523 0.595575 -0.899430
v 1.918532 0.613820 -0.899430
v 1.918532 0.613820 -0.869146
v 1.964454 0.616004 -0.869146
v 2.014507 0.613820 -0.869146
v 2.014507 0.613820 -0.899430
v 1.922437 0.614135 -0.905636
v 2.010733 0.614110 -0.905636
v 1.964569 0.635399 -0.902348
v 1.926533 0.614195 -0.902348
v 1.935965 0.626246 -0.902348
v 1.935965 0.602145 -0.902348
v 1.964530 0.596423 -0.902348
v 2.006517 0.614172 -0.902348
v 1.996533 0.602261 -0.902348
v 1.996533 0.626084 -0.902348
v 1.965744 0.614760 -0.904596
v 0.157564 0.677782 -0.919390
v 0.157564 0.705342 -0.919390
v 0.157679 0.677782 -0.891830
v 0.157679 0.705342 -0.891830
v 0.185221 0.677782 -0.896236
v 0.185221 0.705342 -0.896236
v 0.185337 0.677782 -0.868676
v 0.185337 0.705342 -0.868676
v 0.064577 0.677782 -0.891439
v 0.064462 0.677782 -0.918999
v 0.064462 0.705342 -0.918999
v 0.064577 0.705342 -0.891439
v 0.039726 0.677782 -0.868065
v 0.039610 0.677782 -0.895625
v 0.039610 0.705342 -0.895625
v 0.039726 0.705342 -0.868065
v -0.530860 0.750281 -0.982427
v -0.530860 0.840027 -0.982427
v -0.525383 0.769215 -0.915906
v -0.530581 0.827821 -0.915884
v -0.503893 0.765697 -0.982613
v -0.503893 0.824566 -0.982620
v -0.511551 0.769215 -0.915964
v -0.503677 0.815137 -0.931219
v -0.531157 0.761277 -1.053084
v -0.531157 0.827821 -1.053084
v -0.504125 0.815003 -1.037976
v -0.504125 0.774313 -1.037975
v -0.545371 0.794549 -0.982366
v -0.532969 0.786610 -0.915874
v -0.511551 0.786610 -0.915964
v -0.503892 0.794549 -0.982540
v -0.545667 0.794549 -1.053023
v -0.504125 0.794549 -1.037976
v -0.545091 0.794549 -0.915823
v -0.530581 0.761277 -0.915884
v -0.503677 0.774190 -0.931219
v -0.503677 0.794549 -0.931219
v -0.532726 0.759794 -0.857955
v -0.525140 0.742399 -0.857987
v -0.511308 0.742399 -0.858045
v -0.511308 0.759794 -0.858045
v -0.503613 0.794549 -0.915997
v -0.503613 0.761277 -0.915997
v -0.503892 0.750281 -0.982540
v -0.503613 0.827821 -0.915997
v -0.503892 0.840027 -0.982540
v -0.504189 0.794549 -1.053197
v -0.504189 0.761277 -1.053197
v -0.504189 0.827821 -1.053197
v 0.953045 0.677782 -0.919390
v 0.953045 0.705342 -0.919390
v 0.953161 0.677782 -0.891830
v 0.953161 0.705342 -0.891830
v 0.980703 0.677782 -0.896237
v 0.980703 0.705342 -0.896237
v 0.980818 0.677782 -0.868677
v 0.980818 0.705342 -0.868677
v 0.860059 0.677782 -0.891440
v 0.859943 0.677782 -0.918999
v 0.859943 0.705342 -0.918999
v 0.860059 0.705342 -0.891440
v 0.835207 0.677782 -0.868066
v 0.835091 0.677782 -0.895625
v 0.835091 0.705342 -0.895626
v 0.835207 0.705342 -0.868066
v 0.285567 0.821307 -0.843674
v -0.491734 0.826617 -0.806645
v -0.106958 1.285859 -0.570175
v 0.286749 1.288475 -0.603939
v -0.274690 1.072117 -0.689799
v 0.286162 1.078340 -0.721399
v 0.240667 1.072266 -0.709397
v -0.245489 1.060988 -0.715200
v 0.240065 0.812430 -0.833009
v -0.464929 0.812430 -0.833008
v 0.241260 1.284930 -0.590519
v -0.070290 1.284930 -0.590519
v 1.033184 0.799409 -0.854092
v 0.261267 0.799409 -0.854092
v 0.658891 1.309642 -0.592107
v 0.261912 1.078389 -0.721374
v 0.262558 1.309642 -0.592107
v 1.110008 0.799409 -0.854092
v 0.692130 1.309642 -0.592107
v 0.881471 1.065679 -0.727967
v 0.846036 1.073070 -0.711078
v 1.033182 0.815988 -0.833378
v 0.658889 1.283156 -0.593643
v 0.881470 1.060360 -0.717671
v 0.286160 1.073021 -0.711103
v 0.285566 0.815988 -0.833378
v 0.286747 1.283156 -0.593642
v 1.064330 0.815988 -0.833378
v 0.680369 1.283156 -0.593643
v 0.281112 1.444159 -0.399448
v 0.281112 1.363045 -0.374999
v 0.312511 1.374675 -0.381244
v 0.360204 1.363045 -0.407760
v 0.384451 1.363045 -0.444048
v 0.392965 1.363045 -0.486852
v 0.384451 1.363045 -0.529656
v 0.360204 1.363045 -0.565944
v 0.323916 1.363045 -0.590191
v 0.281112 1.363045 -0.598705
v 0.238308 1.363045 -0.590191
v 0.202020 1.363045 -0.565944
v 0.177773 1.363045 -0.529656
v 0.169259 1.363045 -0.486852
v 0.177773 1.363045 -0.444047
v 0.202020 1.363045 -0.407760
v 0.249714 1.374675 -0.381244
v 0.342916 1.444159 -0.425048
v 0.361863 1.444159 -0.453404
v 0.368516 1.444159 -0.486852
v 0.361863 1.444159 -0.520300
v 0.342916 1.444159 -0.548656
v 0.314560 1.444159 -0.567603
v 0.281112 1.444159 -0.574256
v 0.247664 1.444159 -0.567603
v 0.219308 1.444159 -0.548656
v 0.200361 1.444159 -0.520300
v 0.193708 1.444159 -0.486852
v 0.200362 1.444159 -0.453404
v 0.219308 1.444159 -0.425048
v 0.247664 1.444159 -0.406101
v 0.281112 1.301442 -0.413998
v 0.308992 1.301442 -0.419544
v 0.308992 1.363045 -0.419544
v 0.281112 1.363045 -0.413998
v 0.332627 1.301442 -0.435337
v 0.332627 1.363045 -0.435337
v 0.348420 1.301442 -0.458972
v 0.348420 1.363045 -0.458972
v 0.353966 1.301442 -0.486852
v 0.353966 1.363045 -0.486852
v 0.348420 1.301442 -0.514732
v 0.348420 1.363045 -0.514732
v 0.332627 1.301442 -0.538367
v 0.332627 1.363045 -0.538367
v 0.308992 1.301442 -0.554160
v 0.308992 1.363045 -0.554160
v 0.281112 1.301442 -0.559705
v 0.281112 1.363045 -0.559705
v 0.253232 1.301442 -0.554160
v 0.253232 1.363045 -0.554160
v 0.229597 1.301442 -0.538367
v 0.229597 1.363045 -0.538367
v 0.213804 1.301442 -0.514732
v 0.213804 1.363045 -0.514732
v 0.208259 1.301442 -0.486852
v 0.208259 1.363045 -0.486852
v 0.213804 1.301442 -0.458972
v 0.213804 1.363045 -0.458972
v 0.229597 1.301442 -0.435337
v 0.229597 1.363045 -0.435337
v 0.253232 1.301442 -0.419544
v 0.253232 1.363045 -0.419544
v 0.281112 1.444159 -0.374999
v 0.249714 1.432530 -0.381244
v 0.202020 1.444159 -0.407760
v 0.177773 1.444159 -0.444048
v 0.169259 1.444159 -0.486852
v 0.177773 1.444159 -0.529656
v 0.202020 1.444159 -0.565944
v 0.238308 1.444159 -0.590191
v 0.281112 1.444159 -0.598705
v 0.323916 1.444159 -0.590191
v 0.360204 1.444159 -0.565944
v 0.384451 1.444159 -0.529656
v 0.392965 1.444159 -0.486852
v 0.384451 1.444159 -0.444048
v 0.360204 1.444159 -0.407760
v 0.312511 1.432530 -0.381244
v 0.281112 1.549192 -0.399448
v 0.247664 1.549192 -0.406101
v 0.219308 1.549192 -0.425048
v 0.200361 1.549192 -0.453404
v 0.193708 1.549192 -0.486852
v 0.200361 1.549192 -0.520300
v 0.219308 1.549192 -0.548656
v 0.247664 1.549192 -0.567603
v 0.281112 1.549192 -0.574256
v 0.314560 1.549192 -0.567603
v 0.342916 1.549192 -0.548656
v 0.361863 1.549192 -0.520300
v 0.368516 1.549192 -0.486852
v 0.361863 1.549192 -0.453404
v 0.342916 1.549192 -0.425048
v 0.314560 1.549192 -0.406101
v 0.281112 1.568680 -0.486852
v 0.323917 1.363045 -0.383513
v 0.323917 1.444159 -0.383513
v 0.281112 1.432530 -0.374999
v 0.238308 1.444159 -0.383513
v 0.281112 1.374675 -0.374999
v 0.238308 1.363045 -0.383513
v 0.312511 1.432530 -0.097828
v 0.281112 1.432530 -0.096897
v 0.281112 1.374675 -0.096897
v 0.312511 1.374675 -0.097828
v 0.249714 1.374675 -0.097828
v 0.249714 1.432530 -0.097828
v 0.323292 1.442463 -0.076934
v 0.281112 1.364742 -0.068195
v 0.246740 1.364742 -0.068953
v 0.238933 1.442463 -0.076934
v 0.281112 1.442463 -0.076003
v 0.315485 1.364742 -0.068953
v 0.934363 0.193027 -0.000001
v -0.478947 0.192961 0.000000
v -0.578300 0.849581 0.000000
v 1.421967 0.846398 -0.000001
v -1.837775 0.806999 0.000001
v -1.779532 0.192961 0.000001
v 2.019988 0.790026 -0.000001
v 2.019988 0.297572 -0.000001
v -0.148898 1.321659 -0.000000
v 0.832391 1.324578 -0.000001
v 0.262558 1.347438 -0.000000
v 0.261267 0.192961 -0.000000
v 0.658892 1.347438 -0.000001
v 1.588144 0.193027 -0.000001
v 2.110902 0.469680 -0.000001
v -1.587077 0.193027 0.000001
v -0.933297 0.193027 0.000001
v -1.261113 0.824161 0.000001
v 2.110902 0.726036 -0.000001
v -1.837775 0.718543 0.000001
v -1.837775 0.326933 0.000001
v -1.088211 0.824161 0.000001
v -1.447142 0.824161 0.000001
v 0.699311 1.347438 -0.000001
v 2.110902 0.585299 -0.000001
v -1.837775 0.577818 0.000001
v 2.110902 0.660502 -0.000001
v -1.837775 0.776284 0.000001
v -1.837775 0.608533 0.000001
v -1.837775 0.646481 0.000001
v -1.817963 0.776284 0.000001
v -1.817963 0.718543 0.000001
v -1.817963 0.646481 0.000001
v -1.817963 0.608533 0.000001
v -1.911339 0.492274 0.000001
v -1.960073 0.379740 0.000001
v -1.911339 0.241389 0.000001
v -1.856114 0.492274 0.000001
v -1.856115 0.241389 0.000001
v -1.837775 0.371967 0.000001
v -1.837775 0.534088 0.000001
v -1.856115 0.286423 0.000001
v -1.856114 0.448544 0.000001
v -1.847500 0.334762 0.000001
v -1.847500 0.570216 0.000001
v -1.847500 0.377026 0.000001
v -1.847500 0.529176 0.000001
v -1.812139 0.622681 0.000001
v -1.812139 0.607993 0.000001
v -1.826827 0.622681 0.000001
v -1.826827 0.607993 0.000001
v -1.826827 0.647818 0.000001
v -1.812139 0.647818 0.000001
v -1.826827 0.661077 0.000001
v -1.812139 0.661077 0.000001
v -1.826827 0.686215 0.000001
v -1.812139 0.686215 0.000001
v -1.826827 0.698093 0.000001
v -1.812139 0.698093 0.000001
v -1.826827 0.727926 0.000001
v -1.812139 0.727926 0.000001
v -1.826827 0.739896 0.000001
v -1.812139 0.739896 0.000001
v -1.826827 0.764988 0.000001
v -1.812139 0.764988 0.000001
v -1.812139 0.777649 0.000001
v -1.826827 0.777649 0.000001
v 2.110902 0.571475 -0.000001
v 2.110902 0.483504 -0.000001
v 2.089526 0.571475 -0.000001
v 2.089526 0.483504 -0.000001
v 2.049305 0.297572 -0.000001
v 2.140219 0.417451 -0.000001
v 2.130794 0.469680 -0.000001
v 2.116874 0.406767 0.024153
v 2.053799 0.317313 0.024153
v 2.114437 0.406767 0.024153
v 2.016721 0.317313 0.024153
v 1.944866 0.238437 -0.574886
v 2.044947 0.238437 -0.574886
v 1.944866 0.224268 -0.574886
v 2.044947 0.225989 -0.574886
v 1.944866 0.212257 -0.574886
v 2.044947 0.215436 -0.574452
v 1.944866 0.204231 -0.565620
v 2.044947 0.208385 -0.563899
v 1.944866 0.201412 -0.551451
v 2.044947 0.205908 -0.551451
v 1.944866 0.204231 -0.537283
v 2.044947 0.208385 -0.539003
v 1.944866 0.212257 -0.525271
v 2.044947 0.215436 -0.528450
v 1.944866 0.224268 -0.517245
v 2.044947 0.225989 -0.521399
v 1.944866 0.238437 -0.514427
v 2.044947 0.238437 -0.518923
v 1.944866 0.252606 -0.517245
v 2.044947 0.250885 -0.521399
v 1.944866 0.264617 -0.525271
v 2.044947 0.261438 -0.528450
v 1.944866 0.272643 -0.537283
v 2.044947 0.268490 -0.539003
v 1.944866 0.275462 -0.551451
v 2.044947 0.270966 -0.551451
v 1.944866 0.272643 -0.565620
v 2.044947 0.268490 -0.563899
v 1.944866 0.264617 -0.574886
v 2.044947 0.261438 -0.574452
v 1.944866 0.252606 -0.574886
v 2.044947 0.250885 -0.574886
v 2.114743 0.238437 -0.570335
v 2.114743 0.231211 -0.568898
v 2.114743 0.225084 -0.564804
v 2.114743 0.220991 -0.558678
v 2.114743 0.219553 -0.551451
v 2.114743 0.220991 -0.544225
v 2.114743 0.225084 -0.538098
v 2.114743 0.231211 -0.534005
v 2.114743 0.238437 -0.532568
v 2.114743 0.245664 -0.534005
v 2.114743 0.251790 -0.538098
v 2.114743 0.255883 -0.544225
v 2.114743 0.257321 -0.551451
v 2.114743 0.255883 -0.558678
v 2.114743 0.251790 -0.564804
v 2.114743 0.245664 -0.568898
v 2.114743 0.228716 -0.574886
v 2.114743 0.238437 -0.574886
v 2.114743 0.220476 -0.569412
v 2.114743 0.214970 -0.561172
v 2.114743 0.213036 -0.551451
v 2.114743 0.214970 -0.541731
v 2.114743 0.220476 -0.533490
v 2.114743 0.228716 -0.527984
v 2.114743 0.238437 -0.526050
v 2.114743 0.248158 -0.527984
v 2.114743 0.256398 -0.533490
v 2.114743 0.261905 -0.541731
v 2.114743 0.263838 -0.551451
v 2.114743 0.261905 -0.561172
v 2.114743 0.256398 -0.569412
v 2.114743 0.248158 -0.574886
v 2.038877 0.238437 -0.551451
v 1.689313 0.267288 -0.574886
v 1.689313 0.256929 -0.574886
v 1.689313 0.248147 -0.570592
v 1.689313 0.242279 -0.561810
v 1.689313 0.240219 -0.551451
v 1.689313 0.242279 -0.541092
v 1.689313 0.248147 -0.532311
v 1.689313 0.256929 -0.526443
v 1.689313 0.267288 -0.524382
v 1.689313 0.277646 -0.526443
v 1.689313 0.286428 -0.532311
v 1.689313 0.292296 -0.541092
v 1.689313 0.294356 -0.551451
v 1.689313 0.292296 -0.561810
v 1.689313 0.286428 -0.570592
v 1.689313 0.277646 -0.574886
v 1.860888 0.246274 -0.574886
v 1.860888 0.255056 -0.570592
v 1.860888 0.260924 -0.561810
v 1.860888 0.262984 -0.551451
v 1.860888 0.260924 -0.541092
v 1.860888 0.255056 -0.532311
v 1.860888 0.246274 -0.526443
v 1.860888 0.235915 -0.524382
v 1.860888 0.225557 -0.526443
v 1.860888 0.216775 -0.532311
v 1.860888 0.210907 -0.541092
v 1.860888 0.208847 -0.551451
v 1.860888 0.210907 -0.561810
v 1.860888 0.216775 -0.570592
v 1.860888 0.225557 -0.574886
v 1.860888 0.235915 -0.574886
v 0.281112 1.432530 -0.000000
v 0.281112 1.374675 -0.000000
v 0.312511 1.374675 -0.000000
v 0.312511 1.432530 -0.000000
v 0.249714 1.432530 -0.000000
v 0.249714 1.374675 -0.000000
v 0.323292 1.442463 -0.000000
v 0.315485 1.364742 -0.000000
v 0.281112 1.442463 -0.000000
v 0.238933 1.442463 -0.000000
v 0.246740 1.364742 -0.000000
v 0.281112 1.364742 0.076002
v 0.238933 1.364742 0.076933
v -0.262595 1.078389 -0.721374
v -0.081505 1.309642 -0.592107
v -0.509061 0.799409 -0.854091
v -0.548198 0.849186 -0.418772
v -0.601477 0.824161 0.000000
v -0.126174 1.342380 -0.237986
v -0.126174 1.347438 -0.000000
v -0.325451 1.066016 -0.329297
v -0.534685 0.836813 -0.418772
v -0.362261 1.066016 0.000000
v -0.564787 0.837208 0.000000
v -0.135382 1.304226 -0.237953
v -0.135385 1.309286 -0.000000
v -0.261177 1.059745 -0.689799
v -0.093446 1.273486 -0.570175
v -0.478221 0.814244 -0.806645
v 1.449872 0.824161 -0.420609
v 1.405516 0.799409 -0.854092
v 0.804324 1.342380 -0.237987
v 0.759968 1.309642 -0.592107
v 1.082742 1.078389 -0.721375
v 0.804654 1.347438 -0.000001
v 1.450202 0.824161 -0.000001
v 1.120004 1.069298 -0.329298
v 1.414578 0.837352 -0.419795
v 1.120334 1.069298 -0.000001
v 1.414873 0.837307 -0.000001
v 0.825642 1.311236 -0.238601
v 0.825297 1.315487 -0.000001
v 1.086364 1.065385 -0.687289
v 1.374520 0.814617 -0.805985
v 0.784590 1.280950 -0.566500
v 1.261253 0.193027 -0.000001
v -1.260187 0.193027 0.000001
v 0.934363 0.193026 -0.422954
v 1.261253 0.682252 -0.422955
v 1.396656 0.655319 -0.422955
v 1.511444 0.578620 -0.422955
v 1.588144 0.463831 -0.422955
v 1.615077 0.328429 -0.422955
v 1.588144 0.193026 -0.422955
v 0.907430 0.328429 -0.422954
v 0.934363 0.463831 -0.422954
v 1.011062 0.578620 -0.422954
v 1.125851 0.655319 -0.422954
v -1.587078 0.193026 -0.422953
v -1.260187 0.682252 -0.422953
v -1.124785 0.655319 -0.422953
v -1.009996 0.578620 -0.422953
v -0.933297 0.463831 -0.422953
v -0.906364 0.328429 -0.422953
v -0.933297 0.193026 -0.422953
v -1.614011 0.328429 -0.422953
v -1.587078 0.463831 -0.422953
v -1.510378 0.578620 -0.422953
v -1.395589 0.655319 -0.422953
v 0.281112 1.568680 -0.409997
v 0.251701 1.568680 -0.415847
v 0.226768 1.568680 -0.432507
v 0.210107 1.568680 -0.457441
v 0.204257 1.568680 -0.486852
v 0.210107 1.568680 -0.516263
v 0.226767 1.568680 -0.541196
v 0.251701 1.568680 -0.557857
v 0.281112 1.568680 -0.563707
v 0.310523 1.568680 -0.557857
v 0.335457 1.568680 -0.541197
v 0.352117 1.568680 -0.516263
v 0.357967 1.568680 -0.486852
v 0.352117 1.568680 -0.457441
v 0.335457 1.568680 -0.432507
v 0.310523 1.568680 -0.415847
v 2.038877 0.231211 -0.568897
v 2.038877 0.238437 -0.570335
v 2.038877 0.225084 -0.564804
v 2.038877 0.220991 -0.558678
v 2.038877 0.219553 -0.551451
v 2.038877 0.220991 -0.544224
v 2.038877 0.225084 -0.538098
v 2.038877 0.231211 -0.534005
v 2.038877 0.238437 -0.532568
v 2.038877 0.245664 -0.534005
v 2.038877 0.251790 -0.538098
v 2.038877 0.255883 -0.544224
v 2.038877 0.257321 -0.551451
v 2.038877 0.255883 -0.558678
v 2.038877 0.251790 -0.564804
v 2.038877 0.245664 -0.568897
v 2.038877 0.231211 -0.580874
v 2.038877 0.238437 -0.579437
v 2.038877 0.225084 -0.584968
v 2.038877 0.220991 -0.591094
v 2.038877 0.219553 -0.598321
v 2.038877 0.220991 -0.605547
v 2.038877 0.225084 -0.611673
v 2.038877 0.231211 -0.615767
v 2.038877 0.238437 -0.617204
v 2.038877 0.245664 -0.615767
v 2.038877 0.251790 -0.611673
v 2.038877 0.255883 -0.605547
v 2.038877 0.257321 -0.598321
v 2.038877 0.255883 -0.591094
v 2.038877 0.251790 -0.584968
v 2.038877 0.245664 -0.580874
v 0.323292 1.364742 -0.000000
v 0.281112 1.364742 -0.000000
v 0.238933 1.364742 -0.000000
v 0.238933 1.364742 -0.076934
v 0.323292 1.364742 -0.076934
v 0.281112 1.364742 -0.076003
v 0.281112 1.340704 -0.068195
v 0.281112 1.340704 -0.000000
v 0.315485 1.340704 -0.000000
v 0.246740 1.340704 -0.000000
v 0.246740 1.340704 -0.068953
v 0.315485 1.340704 -0.068953
vn 0.0001 -1.0000 -0.0000
vn -0.0000 0.2034 0.9791
vn -0.0000 0.4053 0.9142
vn -0.0001 0.2034 0.9791
vn 0.1185 -0.9930 -0.0000
vn 0.1559 -0.9878 -0.0061
vn -0.0000 1.0000 -0.0000
vn -0.0000 0.9984 0.0567
vn -0.0000 0.0003 1.0000
vn 0.0002 0.0988 0.9951
vn -0.0439 0.9986 0.0285
vn -0.0219 0.9981 0.0570
vn -0.0219 0.9994 0.0285
vn -0.0000 -1.0000 -0.0000
vn 0.5746 0.8181 0.0233
vn 0.5658 0.8234 0.0441
vn 0.5643 0.8244 0.0437
vn -0.0000 0.5218 0.8531
vn 0.0101 0.1930 0.9812
vn 0.0172 0.4162 0.9091
vn 0.0113 0.3873 0.9219
vn -0.0000 0.9958 0.0921
vn -0.0161 -0.0442 0.9989
vn -0.0226 0.0324 0.9992
vn -0.0161 0.0459 0.9988
vn 0.8254 -0.5017 0.2588
vn 0.8040 -0.5284 0.2726
vn 0.2342 -0.1828 -0.9548
vn 0.2393 -0.1867 -0.9528
vn 0.2393 -0.1868 -0.9528
vn 1.0000 -0.0022 0.0010
vn 1.0000 -0.0021 0.0009
vn -0.0001 -1.0000 -0.0000
vn -0.0000 0.2035 0.9791
vn -0.0000 0.4140 0.9103
vn 0.6635 0.2133 0.7171
vn 0.6961 -0.0057 0.7179
vn 0.7008 -0.0141 0.7132
vn 0.0022 0.3516 0.9361
vn -0.7850 -0.5503 0.2844
vn -0.8072 -0.5244 0.2710
vn -0.8071 -0.5245 0.2711
vn 0.0579 0.9966 0.0593
vn 0.0584 0.9978 0.0311
vn 0.0554 0.9965 0.0626
vn -0.0000 -0.3983 -0.9172
vn -0.0000 -0.2034 -0.9791
vn -0.6753 -0.7375 -0.0003
vn -0.6753 -0.7375 -0.0000
vn -0.6753 -0.7375 0.0015
vn 0.1309 -0.9911 -0.0222
vn 0.5756 0.8178 -0.0000
vn 0.0598 0.9978 0.0285
vn 0.0598 0.9982 -0.0000
vn -0.0002 -1.0000 -0.0000
vn -0.0439 0.9990 -0.0000
vn -0.0220 0.9998 -0.0000
vn -0.0037 0.0032 1.0000
vn 0.0005 -0.1036 0.9946
vn -0.0019 -0.1055 0.9944
vn -0.0000 0.9996 0.0285
vn 0.0002 -1.0000 -0.0000
vn 0.0003 -1.0000 -0.0000
vn 0.0001 -0.0000 1.0000
vn -0.0000 0.9984 0.0570
vn -0.0001 -0.0000 1.0000
vn 0.0018 0.3826 0.9239
vn -0.0005 0.3662 0.9305
vn 0.0013 0.1920 0.9814
vn -0.0118 0.3947 0.9187
vn -0.0071 0.1881 0.9821
vn -0.0128 0.3716 0.9283
vn 1.0000 -0.0000 -0.0000
vn -0.0033 0.1504 0.9886
vn 0.0002 0.0045 1.0000
vn -0.6858 -0.1244 0.7170
vn -0.7242 0.0085 0.6896
vn -0.7306 -0.0033 0.6828
vn 0.0001 -0.1108 0.9938
vn 0.0004 -0.1120 0.9937
vn -0.0117 -0.0847 0.9963
vn -0.0023 -0.0907 0.9959
vn -0.0244 -0.0791 0.9966
vn -0.9171 -0.3987 -0.0000
vn -0.7951 -0.6064 -0.0000
vn 0.1300 -0.9914 -0.0123
vn -0.0000 -0.0000 1.0000
vn -0.0000 0.0001 1.0000
vn 0.7877 -0.6147 0.0418
vn 0.7883 -0.6151 0.0162
vn 0.7883 -0.6151 0.0134
vn -0.0000 0.8885 -0.4589
vn -0.0000 0.8885 -0.4590
vn 1.0000 -0.0019 0.0008
vn 0.7815 -0.5544 0.2860
vn -0.3827 -0.9239 -0.0000
vn -0.7071 -0.7071 -0.0000
vn -0.9239 -0.3827 -0.0000
vn -1.0000 -0.0000 -0.0000
vn -0.9808 0.1951 -0.0000
vn -0.0000 0.0002 1.0000
vn -0.6569 0.2408 0.7145
vn -0.5370 0.4045 0.7403
vn -0.6715 0.2138 0.7095
vn 0.9808 0.1951 -0.0000
vn 0.9239 -0.3827 -0.0000
vn 0.7071 -0.7071 -0.0000
vn 0.3827 -0.9239 -0.0000
vn -0.0000 0.9995 0.0304
vn -0.0000 0.3983 0.9172
vn -0.0000 0.0004 1.0000
vn -0.0000 0.4428 0.8966
vn -0.0000 0.9985 0.0552
vn -0.0000 0.4879 0.8729
vn 0.0010 0.4644 0.8856
vn 0.6680 -0.0068 0.7442
vn 0.6452 -0.1481 0.7495
vn 0.6714 -0.0198 0.7409
vn 0.6346 0.2297 0.7379
vn 0.5388 0.4433 0.7164
vn 0.6222 0.2681 0.7355
vn -0.0006 0.1051 0.9945
vn 0.0048 0.1179 0.9930
vn -0.6234 -0.1101 0.7741
vn -0.6410 0.0040 0.7675
vn -0.6441 -0.0087 0.7649
vn -0.6132 0.2098 0.7616
vn -0.6022 0.2493 0.7584
vn -0.5154 0.4321 0.7400
vn -0.0000 0.0595 0.9982
vn -0.0013 0.0989 0.9951
vn 0.0003 0.1503 0.9886
vn 0.4393 0.6041 0.6649
vn 0.5078 0.5054 0.6976
vn 0.4175 0.5973 0.6848
vn 0.5036 0.5015 0.7034
vn 0.5421 0.4355 0.7186
vn -0.4115 0.5727 0.7090
vn -0.5003 0.4619 0.7323
vn -0.3699 0.6533 0.6606
vn -0.0000 -0.0000 -1.0000
vn -0.0000 -0.0956 -0.9954
vn -0.0000 -0.1903 -0.9817
vn 0.2326 0.7552 0.6128
vn 0.0251 0.7942 0.6072
vn 0.0022 0.7892 0.6141
vn -0.0022 0.1989 0.9800
vn -0.0000 0.1691 0.9856
vn -0.0015 0.1600 0.9871
vn -0.0001 0.0290 0.9996
vn -0.0004 -0.0221 0.9998
vn 0.0003 -0.1000 0.9950
vn 0.0012 -0.0952 0.9955
vn -0.4819 0.5036 0.7170
vn -0.4060 0.6073 0.6829
vn -0.0062 0.0330 0.9994
vn -0.0066 -0.1161 0.9932
vn -0.0059 -0.1358 0.9907
vn 0.6493 0.2515 0.7177
vn -0.2911 0.7741 0.5622
vn -0.3100 0.7535 0.5798
vn -0.4021 0.6600 0.6346
vn 0.3012 0.7299 0.6136
vn 0.3761 0.6663 0.6440
vn -0.0004 -0.1011 0.9949
vn -0.0191 -0.1090 0.9939
vn -0.0229 0.0113 0.9997
vn -0.0245 -0.1050 0.9942
vn -0.0001 0.0001 1.0000
vn -0.0001 0.0267 0.9996
vn 0.0003 0.1672 0.9859
vn 0.2631 0.7457 0.6121
vn -0.0011 0.8346 0.5509
vn 0.0007 0.8445 0.5356
vn -0.2515 0.7373 0.6270
vn 0.6700 -0.1250 0.7318
vn -0.0067 0.1008 0.9949
vn -0.0064 0.1984 0.9801
vn 0.0006 0.0675 0.9977
vn -0.0203 0.0343 0.9992
vn -0.0187 0.1532 0.9880
vn -0.0131 -0.1304 0.9914
vn -0.0056 0.1999 0.9798
vn 0.2663 0.7347 0.6240
vn 0.3941 0.6459 0.6539
vn -0.2289 0.7514 0.6188
vn -0.0000 -0.9984 -0.0570
vn -0.9432 -0.3322 -0.0000
vn -0.0214 -0.0447 0.9988
vn -0.0285 -0.0417 0.9987
vn -0.9176 0.3974 -0.0000
vn 0.1108 -0.1885 -0.9758
vn 0.1415 -0.0970 -0.9852
vn -0.0000 -0.4454 0.8953
vn -0.9388 0.0039 0.3446
vn -0.9840 0.0202 0.1770
vn -0.9825 0.0018 0.1861
vn 0.4509 -0.8926 -0.0000
vn -0.6271 -0.7790 -0.0000
vn 0.0723 0.1990 -0.9773
vn 0.1060 -0.1548 -0.9823
vn 0.1321 0.1962 -0.9716
vn -0.0243 0.0441 0.9987
vn 0.0250 0.0050 0.9997
vn 0.0444 0.0123 0.9989
vn 0.0963 0.1933 -0.9764
vn 0.1237 0.1377 -0.9827
vn 0.4615 0.8871 -0.0000
vn 0.0427 -0.0107 0.9990
vn 0.0141 0.0076 0.9999
vn 0.0153 -0.0030 0.9999
vn -0.8408 -0.5414 -0.0000
vn -0.8392 -0.5439 -0.0000
vn 0.7235 0.6903 -0.0000
vn -0.0296 0.0203 0.9994
vn -0.0258 -0.0287 0.9993
vn 0.0723 -0.2056 -0.9760
vn -0.0001 -0.0008 1.0000
vn -0.9840 0.1644 0.0681
vn -0.9840 0.1780 -0.0000
vn -0.9840 -0.1644 -0.0681
vn -0.9840 0.0681 -0.1644
vn -0.9840 -0.0000 -0.1780
vn -0.9840 -0.1259 0.1259
vn -0.9840 -0.0681 0.1644
vn -0.9840 -0.1259 -0.1259
vn -0.9840 0.1259 -0.1259
vn -0.9840 -0.1644 0.0681
vn -0.0000 0.9239 -0.3827
vn -0.0000 0.7071 -0.7071
vn -0.9568 -0.0000 -0.2906
vn -0.9840 -0.0681 -0.1644
vn -0.9568 -0.1112 -0.2685
vn -0.9568 -0.2055 -0.2055
vn -0.9568 -0.2685 -0.1112
vn -0.9840 -0.1780 -0.0000
vn -0.9568 -0.2906 -0.0000
vn -0.9568 -0.2685 0.1112
vn -0.9568 -0.2055 0.2055
vn -0.9568 -0.1112 0.2685
vn -0.9840 -0.0000 0.1780
vn -0.9568 -0.0000 0.2906
vn -0.9568 0.1112 0.2685
vn -0.9840 0.0681 0.1644
vn -0.9840 0.1259 0.1259
vn -0.9568 0.2055 0.2055
vn -0.9568 0.2685 0.1112
vn -0.9568 0.2906 -0.0000
vn -0.9568 0.2685 -0.1112
vn -0.9840 0.1644 -0.0681
vn -0.9568 0.2055 -0.2055
vn -0.9568 0.1112 -0.2685
vn -0.0000 0.9239 0.3827
vn -0.0000 0.7071 0.7071
vn -0.0000 0.3827 0.9239
vn -0.0000 -0.3827 0.9239
vn -0.0000 -0.7071 0.7071
vn -0.0000 -0.9239 0.3827
vn -0.0000 -0.9239 -0.3827
vn -0.0000 -0.7071 -0.7071
vn -0.0000 -0.3827 -0.9239
vn -0.0000 0.3827 -0.9239
vn -0.9835 -0.0167 0.1804
vn -0.9380 -0.0320 0.3452
vn -0.6159 0.7879 -0.0000
vn -0.6159 0.7878 -0.0000
vn 0.8730 -0.0055 -0.4877
vn 0.8722 -0.0554 -0.4860
vn 0.8716 0.0453 -0.4882
vn 0.8730 -0.0047 -0.4877
vn -0.6884 -0.7253 -0.0000
vn -0.0000 -0.0000 -0.0000
vn -0.0000 0.2634 -0.9647
vn 0.7024 0.7118 -0.0000
vn -0.0000 0.2032 0.9791
vn 0.9872 0.0429 0.1535
vn 0.9759 -0.0000 0.2183
vn 0.9471 0.0683 -0.3135
vn 0.9862 -0.0000 -0.1654
vn 0.9598 -0.0000 -0.2807
vn 0.9380 -0.0870 0.3356
vn 0.9244 -0.0000 0.3815
vn 0.7024 -0.7118 -0.0000
vn 0.9857 0.0323 -0.1652
vn 0.9857 -0.0323 -0.1652
vn 0.9380 0.0870 0.3356
vn 0.9471 -0.0683 -0.3135
vn 0.9872 -0.0429 0.1535
vn -0.0000 -0.2032 0.9791
vn -0.0000 -0.2634 -0.9647
vn 0.9841 0.1776 -0.0000
vn -0.0000 0.0918 -0.9958
vn 0.2556 -0.9668 -0.0000
vn 0.2130 -0.9771 -0.0000
vn -0.0084 -0.0853 0.9963
vn 0.9751 -0.2220 -0.0000
vn 0.7184 -0.5412 0.4371
vn 0.7656 -0.5482 0.3365
vn 0.7119 -0.5399 0.4492
vn 0.7389 -0.5137 -0.4360
vn 0.7800 -0.5265 -0.3381
vn 0.7908 -0.5292 -0.3077
vn 0.2540 -0.9672 -0.0000
vn 0.4161 -0.9093 -0.0000
vn 0.6752 -0.7376 -0.0000
vn -0.8883 0.4592 -0.0000
vn 0.0107 0.8647 0.5021
vn 0.1701 0.8490 0.5002
vn -0.0086 -1.0000 -0.0000
vn -0.1964 -0.9805 -0.0000
vn -0.3048 0.9524 -0.0000
vn 0.8772 0.4800 -0.0000
vn 0.1794 -0.9838 -0.0000
vn 0.2798 0.9601 -0.0000
vn -0.7315 0.4132 0.5423
vn -0.6080 0.4205 0.6734
vn -0.7830 0.4048 0.4722
vn -0.1399 -0.6985 0.7018
vn -0.0050 -0.7046 0.7095
vn -0.0074 -0.7046 0.7095
vn -0.2209 0.6905 0.6888
vn -0.0079 0.7074 0.7067
vn 0.7101 -0.4257 0.5609
vn 0.5806 -0.4267 0.6935
vn 0.7668 -0.4196 0.4858
vn 0.1273 -0.6982 0.7045
vn 0.2018 0.6924 0.6927
vn -0.0113 0.7074 0.7067
vn 0.7276 0.4350 0.5304
vn 0.5940 0.4385 0.6745
vn 0.5177 0.4339 0.7374
vn -0.7130 -0.4040 0.5731
vn -0.5936 -0.4086 0.6933
vn -0.5188 -0.4060 0.7523
vn 0.8772 -0.4800 -0.0000
vn 0.4697 -0.5882 0.6583
vn 0.5653 -0.4425 0.6961
vn 0.3881 -0.6853 0.6162
vn -0.8883 -0.4592 -0.0000
vn 0.0149 -0.8374 0.5464
vn -0.3673 -0.7048 0.6070
vn -0.4558 -0.6019 0.6557
vn 0.0470 -0.0636 0.9969
vn 0.0551 -0.0002 0.9985
vn -0.0000 -0.0038 1.0000
vn 0.0498 0.0626 0.9968
vn -0.0021 0.1082 0.9941
vn -0.0573 -0.0002 0.9984
vn -0.0486 -0.0631 0.9968
vn -0.0515 0.0616 0.9968
vn -0.0018 -0.1216 0.9926
vn 0.0056 -0.8376 0.5462
vn -0.5433 0.4553 0.7053
vn 0.5590 0.4375 0.7044
vn -0.1564 0.8574 0.4904
vn 0.0036 0.8649 0.5019
vn -0.5500 -0.4610 0.6964
vn 0.1701 0.8491 0.5002
vn 0.8773 0.4800 -0.0000
vn -0.7831 0.4048 0.4722
vn -0.2210 0.6905 0.6888
vn -0.5188 -0.4061 0.7523
vn 0.8772 -0.4801 -0.0000
vn 0.0055 -0.8376 0.5462
vn -0.5433 0.4554 0.7053
vn 0.5589 0.4375 0.7044
vn 0.0035 0.8649 0.5019
vn 0.0042 -0.0000 -1.0000
vn -0.6419 -0.0000 -0.7668
vn 1.0000 -0.0000 0.0042
vn 0.6419 -0.0000 0.7668
vn -0.0042 -0.0000 1.0000
vn -1.0000 -0.0000 -0.0042
vn 0.6851 -0.0000 -0.7284
vn -0.6851 -0.0000 0.7284
vn -0.9426 0.3340 -0.0046
vn -0.9313 0.3633 -0.0253
vn -0.9166 0.3997 -0.0038
vn -0.0000 1.0000 -0.0052
vn -0.0007 0.9854 0.1702
vn 0.0007 -0.9866 -0.1630
vn -0.0000 -1.0000 -0.0047
vn 0.0008 0.9836 -0.1804
vn -0.9407 -0.3392 -0.0046
vn -0.9296 -0.3682 0.0136
vn -0.9166 -0.3998 -0.0038
vn -0.0006 -0.9881 0.1538
vn -0.9309 0.3650 0.0154
vn -0.9527 0.3040 -0.0054
vn -0.0018 -0.9075 0.4201
vn -0.9301 -0.3667 -0.0234
vn -0.9502 -0.3115 -0.0053
vn 0.0018 0.9075 -0.4201
vn -0.9021 -0.3931 0.1782
vn -0.0002 0.4297 0.9030
vn -0.0000 0.4296 0.9030
vn 0.0003 0.4877 0.8730
vn 0.0004 0.4582 0.8889
vn 0.0005 0.4581 0.8889
vn -0.0000 0.4590 0.8884
vn 0.0002 0.4593 0.8883
vn -0.0006 0.4873 0.8733
vn -0.0001 0.4460 0.8951
vn 0.0005 0.4292 0.9032
vn -0.0000 0.4283 0.9036
vn -0.0000 0.8888 -0.4583
vn -1.0000 0.0021 -0.0012
vn -1.0000 0.0020 -0.0011
vn -1.0000 0.0018 -0.0010
vn -0.0000 -0.8888 0.4583
vn 0.0002 0.4297 0.9030
vn -0.0002 0.4877 0.8730
vn 0.0020 0.4580 0.8890
vn -0.0000 0.4590 0.8885
vn 0.0053 0.4658 0.8849
vn 0.0005 0.4882 0.8727
vn -0.0123 0.4323 0.9016
vn -0.0004 0.4282 0.9037
vn -0.0000 0.4279 0.9038
vn -0.0000 -0.8885 0.4589
vn -0.8282 -0.4979 0.2573
vn -0.0000 -0.8885 0.4590
vn -0.9239 -0.0000 -0.3827
vn -0.7071 -0.0000 -0.7071
vn -0.3827 -0.0000 -0.9239
vn -0.9239 -0.0000 0.3827
vn -0.7071 -0.0000 0.7071
vn 0.3827 -0.0000 0.9239
vn -0.3827 -0.0000 0.9239
vn 0.9239 -0.0000 0.3827
vn 0.3827 -0.0000 -0.9239
vn 0.7071 -0.0000 -0.7071
vn 0.7071 -0.0000 0.7071
vn 0.9239 -0.0000 -0.3827
vn -0.6867 0.2386 0.6867
vn 0.9649 -0.0000 0.2625
vn 0.9795 -0.0000 0.2014
vn 0.8972 0.2386 0.3716
vn 0.8794 0.4760 -0.0000
vn 0.8125 0.4760 0.3365
vn 0.6867 0.2386 -0.6867
vn -0.3716 0.2386 0.8972
vn -0.0000 0.2386 -0.9711
vn 0.3716 0.2386 -0.8972
vn 0.3716 0.2386 0.8972
vn -0.0000 0.2386 0.9711
vn -0.3716 0.2386 -0.8972
vn -0.6867 0.2386 -0.6867
vn 0.6867 0.2386 0.6867
vn -0.8972 0.2386 -0.3716
vn -0.9711 0.2386 -0.0000
vn 0.8972 0.2386 -0.3716
vn 0.9711 0.2386 -0.0000
vn -0.8972 0.2386 0.3716
vn -0.8794 0.4760 -0.0000
vn -0.6218 0.4760 0.6218
vn -0.8125 0.4760 0.3365
vn 0.8125 0.4760 -0.3365
vn -0.3365 0.4760 0.8125
vn 0.6218 0.4760 -0.6218
vn -0.0000 0.4760 0.8794
vn -0.3365 0.4760 -0.8125
vn -0.0000 0.4760 -0.8794
vn 0.3365 0.4760 -0.8125
vn 0.3365 0.4760 0.8125
vn -0.8125 0.4760 -0.3365
vn -0.6218 0.4760 -0.6218
vn 0.6218 0.4760 0.6218
vn 0.1951 -0.0000 -0.9808
vn -0.1951 -0.0000 -0.9808
vn 0.0059 -0.9703 0.2417
vn -0.0000 -0.9763 0.2163
vn -0.0000 -0.9746 0.2240
vn -0.0059 -0.9703 0.2417
vn -0.0041 -0.9825 0.1860
vn 0.0059 0.9703 0.2417
vn -0.9649 -0.0000 0.2625
vn -0.0059 0.9703 0.2417
vn -0.0000 0.9746 0.2240
vn -0.0221 -0.0000 0.9998
vn -0.0000 0.9763 0.2163
vn -0.9795 -0.0000 0.2014
vn 0.0041 0.9825 0.1861
vn -0.7882 0.6150 -0.0223
vn -0.7884 0.6152 -0.0000
vn -0.7882 0.6150 -0.0238
vn 0.6744 0.7366 -0.0513
vn 0.6753 0.7375 -0.0000
vn -0.2268 -0.2477 -0.9419
vn -0.2493 -0.2723 -0.9293
vn -0.7875 0.6146 -0.0455
vn 0.6743 0.7364 -0.0553
vn 0.6744 0.7365 -0.0518
vn 0.7184 -0.5412 -0.4371
vn 0.7656 -0.5482 -0.3365
vn 0.7786 -0.5490 -0.3038
vn -0.7404 0.6555 0.1488
vn -0.7227 0.6763 0.1423
vn -0.7405 0.6555 0.1486
vn -0.7069 0.6934 0.1396
vn -0.7221 0.6848 0.0985
vn -0.7067 0.6936 0.1397
vn -0.7384 0.6744 -0.0000
vn -0.7221 0.6847 0.0985
vn -0.7502 0.6612 -0.0000
vn -0.7476 0.6587 0.0842
vn -0.7476 0.6588 0.0843
vn -0.7226 0.6764 0.1425
vn -0.7402 0.6559 0.1480
vn -0.7364 0.6677 0.1092
vn -0.7191 0.6803 0.1417
vn -0.7464 0.6591 0.0920
vn -0.7500 0.6614 -0.0000
vn -0.7389 0.6738 -0.0000
vn -0.7154 0.6911 0.1031
vn -0.7067 0.6929 0.1432
vn -0.2506 -0.2737 -0.9286
vn -0.2728 -0.2979 -0.9148
vn -0.6752 -0.7374 0.0170
vn 0.6156 0.7829 0.0905
vn 0.6175 0.7846 0.0551
vn 0.6180 0.7842 0.0552
vn 0.5840 0.8045 0.1080
vn 0.6111 0.7874 0.0809
vn 0.5841 0.8045 0.1077
vn 0.5933 0.7995 0.0932
vn 0.5929 0.7997 0.0946
vn 0.6338 0.7735 -0.0000
vn 0.6101 0.7882 0.0809
vn 0.6188 0.7856 -0.0000
vn 0.6187 0.7856 -0.0000
vn 0.6154 0.7831 0.0898
vn 0.6093 0.7918 0.0428
vn 0.5940 0.8008 0.0769
vn 0.6279 0.7783 -0.0000
vn 0.6235 0.7788 0.0681
vn 0.6187 0.7857 -0.0000
vn 0.6179 0.7846 0.0510
vn 0.6262 0.7718 0.1104
vn 0.2444 -0.1907 -0.9508
vn 0.7884 -0.6152 -0.0000
vn 0.0041 -0.9825 0.1860
vn 0.0221 -0.0000 0.9998
vn -0.0000 0.2034 -0.9791
vn -0.0000 0.4053 -0.9142
vn -0.0000 0.4140 -0.9103
vn 0.1559 -0.9878 0.0061
vn -0.0000 0.9984 -0.0567
vn -0.0001 0.2035 -0.9791
vn -0.0000 0.0489 -0.9988
vn -0.0000 0.0003 -1.0000
vn -0.0219 0.9981 -0.0570
vn -0.0439 0.9986 -0.0285
vn -0.0219 0.9994 -0.0285
vn 0.5746 0.8181 -0.0233
vn 0.5658 0.8234 -0.0441
vn 0.5754 0.8175 -0.0231
vn -0.0000 0.5218 -0.8531
vn -0.0000 0.9985 -0.0552
vn 0.0101 0.1930 -0.9812
vn 0.0172 0.4162 -0.9091
vn 0.0048 0.1179 -0.9930
vn -0.0000 0.9958 -0.0921
vn -0.0226 0.0324 -0.9992
vn -0.0161 -0.0442 -0.9989
vn -0.0161 0.0459 -0.9988
vn 0.8254 -0.5017 -0.2588
vn 0.8040 -0.5284 -0.2726
vn 0.2393 -0.1867 0.9528
vn 0.2342 -0.1828 0.9548
vn 0.2393 -0.1868 0.9528
vn 1.0000 -0.0022 -0.0010
vn 1.0000 -0.0021 -0.0009
vn -0.0000 0.2035 -0.9791
vn 0.6635 0.2133 -0.7171
vn 0.6961 -0.0057 -0.7179
vn 0.6493 0.2515 -0.7177
vn 0.0022 0.3516 -0.9361
vn -0.8072 -0.5244 -0.2710
vn -0.7850 -0.5503 -0.2844
vn -0.8071 -0.5245 -0.2711
vn 0.0584 0.9978 -0.0311
vn 0.0579 0.9966 -0.0593
vn 0.0554 0.9965 -0.0626
vn -0.0000 -0.2034 0.9791
vn -0.0000 -0.3983 0.9172
vn -0.6753 -0.7375 0.0003
vn 0.1309 -0.9911 0.0222
vn 0.0598 0.9978 -0.0285
vn 0.0005 -0.1036 -0.9946
vn -0.0037 0.0032 -1.0000
vn -0.0019 -0.1055 -0.9944
vn -0.0000 0.9996 -0.0285
vn 0.0001 -0.0000 -1.0000
vn -0.0000 0.9984 -0.0570
vn -0.0001 -0.0000 -1.0000
vn 0.0018 0.3826 -0.9239
vn -0.0005 0.3662 -0.9305
vn -0.0000 0.3983 -0.9172
vn -0.0071 0.1881 -0.9821
vn -0.0118 0.3947 -0.9187
vn -0.0128 0.3716 -0.9283
vn 0.0002 0.0045 -1.0000
vn -0.0033 0.1504 -0.9886
vn -0.6858 -0.1244 -0.7170
vn -0.7242 0.0085 -0.6896
vn -0.6795 -0.1268 -0.7227
vn 0.0001 -0.1108 -0.9938
vn -0.0117 -0.0847 -0.9963
vn -0.0023 -0.0907 -0.9959
vn 0.0012 -0.0952 -0.9955
vn -0.8668 -0.4986 -0.0000
vn 0.1300 -0.9914 0.0123
vn -0.0000 0.0001 -1.0000
vn 0.7883 -0.6151 -0.0162
vn 0.7877 -0.6147 -0.0418
vn 0.7883 -0.6151 -0.0134
vn -0.0000 0.8885 0.4590
vn 1.0000 -0.0019 -0.0008
vn 0.7815 -0.5544 -0.2860
vn -0.0000 0.0002 -1.0000
vn -0.5370 0.4045 -0.7403
vn -0.6569 0.2408 -0.7145
vn -0.6715 0.2138 -0.7095
vn -0.0000 0.9995 -0.0304
vn -0.0000 0.0004 -1.0000
vn -0.0000 0.4428 -0.8966
vn 0.0113 0.3873 -0.9219
vn 0.0010 0.4644 -0.8856
vn -0.0000 0.4879 -0.8729
vn 0.6452 -0.1481 -0.7495
vn 0.6680 -0.0068 -0.7442
vn 0.6714 -0.0198 -0.7409
vn 0.6346 0.2297 -0.7379
vn 0.6222 0.2681 -0.7355
vn 0.5388 0.4433 -0.7164
vn 0.5078 0.5054 -0.6976
vn -0.0000 0.0495 -0.9988
vn -0.6234 -0.1101 -0.7741
vn -0.6410 0.0040 -0.7675
vn -0.6203 -0.1114 -0.7764
vn -0.6132 0.2098 -0.7616
vn -0.6441 -0.0087 -0.7649
vn -0.5154 0.4321 -0.7400
vn -0.6022 0.2493 -0.7584
vn -0.0013 0.0989 -0.9951
vn 0.0003 0.1503 -0.9886
vn 0.4393 0.6041 -0.6649
vn 0.3761 0.6663 -0.6440
vn 0.0002 0.0988 -0.9951
vn 0.4175 0.5973 -0.6848
vn 0.5036 0.5015 -0.7034
vn 0.3941 0.6459 -0.6539
vn -0.4115 0.5727 -0.7090
vn -0.5003 0.4619 -0.7323
vn -0.0000 -0.1903 0.9817
vn -0.0000 -0.0956 0.9954
vn 0.0251 0.7942 -0.6072
vn 0.2326 0.7552 -0.6128
vn 0.0022 0.7892 -0.6141
vn -0.0022 0.1989 -0.9800
vn -0.0000 0.0596 -0.9982
vn -0.0006 0.1051 -0.9945
vn -0.0000 0.1691 -0.9856
vn -0.0015 0.1600 -0.9871
vn -0.0001 0.0290 -0.9996
vn -0.0004 -0.0221 -0.9998
vn 0.0003 -0.1000 -0.9950
vn -0.4819 0.5036 -0.7170
vn -0.4060 0.6073 -0.6829
vn -0.4021 0.6600 -0.6346
vn -0.0062 0.0330 -0.9994
vn -0.0066 -0.1161 -0.9932
vn -0.0059 -0.1358 -0.9907
vn 0.5421 0.4355 -0.7186
vn -0.2911 0.7741 -0.5622
vn -0.3100 0.7535 -0.5798
vn 0.3012 0.7299 -0.6136
vn -0.0004 -0.1011 -0.9949
vn 0.0004 -0.1120 -0.9937
vn -0.0000 -0.1145 -0.9934
vn -0.0191 -0.1090 -0.9939
vn -0.0229 0.0113 -0.9997
vn -0.0203 0.0343 -0.9992
vn -0.0001 0.0001 -1.0000
vn -0.0001 0.0267 -0.9996
vn 0.0003 0.1672 -0.9859
vn -0.0011 0.8346 -0.5509
vn 0.2631 0.7457 -0.6121
vn 0.0007 0.8445 -0.5356
vn -0.3699 0.6533 -0.6606
vn -0.2515 0.7373 -0.6270
vn -0.2289 0.7514 -0.6188
vn 0.6700 -0.1250 -0.7318
vn 0.6649 -0.1269 -0.7361
vn -0.0067 0.1008 -0.9949
vn -0.0064 0.1984 -0.9801
vn -0.0187 0.1532 -0.9880
vn -0.0131 -0.1304 -0.9914
vn -0.0001 -0.1404 -0.9901
vn 0.2663 0.7347 -0.6240
vn 0.0013 0.1920 -0.9814
vn -0.0000 -0.9984 0.0570
vn -0.0285 -0.0417 -0.9987
vn -0.0214 -0.0447 -0.9988
vn 0.1108 -0.1885 0.9758
vn -0.0000 -0.4454 -0.8953
vn -0.9388 0.0039 -0.3446
vn -0.9840 0.0202 -0.1770
vn -0.9383 0.0392 -0.3435
vn 0.0723 0.1990 0.9773
vn 0.1060 -0.1548 0.9823
vn 0.0723 -0.2056 0.9760
vn 0.0250 0.0050 -0.9997
vn -0.0243 0.0440 -0.9987
vn 0.0444 0.0123 -0.9989
vn 0.0963 0.1933 0.9764
vn 0.1321 0.1962 0.9716
vn -0.6271 -0.7789 -0.0000
vn 0.0427 -0.0107 -0.9990
vn 0.0141 0.0076 -0.9999
vn -0.0001 -0.0008 -1.0000
vn 0.1238 0.1377 0.9827
vn -0.0258 -0.0287 -0.9993
vn 0.0153 -0.0030 -0.9999
vn -0.9840 0.1645 -0.0681
vn -0.9825 0.0018 -0.1861
vn -0.9835 -0.0167 -0.1804
vn -0.9380 -0.0320 -0.3452
vn 0.8722 -0.0554 0.4860
vn 0.8730 -0.0055 0.4877
vn 0.8716 0.0453 0.4882
vn -0.0000 0.2634 0.9647
vn -0.0000 0.2032 -0.9791
vn 0.9872 0.0429 -0.1535
vn 0.9862 -0.0000 0.1654
vn 0.9471 0.0683 0.3135
vn 0.9598 -0.0000 0.2807
vn 0.9759 -0.0000 -0.2183
vn 0.9380 -0.0870 -0.3356
vn 0.9244 -0.0000 -0.3815
vn 0.9857 0.0323 0.1652
vn 0.9857 -0.0323 0.1652
vn 0.9380 0.0870 -0.3356
vn 0.9471 -0.0683 0.3135
vn 0.9872 -0.0429 -0.1535
vn -0.0000 -0.2032 -0.9791
vn -0.0000 -0.2634 0.9647
vn -0.0000 0.0918 0.9958
vn -0.0084 -0.0853 -0.9963
vn 0.9750 -0.2220 -0.0000
vn 0.9751 -0.2219 -0.0000
vn 0.7800 -0.5265 0.3381
vn 0.7389 -0.5137 0.4360
vn 0.7907 -0.5292 0.3077
vn 0.0041 -0.0027 1.0000
vn 0.0368 -0.0394 0.9985
vn 0.0366 -0.0641 0.9973
vn -0.0229 -0.7621 0.6470
vn 0.0694 -0.9207 0.3840
vn 0.0642 -0.8298 0.5544
vn -0.0215 -0.9998 -0.0000
vn -0.0229 -0.8979 0.4396
vn -0.0227 -0.9234 -0.3832
vn 0.0730 -0.9973 -0.0000
vn -0.0259 -0.7060 -0.7078
vn 0.0730 -0.9214 -0.3817
vn -0.0306 -0.3810 -0.9241
vn 0.0730 -0.7052 -0.7052
vn -0.0362 0.0018 -0.9993
vn 0.0730 -0.3817 -0.9214
vn -0.0418 0.3839 -0.9224
vn 0.0730 -0.0000 -0.9973
vn -0.0465 0.7072 -0.7055
vn 0.0730 0.3817 -0.9214
vn 0.0730 0.9214 -0.3817
vn 0.0730 0.7052 -0.7052
vn -0.0507 0.9987 -0.0000
vn -0.0496 0.9230 -0.3816
vn 0.0694 0.9207 0.3840
vn 0.0730 0.9973 -0.0000
vn -0.0465 0.7614 0.6466
vn -0.0490 0.8979 0.4374
vn 0.1016 0.9191 -0.3807
vn 0.0041 0.0027 1.0000
vn 0.0368 0.0394 0.9985
vn 0.0043 -0.0000 1.0000
vn -0.0318 0.3712 -0.9280
vn 0.0269 -0.5117 0.8588
vn 0.1016 -0.3807 -0.9191
vn 0.1016 -0.9191 0.3807
vn 0.1016 0.9948 -0.0000
vn 0.1016 0.9191 0.3807
vn 0.1016 -0.0000 -0.9948
vn 0.1016 -0.9948 -0.0000
vn 0.0997 0.8273 0.5528
vn 0.0642 0.8298 0.5544
vn 0.1016 0.3807 -0.9191
vn 0.1016 -0.9191 -0.3807
vn 0.0366 0.0641 0.9973
vn 0.0269 0.5117 0.8588
vn -0.1283 -0.9181 -0.3751
vn -0.0454 -0.4388 0.8974
vn -0.0801 -0.4378 0.8955
vn -0.0433 -0.4200 0.9065
vn -0.1241 -0.9174 0.3780
vn -0.1799 -0.9837 -0.0000
vn -0.1334 -0.9911 -0.0000
vn -0.1660 -0.9077 -0.3854
vn -0.1133 -0.7088 -0.6962
vn -0.1262 -0.6900 -0.7127
vn -0.0900 -0.3921 -0.9155
vn 0.0110 0.9218 -0.3874
vn 0.0170 0.9999 -0.0000
vn -0.0614 -0.0131 -0.9980
vn 0.0240 0.4224 0.9061
vn -0.0501 0.0310 0.9983
vn -0.0511 -0.0000 0.9987
vn -0.0063 0.7004 -0.7137
vn 0.0153 0.9207 0.3901
vn -0.1128 -0.8262 0.5520
vn -0.1660 -0.9077 0.3854
vn 0.0041 0.0224 -0.9997
vn 0.0801 0.4378 0.8955
vn 0.0217 0.4391 0.8982
vn -0.0663 -0.3624 -0.9297
vn -0.0482 -0.0321 0.9983
vn 0.0732 0.4004 -0.9134
vn 0.1302 0.7119 -0.6902
vn 0.1671 0.9140 -0.3697
vn 0.1671 0.9140 0.3697
vn 0.1503 0.8220 0.5493
vn 0.0106 0.8314 0.5555
vn 0.1701 0.8491 -0.5002
vn 0.0107 0.8647 -0.5021
vn -0.7315 0.4132 -0.5423
vn -0.6080 0.4205 -0.6734
vn -0.5351 0.4189 -0.7336
vn -0.0050 -0.7046 -0.7095
vn -0.1399 -0.6985 -0.7018
vn -0.0075 -0.7046 -0.7095
vn -0.2209 0.6905 -0.6888
vn -0.0079 0.7074 -0.7067
vn -0.0113 0.7074 -0.7067
vn 0.7101 -0.4257 -0.5609
vn 0.5805 -0.4267 -0.6935
vn 0.5025 -0.4212 -0.7550
vn 0.1273 -0.6982 -0.7045
vn 0.2018 0.6924 -0.6927
vn 0.5940 0.4385 -0.6744
vn 0.7276 0.4350 -0.5304
vn 0.5177 0.4339 -0.7374
vn -0.5936 -0.4086 -0.6933
vn -0.7130 -0.4040 -0.5731
vn -0.5188 -0.4060 -0.7523
vn 0.4697 -0.5882 -0.6583
vn 0.5653 -0.4425 -0.6961
vn -0.3673 -0.7048 -0.6070
vn 0.0149 -0.8374 -0.5464
vn -0.4558 -0.6019 -0.6557
vn 0.0470 -0.0636 -0.9969
vn -0.0000 -0.0038 -1.0000
vn 0.0551 -0.0002 -0.9985
vn 0.0498 0.0626 -0.9968
vn -0.0021 0.1082 -0.9941
vn -0.0573 -0.0002 -0.9984
vn -0.0486 -0.0631 -0.9968
vn -0.0515 0.0616 -0.9968
vn -0.0018 -0.1216 -0.9926
vn 0.3881 -0.6854 -0.6162
vn -0.5433 0.4553 -0.7053
vn 0.5590 0.4375 -0.7044
vn -0.1564 0.8574 -0.4903
vn -0.5500 -0.4610 -0.6964
vn 0.5806 -0.4267 -0.6935
vn 0.5940 0.4385 -0.6745
vn -0.5188 -0.4061 -0.7523
vn -0.3673 -0.7048 -0.6069
vn 0.3881 -0.6853 -0.6162
vn -0.5433 0.4554 -0.7053
vn -0.1564 0.8574 -0.4904
vn 0.0042 -0.0000 1.0000
vn -0.6419 -0.0000 0.7668
vn 1.0000 -0.0000 -0.0042
vn 0.6419 -0.0000 -0.7668
vn -0.0042 -0.0000 -1.0000
vn -1.0000 -0.0000 0.0042
vn 0.6851 -0.0000 0.7284
vn -0.6851 -0.0000 -0.7284
vn -0.9426 0.3340 0.0047
vn -0.9313 0.3633 0.0253
vn -0.9527 0.3040 0.0054
vn -0.0007 0.9854 -0.1702
vn -0.0000 1.0000 0.0052
vn -0.0000 -1.0000 0.0047
vn 0.0007 -0.9866 0.1630
vn 0.0008 0.9836 0.1804
vn -0.9407 -0.3392 0.0046
vn -0.9296 -0.3682 -0.0136
vn -0.9502 -0.3115 0.0053
vn -0.0006 -0.9881 -0.1538
vn -0.9309 0.3650 -0.0154
vn -0.0018 -0.9075 -0.4201
vn -0.9301 -0.3667 0.0234
vn 0.0018 0.9075 0.4201
vn -0.9021 -0.3931 -0.1782
vn -0.0002 0.4297 -0.9030
vn -0.0000 0.4296 -0.9030
vn 0.0003 0.4877 -0.8730
vn 0.0004 0.4582 -0.8889
vn 0.0005 0.4581 -0.8889
vn -0.0000 0.4590 -0.8884
vn 0.0002 0.4593 -0.8883
vn -0.0006 0.4873 -0.8733
vn 0.0005 0.4292 -0.9032
vn -0.0001 0.4460 -0.8951
vn -0.0000 0.8888 0.4583
vn -1.0000 0.0020 0.0011
vn -1.0000 0.0021 0.0012
vn -1.0000 0.0018 0.0010
vn -0.0000 -0.8888 -0.4583
vn 0.0002 0.4297 -0.9030
vn -0.0003 0.4877 -0.8730
vn 0.0020 0.4580 -0.8890
vn -0.0000 0.4590 -0.8885
vn 0.0053 0.4658 -0.8849
vn 0.0005 0.4882 -0.8727
vn -0.0123 0.4323 -0.9016
vn -0.0004 0.4282 -0.9037
vn -0.0000 0.4279 -0.9038
vn -0.0000 -0.8885 -0.4589
vn -0.8282 -0.4979 -0.2573
vn -0.0000 -0.8885 -0.4590
vn 0.9795 -0.0000 -0.2014
vn 0.9649 -0.0000 -0.2625
vn 0.1951 -0.0000 0.9808
vn -0.1951 -0.0000 0.9808
vn -0.0000 -0.9763 -0.2163
vn 0.0059 -0.9703 -0.2417
vn -0.0000 -0.9746 -0.2240
vn -0.0059 -0.9703 -0.2417
vn 0.0059 0.9703 -0.2417
vn -0.9649 -0.0000 -0.2625
vn -0.0059 0.9703 -0.2417
vn -0.0221 -0.0000 -0.9998
vn -0.0000 0.9763 -0.2163
vn -0.0041 0.9825 -0.1861
vn -0.9795 -0.0000 -0.2014
vn 0.0041 0.9825 -0.1861
vn -0.0000 0.9746 -0.2240
vn -0.7882 0.6151 0.0223
vn 0.6744 0.7366 0.0513
vn -0.2268 -0.2477 0.9419
vn -0.2493 -0.2723 0.9293
vn -0.2506 -0.2737 0.9286
vn -0.7875 0.6146 0.0455
vn -0.7881 0.6150 0.0238
vn 0.6744 0.7365 0.0518
vn 0.6743 0.7364 0.0553
vn 0.0041 -0.0027 -1.0000
vn 0.0368 -0.0394 -0.9985
vn 0.0043 -0.0000 -1.0000
vn -0.0229 -0.7621 -0.6470
vn 0.0694 -0.9207 -0.3840
vn -0.0229 -0.8979 -0.4396
vn -0.0227 -0.9234 0.3832
vn 0.0730 -0.9214 0.3817
vn -0.0259 -0.7060 0.7078
vn 0.0730 -0.3817 0.9214
vn -0.0306 -0.3810 0.9241
vn 0.0730 -0.0000 0.9973
vn -0.0362 0.0018 0.9993
vn -0.0418 0.3839 0.9224
vn 0.0730 0.3817 0.9214
vn -0.0465 0.7072 0.7055
vn 0.0730 0.9214 0.3817
vn -0.0496 0.9230 0.3816
vn -0.0490 0.8979 -0.4374
vn 0.0694 0.9207 -0.3840
vn -0.0465 0.7614 -0.6466
vn 0.0730 0.7052 0.7052
vn 0.0368 0.0394 -0.9985
vn 0.0041 0.0027 -1.0000
vn -0.0318 0.3712 0.9280
vn -0.0614 -0.0131 0.9980
vn 0.0366 -0.0641 -0.9973
vn 0.0269 -0.5117 -0.8587
vn 0.1016 -0.7034 0.7034
vn 0.1016 -0.3807 0.9191
vn 0.0997 -0.8273 -0.5528
vn 0.1016 -0.0000 0.9948
vn 0.1016 0.3807 0.9191
vn 0.0642 0.8298 -0.5544
vn 0.0997 0.8273 -0.5528
vn 0.1016 0.7034 0.7034
vn 0.0730 -0.7052 0.7052
vn 0.0366 0.0641 -0.9973
vn 0.0269 0.5117 -0.8588
vn 0.0216 0.5532 -0.8328
vn -0.1283 -0.9181 0.3751
vn -0.0454 -0.4388 -0.8974
vn -0.0801 -0.4379 -0.8955
vn -0.1241 -0.9174 -0.3780
vn -0.1133 -0.7088 0.6962
vn -0.0900 -0.3921 0.9155
vn -0.1262 -0.6900 0.7127
vn 0.0110 0.9218 0.3874
vn -0.0063 0.7004 0.7137
vn -0.0501 0.0310 -0.9983
vn 0.0240 0.4225 -0.9061
vn -0.0511 -0.0000 -0.9987
vn 0.0153 0.9207 -0.3901
vn -0.1128 -0.8262 -0.5520
vn -0.1503 -0.8220 -0.5493
vn 0.0041 0.0224 0.9997
vn 0.0801 0.4379 -0.8955
vn -0.0663 -0.3624 0.9297
vn -0.0482 -0.0321 -0.9983
vn -0.0433 -0.4201 -0.9065
vn 0.0732 0.4004 0.9134
vn 0.1302 0.7119 0.6902
vn 0.1799 0.9837 -0.0000
vn 0.1503 0.8220 -0.5493
vn -0.7404 0.6556 -0.1488
vn -0.7227 0.6763 -0.1423
vn -0.7226 0.6764 -0.1425
vn -0.7069 0.6934 -0.1396
vn -0.7221 0.6848 -0.0985
vn -0.7221 0.6847 -0.0985
vn -0.7476 0.6587 -0.0842
vn -0.7476 0.6588 -0.0843
vn -0.7364 0.6677 -0.1092
vn -0.7402 0.6559 -0.1480
vn -0.7191 0.6803 -0.1417
vn -0.7464 0.6591 -0.0920
vn -0.7154 0.6911 -0.1031
vn -0.7067 0.6929 -0.1432
vn -0.2728 -0.2979 0.9148
vn -0.6752 -0.7374 -0.0170
vn -0.6753 -0.7375 -0.0015
vn 0.6175 0.7846 -0.0551
vn 0.6156 0.7829 -0.0905
vn 0.6180 0.7842 -0.0552
vn 0.5840 0.8045 -0.1080
vn 0.6111 0.7874 -0.0809
vn 0.6101 0.7882 -0.0809
vn 0.5933 0.7995 -0.0932
vn 0.5929 0.7997 -0.0946
vn 0.6093 0.7918 -0.0428
vn 0.6235 0.7788 -0.0681
vn 0.6407 0.7678 -0.0000
vn 0.6179 0.7846 -0.0510
vn 0.5940 0.8008 -0.0769
vn 0.2444 -0.1907 0.9508
vn 0.0221 -0.0000 -0.9998
vn -0.0000 0.0489 0.9988
vn -0.0438 0.9974 0.0570
vn 0.5754 0.8175 0.0231
vn 0.0004 -1.0000 -0.0000
vn -0.6795 -0.1268 0.7227
vn 0.6415 -0.1493 0.7525
vn -0.0000 0.0495 0.9988
vn -0.6203 -0.1114 0.7764
vn 0.0001 -0.1151 0.9934
vn -0.0000 -0.1145 0.9934
vn 0.6649 -0.1269 0.7361
vn -0.0001 -0.1404 0.9901
vn -0.9383 0.0392 0.3435
vn 0.7786 -0.5490 0.3038
vn 0.7334 -0.5118 -0.4474
vn -0.5352 0.4189 0.7336
vn 0.5025 -0.4212 0.7550
vn 0.7812 0.4275 0.4550
vn -0.7677 -0.3969 0.5031
vn 0.8772 0.4801 -0.0000
vn -0.5351 0.4189 0.7336
vn 0.7812 0.4275 0.4551
vn 0.8773 -0.4800 -0.0000
vn -0.9166 0.3998 -0.0038
vn -0.0041 0.9825 0.1861
vn 0.7119 -0.5399 -0.4492
vn -0.7313 0.6820 -0.0000
vn 0.6360 0.7717 -0.0000
vn -0.0438 0.9974 -0.0570
vn 0.5643 0.8244 -0.0437
vn 0.7008 -0.0141 -0.7132
vn -0.0056 0.1999 -0.9798
vn -0.7306 -0.0033 -0.6828
vn -0.0244 -0.0791 -0.9966
vn 0.6415 -0.1493 -0.7525
vn 0.0001 -0.1151 -0.9934
vn -0.0245 -0.1050 -0.9942
vn 0.0006 0.0675 -0.9977
vn 0.1415 -0.0970 0.9852
vn -0.0296 0.0203 -0.9994
vn 0.8730 -0.0047 0.4877
vn 0.7334 -0.5118 0.4474
vn 0.1016 0.7035 -0.7034
vn 0.0216 -0.5531 0.8328
vn 0.1016 -0.7035 -0.7034
vn 0.0997 -0.8273 0.5528
vn 0.0216 0.5531 0.8328
vn -0.1503 -0.8220 0.5493
vn 0.0036 0.8649 -0.5019
vn -0.7831 0.4048 -0.4722
vn 0.7668 -0.4196 -0.4858
vn 0.7812 0.4275 -0.4550
vn -0.7677 -0.3969 -0.5031
vn 0.0056 -0.8377 -0.5462
vn 0.0035 0.8649 -0.5019
vn 0.7811 0.4275 -0.4551
vn 0.0056 -0.8376 -0.5462
vn -0.9166 0.3997 0.0038
vn -0.9166 -0.3998 0.0038
vn -0.9166 0.3998 0.0038
vn -0.0000 0.4283 -0.9036
vn 0.0041 -0.9825 -0.1860
vn -0.0041 -0.9825 -0.1861
vn 0.0642 -0.8298 -0.5544
vn 0.0216 -0.5532 -0.8328
vn 0.0217 0.4392 -0.8981
vn 0.0106 0.8314 -0.5555
vn -0.7405 0.6555 -0.1486
vn -0.7067 0.6936 -0.1397
vn 0.6154 0.7831 -0.0898
vn 0.5841 0.8045 -0.1077
vn 0.6262 0.7718 -0.1104
vt 0.730378 0.191395
vt 0.714496 0.190165
vt 0.715761 0.188585
vt 0.827843 0.171863
vt 0.825780 0.147370
vt 0.827843 0.146388
vt 0.743853 0.212178
vt 0.730453 0.225973
vt 0.730379 0.212178
vt 0.873262 0.117480
vt 0.880844 0.130083
vt 0.873262 0.130081
vt 0.371605 0.603295
vt 0.373371 0.621683
vt 0.370812 0.620997
vt 0.845170 0.190294
vt 0.857617 0.176511
vt 0.857607 0.190294
vt 0.939068 0.879516
vt 0.925668 0.880448
vt 0.925668 0.879516
vt 0.886662 0.176500
vt 0.900472 0.173594
vt 0.901354 0.176510
vt 0.939413 0.932410
vt 0.938743 0.933807
vt 0.938150 0.932410
vt 0.873262 0.105121
vt 0.880844 0.117482
vt 0.827843 0.211609
vt 0.826867 0.227784
vt 0.825780 0.208246
vt 0.743853 0.191395
vt 0.730453 0.169997
vt 0.743853 0.169997
vt 0.892126 0.106557
vt 0.892126 0.117496
vt 0.720330 0.931313
vt 0.721475 0.933678
vt 0.720330 0.933277
vt 0.924549 0.275936
vt 0.924702 0.267820
vt 0.924977 0.275936
vt 0.886412 0.288668
vt 0.886202 0.300695
vt 0.885835 0.300693
vt 0.925393 0.126001
vt 0.925489 0.118351
vt 0.925762 0.126000
vt 0.964872 0.876720
vt 0.965505 0.892269
vt 0.964872 0.892269
vt 0.892126 0.130096
vt 0.730453 0.148595
vt 0.715761 0.169997
vt 0.715761 0.146391
vt 0.827843 0.196407
vt 0.825780 0.171864
vt 0.836563 0.135671
vt 0.840861 0.135936
vt 0.840832 0.136717
vt 0.825780 0.198850
vt 0.827843 0.204008
vt 0.892126 0.131153
vt 0.880844 0.131366
vt 0.925249 0.192417
vt 0.925343 0.200523
vt 0.924974 0.200522
vt 0.743853 0.201786
vt 0.730379 0.201786
vt 0.886662 0.155444
vt 0.900472 0.154044
vt 0.873262 0.131366
vt 0.924195 0.157189
vt 0.923373 0.155813
vt 0.924195 0.155813
vt 0.919044 0.146667
vt 0.919470 0.139101
vt 0.919467 0.146667
vt 0.715761 0.214653
vt 0.714496 0.212178
vt 0.873262 0.173584
vt 0.873262 0.176500
vt 0.886662 0.173584
vt 0.873262 0.155454
vt 0.743853 0.148595
vt 0.715761 0.134655
vt 0.714496 0.132023
vt 0.730379 0.132023
vt 0.734126 0.290556
vt 0.734757 0.278159
vt 0.734757 0.290556
vt 0.845170 0.203667
vt 0.857607 0.203667
vt 0.420498 0.117995
vt 0.199041 0.078921
vt 0.420497 0.078919
vt 0.863533 0.203667
vt 0.869041 0.190294
vt 0.869041 0.203667
vt 0.730379 0.111239
vt 0.714496 0.109883
vt 0.715761 0.108541
vt 0.730379 0.121631
vt 0.743853 0.111239
vt 0.743853 0.121631
vt 0.845170 0.135115
vt 0.840859 0.134736
vt 0.845169 0.133880
vt 0.863543 0.176511
vt 0.869184 0.176511
vt 0.840859 0.112236
vt 0.836541 0.111736
vt 0.840868 0.110934
vt 0.825780 0.129088
vt 0.827843 0.123457
vt 0.827843 0.129087
vt 0.942382 0.881479
vt 0.943053 0.886580
vt 0.942382 0.886580
vt 0.925329 0.288627
vt 0.924648 0.280631
vt 0.925329 0.280631
vt 0.871178 0.946529
vt 0.870507 0.941428
vt 0.871178 0.941428
vt 0.730453 0.105121
vt 0.743853 0.105121
vt 0.826326 0.105123
vt 0.827843 0.117542
vt 0.825780 0.117543
vt 0.895668 0.192059
vt 0.891985 0.176918
vt 0.895668 0.176510
vt 0.420472 0.154608
vt 0.196568 0.118314
vt 0.845119 0.110395
vt 0.840846 0.110324
vt 0.420493 0.038361
vt 0.198568 0.038327
vt 0.743853 0.132023
vt 0.823765 0.881756
vt 0.827854 0.879798
vt 0.824054 0.882688
vt 0.880782 0.231302
vt 0.885051 0.245964
vt 0.880782 0.245964
vt 0.880782 0.259338
vt 0.910591 0.880448
vt 0.910591 0.879516
vt 0.836549 0.133879
vt 0.832891 0.132998
vt 0.832895 0.131441
vt 0.836524 0.259964
vt 0.835856 0.270390
vt 0.835567 0.270390
vt 0.926125 0.280631
vt 0.925797 0.304402
vt 0.925797 0.280633
vt 0.925393 0.109306
vt 0.925120 0.118352
vt 0.924549 0.259116
vt 0.924273 0.267820
vt 0.471085 0.646146
vt 0.486968 0.650434
vt 0.471085 0.650434
vt 0.386219 0.669110
vt 0.390719 0.670130
vt 0.386219 0.670130
vt 0.906338 0.259116
vt 0.902680 0.274967
vt 0.902680 0.259116
vt 0.910652 0.259116
vt 0.906338 0.274967
vt 0.914965 0.274967
vt 0.910652 0.274967
vt 0.374043 0.649762
vt 0.373801 0.649607
vt 0.374043 0.649133
vt 0.832875 0.112872
vt 0.836530 0.111487
vt 0.911334 0.299728
vt 0.915653 0.283878
vt 0.915653 0.299728
vt 0.907026 0.283878
vt 0.911334 0.283878
vt 0.903383 0.299728
vt 0.907026 0.299728
vt 0.386219 0.673617
vt 0.390719 0.672569
vt 0.390719 0.673617
vt 0.486968 0.654755
vt 0.471085 0.654755
vt 0.885496 0.190294
vt 0.887501 0.176511
vt 0.884547 0.203667
vt 0.825780 0.123458
vt 0.863533 0.190294
vt 0.381237 0.661609
vt 0.380739 0.660385
vt 0.380994 0.660389
vt 0.370812 0.592152
vt 0.371632 0.592677
vt 0.370812 0.598067
vt 0.431810 0.640463
vt 0.436310 0.641678
vt 0.431810 0.641678
vt 0.431810 0.639443
vt 0.436310 0.640463
vt 0.877138 0.287852
vt 0.873481 0.303703
vt 0.873481 0.287852
vt 0.881452 0.287852
vt 0.877138 0.303703
vt 0.885766 0.287852
vt 0.881452 0.303703
vt 0.911612 0.208268
vt 0.915931 0.192417
vt 0.915931 0.208268
vt 0.907303 0.192417
vt 0.911612 0.192417
vt 0.907303 0.208268
vt 0.903661 0.192417
vt 0.431810 0.642902
vt 0.436310 0.643950
vt 0.431810 0.643950
vt 0.436310 0.642902
vt 0.816729 0.197987
vt 0.880844 0.134707
vt 0.873262 0.134715
vt 0.809201 0.187728
vt 0.816729 0.192211
vt 0.892126 0.133310
vt 0.374597 0.693178
vt 0.374150 0.692000
vt 0.374354 0.691958
vt 0.840873 0.216045
vt 0.845119 0.216529
vt 0.840853 0.216892
vt 0.836517 0.215625
vt 0.832840 0.213858
vt 0.836537 0.215173
vt 0.372192 0.684252
vt 0.373371 0.705283
vt 0.371899 0.705283
vt 0.370812 0.671016
vt 0.372133 0.672537
vt 0.370812 0.678617
vt 0.845119 0.190455
vt 0.840861 0.191260
vt 0.840835 0.190485
vt 0.836557 0.191741
vt 0.836563 0.192033
vt 0.832864 0.193375
vt 0.370812 0.646472
vt 0.373371 0.670160
vt 0.252357 0.895137
vt 0.257522 0.895137
vt 0.257522 0.904921
vt 0.430470 0.680042
vt 0.432558 0.666668
vt 0.432558 0.680042
vt 0.430766 0.643848
vt 0.430134 0.639694
vt 0.430766 0.639559
vt 0.413318 0.638126
vt 0.414007 0.631260
vt 0.414005 0.638126
vt 0.444185 0.607038
vt 0.443364 0.604781
vt 0.444185 0.604781
vt 0.430088 0.647637
vt 0.430766 0.647637
vt 0.413318 0.649407
vt 0.414021 0.649736
vt 0.414009 0.650025
vt 0.413333 0.645453
vt 0.414025 0.644881
vt 0.413333 0.645915
vt 0.413318 0.626780
vt 0.414023 0.627115
vt 0.414014 0.627405
vt 0.413318 0.621890
vt 0.414026 0.621670
vt 0.413333 0.622571
vt 0.431249 0.652006
vt 0.432723 0.652006
vt 0.433990 0.674721
vt 0.433811 0.674370
vt 0.433990 0.674370
vt 0.439892 0.633036
vt 0.439660 0.632598
vt 0.439892 0.632598
vt 0.845170 0.215047
vt 0.840859 0.214908
vt 0.845170 0.214051
vt 0.832882 0.212840
vt 0.836549 0.214051
vt 0.374597 0.690738
vt 0.840859 0.192407
vt 0.836549 0.193263
vt 0.374424 0.690540
vt 0.374597 0.690277
vt 0.413333 0.648854
vt 0.414025 0.649388
vt 0.401338 0.687537
vt 0.400979 0.686218
vt 0.401338 0.686164
vt 0.374597 0.693677
vt 0.374463 0.693368
vt 0.845170 0.192033
vt 0.832892 0.194316
vt 0.832895 0.195702
vt 0.414016 0.644221
vt 0.413318 0.654789
vt 0.413955 0.654789
vt 0.832651 0.230673
vt 0.836348 0.230673
vt 0.837717 0.230673
vt 0.841806 0.227783
vt 0.414024 0.644488
vt 0.413318 0.644838
vt 0.607360 0.119664
vt 0.595546 0.079159
vt 0.595233 0.038311
vt 0.836571 0.135246
vt 0.832857 0.134024
vt 0.401338 0.684708
vt 0.400979 0.684500
vt 0.401338 0.684447
vt 0.370812 0.686218
vt 0.400979 0.687819
vt 0.401338 0.687847
vt 0.400979 0.688400
vt 0.090148 0.079022
vt 0.836487 0.105121
vt 0.840875 0.105122
vt 0.373545 0.650977
vt 0.373800 0.650982
vt 0.414025 0.622166
vt 0.413333 0.623200
vt 0.080315 0.119398
vt 0.192672 0.154475
vt 0.064824 0.154219
vt 0.832899 0.113781
vt 0.836549 0.113092
vt 0.832895 0.115530
vt 0.413333 0.626172
vt 0.414025 0.626674
vt 0.845170 0.111736
vt 0.400583 0.674383
vt 0.400224 0.673024
vt 0.400583 0.673030
vt 0.400583 0.671193
vt 0.400224 0.671500
vt 0.400224 0.670512
vt 0.381237 0.662142
vt 0.380990 0.661734
vt 0.845119 0.136514
vt 0.413318 0.631103
vt 0.734757 0.302957
vt 0.734523 0.307280
vt 0.734103 0.302953
vt 0.413318 0.619217
vt 0.414019 0.621413
vt 0.832889 0.105121
vt 0.845121 0.106974
vt 0.371358 0.579731
vt 0.373371 0.579731
vt 0.400224 0.674508
vt 0.400583 0.674794
vt 0.400224 0.675402
vt 0.400583 0.671664
vt 0.370812 0.603696
vt 0.874354 0.273535
vt 0.874269 0.286494
vt 0.873481 0.272712
vt 0.876299 0.272712
vt 0.876299 0.273535
vt 0.875064 0.285941
vt 0.876299 0.287374
vt 0.902008 0.352569
vt 0.902323 0.347175
vt 0.902323 0.352950
vt 0.423483 0.654395
vt 0.421221 0.653571
vt 0.423483 0.653571
vt 0.421392 0.667410
vt 0.423235 0.668234
vt 0.421221 0.668234
vt 0.427358 0.670706
vt 0.426893 0.670854
vt 0.426915 0.670620
vt 0.427358 0.666933
vt 0.426963 0.666700
vt 0.427592 0.666700
vt 0.294280 0.912263
vt 0.293188 0.923243
vt 0.293036 0.911723
vt 0.272096 0.944011
vt 0.271704 0.947275
vt 0.271704 0.943935
vt 0.279084 0.961276
vt 0.280935 0.949756
vt 0.281086 0.961276
vt 0.924124 0.211226
vt 0.924945 0.223631
vt 0.924124 0.223631
vt 0.438362 0.638021
vt 0.438130 0.638415
vt 0.438130 0.638021
vt 0.449585 0.591360
vt 0.448764 0.589443
vt 0.449586 0.589443
vt 0.925261 0.253986
vt 0.924440 0.240668
vt 0.925261 0.240668
vt 0.918795 0.167296
vt 0.917974 0.169235
vt 0.917974 0.167296
vt 0.874459 0.271735
vt 0.873481 0.259338
vt 0.874459 0.259338
vt 0.879803 0.271735
vt 0.880782 0.272712
vt 0.421221 0.652594
vt 0.427315 0.666423
vt 0.426963 0.666423
vt 0.244856 0.876209
vt 0.243228 0.887182
vt 0.243228 0.876209
vt 0.257587 0.933949
vt 0.257891 0.937058
vt 0.257587 0.937058
vt 0.229124 0.914242
vt 0.231126 0.925215
vt 0.229094 0.925215
vt 0.903364 0.305113
vt 0.902732 0.303279
vt 0.903364 0.303279
vt 0.448286 0.681883
vt 0.447654 0.684138
vt 0.447654 0.681883
vt 0.886870 0.313462
vt 0.887501 0.301065
vt 0.887501 0.313462
vt 0.934171 0.918928
vt 0.935852 0.913828
vt 0.935852 0.918928
vt 0.720330 0.930769
vt 0.721475 0.930898
vt 0.932804 0.918928
vt 0.934171 0.913828
vt 0.723151 0.930365
vt 0.722356 0.929744
vt 0.723578 0.929744
vt 0.943724 0.886561
vt 0.943053 0.881479
vt 0.943724 0.881479
vt 0.938743 0.930767
vt 0.939414 0.930767
vt 0.849577 0.230824
vt 0.852921 0.232049
vt 0.849556 0.231666
vt 0.885357 0.240608
vt 0.885670 0.254787
vt 0.885357 0.254787
vt 0.941909 0.907743
vt 0.940494 0.906108
vt 0.941378 0.906007
vt 0.842178 0.246746
vt 0.842482 0.260119
vt 0.842178 0.260119
vt 0.941909 0.902661
vt 0.941378 0.902723
vt 0.909347 0.934181
vt 0.909894 0.929081
vt 0.909894 0.934489
vt 0.723152 0.932846
vt 0.724296 0.930481
vt 0.724296 0.933261
vt 0.720330 0.933809
vt 0.719535 0.934430
vt 0.719659 0.933809
vt 0.938861 0.902661
vt 0.939408 0.906007
vt 0.938861 0.907743
vt 0.911864 0.934489
vt 0.252357 0.919100
vt 0.257522 0.919100
vt 0.940542 0.908577
vt 0.723151 0.933405
vt 0.724296 0.934430
vt 0.924652 0.119088
vt 0.924340 0.133268
vt 0.924340 0.119024
vt 0.912395 0.934181
vt 0.911864 0.929081
vt 0.912395 0.929081
vt 0.842482 0.232422
vt 0.842482 0.246632
vt 0.924340 0.109842
vt 0.924652 0.109305
vt 0.719659 0.930770
vt 0.718697 0.932497
vt 0.719535 0.930128
vt 0.881140 0.948345
vt 0.879773 0.953327
vt 0.879773 0.947511
vt 0.878092 0.948345
vt 0.878092 0.953427
vt 0.942932 0.933357
vt 0.942261 0.928275
vt 0.942932 0.928275
vt 0.699518 0.936075
vt 0.700211 0.934855
vt 0.700211 0.936075
vt 0.771562 0.901813
vt 0.770869 0.904188
vt 0.770869 0.901813
vt 0.771562 0.906119
vt 0.771662 0.904188
vt 0.697819 0.936086
vt 0.698205 0.935331
vt 0.698512 0.936086
vt 0.697756 0.932549
vt 0.698205 0.932549
vt 0.697819 0.931392
vt 0.742079 0.934707
vt 0.742773 0.936238
vt 0.742079 0.936238
vt 0.722762 0.934430
vt 0.722356 0.934046
vt 0.720757 0.934430
vt 0.722480 0.933405
vt 0.721518 0.931674
vt 0.721888 0.931729
vt 0.719941 0.929744
vt 0.721475 0.929744
vt 0.723152 0.930882
vt 0.719067 0.932442
vt 0.722480 0.930365
vt 0.805336 0.309748
vt 0.804392 0.309690
vt 0.804566 0.309430
vt 0.948502 0.885499
vt 0.948444 0.886441
vt 0.948183 0.886267
vt 0.944313 0.884667
vt 0.944005 0.885560
vt 0.944005 0.884606
vt 0.803658 0.307242
vt 0.803351 0.308134
vt 0.803351 0.307181
vt 0.807528 0.308842
vt 0.808155 0.308134
vt 0.807789 0.309016
vt 0.945991 0.887173
vt 0.945047 0.887115
vt 0.945221 0.886855
vt 0.945991 0.882992
vt 0.946885 0.882685
vt 0.946824 0.882992
vt 0.806169 0.305567
vt 0.807113 0.305625
vt 0.806939 0.305886
vt 0.803716 0.309016
vt 0.803977 0.308842
vt 0.948810 0.884606
vt 0.948810 0.885560
vt 0.944313 0.885499
vt 0.944371 0.886441
vt 0.803977 0.306474
vt 0.803716 0.306300
vt 0.806939 0.309430
vt 0.807113 0.309690
vt 0.946824 0.887173
vt 0.945930 0.887480
vt 0.945221 0.883311
vt 0.945930 0.882685
vt 0.807789 0.306300
vt 0.807528 0.306474
vt 0.941458 0.917295
vt 0.940455 0.918088
vt 0.940448 0.917295
vt 0.914761 0.253563
vt 0.913628 0.253787
vt 0.914441 0.253244
vt 0.913309 0.253018
vt 0.914269 0.252828
vt 0.913309 0.252187
vt 0.914269 0.252377
vt 0.913628 0.251419
vt 0.914441 0.251961
vt 0.914761 0.251642
vt 0.914217 0.250831
vt 0.915178 0.251470
vt 0.914987 0.250512
vt 0.915629 0.251470
vt 0.915820 0.250512
vt 0.916590 0.250831
vt 0.916047 0.251642
vt 0.916366 0.251961
vt 0.917179 0.251419
vt 0.917498 0.252187
vt 0.916539 0.252377
vt 0.917498 0.253018
vt 0.916539 0.252828
vt 0.917179 0.253787
vt 0.916366 0.253244
vt 0.916046 0.253563
vt 0.916590 0.254375
vt 0.915820 0.254693
vt 0.915629 0.253735
vt 0.914987 0.254693
vt 0.915178 0.253735
vt 0.914217 0.254375
vt 0.915404 0.252603
vt 0.940445 0.916360
vt 0.941458 0.915424
vt 0.940448 0.915424
vt 0.940455 0.914631
vt 0.896230 0.945553
vt 0.897241 0.946367
vt 0.896231 0.946367
vt 0.897241 0.944611
vt 0.896230 0.944611
vt 0.897241 0.943684
vt 0.896230 0.943684
vt 0.897241 0.942913
vt 0.896231 0.942913
vt 0.950947 0.890688
vt 0.949948 0.891481
vt 0.949937 0.890688
vt 0.950944 0.889752
vt 0.949933 0.889752
vt 0.950947 0.888817
vt 0.949937 0.888817
vt 0.950958 0.888024
vt 0.949948 0.888024
vt 0.952949 0.945982
vt 0.951939 0.946752
vt 0.951938 0.945982
vt 0.952949 0.945056
vt 0.951938 0.945056
vt 0.952950 0.943299
vt 0.951938 0.944113
vt 0.951939 0.943298
vt 0.952949 0.944113
vt 0.805275 0.305260
vt 0.806230 0.305260
vt 0.947768 0.883050
vt 0.947594 0.883311
vt 0.807847 0.308073
vt 0.808155 0.307181
vt 0.944632 0.883899
vt 0.944371 0.883725
vt 0.947768 0.887115
vt 0.947594 0.886855
vt 0.806169 0.309748
vt 0.805275 0.310055
vt 0.805336 0.305567
vt 0.804392 0.305625
vt 0.948183 0.883899
vt 0.948444 0.883725
vt 0.807847 0.307242
vt 0.945047 0.883050
vt 0.946885 0.887480
vt 0.944632 0.886267
vt 0.806230 0.310055
vt 0.804566 0.305886
vt 0.803658 0.308073
vt 0.948502 0.884667
vt 0.731265 0.309394
vt 0.730321 0.309336
vt 0.730495 0.309076
vt 0.906156 0.911547
vt 0.906098 0.912489
vt 0.905837 0.912315
vt 0.901967 0.910715
vt 0.901659 0.911608
vt 0.901659 0.910654
vt 0.729587 0.306888
vt 0.729280 0.307781
vt 0.729280 0.306827
vt 0.733457 0.308488
vt 0.734084 0.307781
vt 0.733718 0.308662
vt 0.903645 0.913221
vt 0.902701 0.913164
vt 0.902875 0.912903
vt 0.903645 0.909041
vt 0.904539 0.908734
vt 0.904478 0.909041
vt 0.732098 0.305213
vt 0.733042 0.305271
vt 0.732868 0.305532
vt 0.729645 0.308662
vt 0.729906 0.308488
vt 0.906463 0.910654
vt 0.906463 0.911608
vt 0.901967 0.911547
vt 0.902025 0.912489
vt 0.729906 0.306120
vt 0.729645 0.305946
vt 0.732868 0.309076
vt 0.733042 0.309336
vt 0.904478 0.913221
vt 0.903584 0.913528
vt 0.902701 0.909099
vt 0.903584 0.908734
vt 0.733718 0.305946
vt 0.733457 0.306120
vt 0.893172 0.945577
vt 0.892169 0.946370
vt 0.892162 0.945577
vt 0.770102 0.307515
vt 0.768969 0.307739
vt 0.769782 0.307196
vt 0.769610 0.306780
vt 0.768650 0.306970
vt 0.769610 0.306329
vt 0.768650 0.306139
vt 0.768969 0.305371
vt 0.769782 0.305913
vt 0.770102 0.305594
vt 0.769558 0.304782
vt 0.770519 0.305422
vt 0.770328 0.304464
vt 0.771161 0.304464
vt 0.770970 0.305422
vt 0.771931 0.304783
vt 0.771387 0.305594
vt 0.771707 0.305913
vt 0.772520 0.305371
vt 0.772839 0.306139
vt 0.771879 0.306329
vt 0.771879 0.306780
vt 0.772839 0.306970
vt 0.772520 0.307739
vt 0.771707 0.307196
vt 0.771387 0.307515
vt 0.771931 0.308327
vt 0.771161 0.308645
vt 0.770970 0.307687
vt 0.770519 0.307687
vt 0.770328 0.308645
vt 0.769558 0.308327
vt 0.770745 0.306555
vt 0.892159 0.944641
vt 0.893172 0.943706
vt 0.892162 0.943706
vt 0.893179 0.942913
vt 0.892169 0.942913
vt 0.897242 0.945553
vt 0.898253 0.946367
vt 0.897242 0.946367
vt 0.898252 0.944611
vt 0.897241 0.944611
vt 0.898252 0.943684
vt 0.897242 0.943684
vt 0.898253 0.942913
vt 0.897242 0.942913
vt 0.940435 0.917295
vt 0.939435 0.918088
vt 0.939424 0.917295
vt 0.940431 0.916360
vt 0.939421 0.916360
vt 0.940435 0.915424
vt 0.939424 0.915424
vt 0.940445 0.914631
vt 0.939435 0.914631
vt 0.900336 0.945597
vt 0.899326 0.946367
vt 0.899325 0.945597
vt 0.900335 0.944670
vt 0.899325 0.944670
vt 0.900336 0.942913
vt 0.899325 0.943728
vt 0.899326 0.942913
vt 0.900336 0.943728
vt 0.731204 0.304906
vt 0.732160 0.304906
vt 0.905422 0.909099
vt 0.905248 0.909359
vt 0.733776 0.307719
vt 0.734084 0.306827
vt 0.902286 0.909947
vt 0.902025 0.909773
vt 0.905422 0.913164
vt 0.905248 0.912903
vt 0.732098 0.309394
vt 0.731204 0.309701
vt 0.731265 0.305213
vt 0.730321 0.305271
vt 0.905837 0.909947
vt 0.906098 0.909773
vt 0.733776 0.306888
vt 0.902875 0.909359
vt 0.904539 0.913528
vt 0.902286 0.912315
vt 0.732160 0.309701
vt 0.730495 0.305532
vt 0.729587 0.307719
vt 0.906156 0.910715
vt 0.852921 0.246258
vt 0.851613 0.236320
vt 0.851613 0.259746
vt 0.851613 0.245502
vt 0.846766 0.236320
vt 0.845419 0.232049
vt 0.845419 0.246258
vt 0.846766 0.245502
vt 0.846766 0.259746
vt 0.845419 0.259746
vt 0.849439 0.236073
vt 0.885670 0.231361
vt 0.885670 0.240543
vt 0.845170 0.231232
vt 0.885357 0.245964
vt 0.885051 0.259338
vt 0.885051 0.245850
vt 0.728463 0.308618
vt 0.729265 0.310776
vt 0.728727 0.310930
vt 0.885051 0.231641
vt 0.885357 0.230824
vt 0.729265 0.305938
vt 0.729017 0.308606
vt 0.742773 0.936635
vt 0.742079 0.936635
vt 0.900363 0.891863
vt 0.900117 0.892108
vt 0.900117 0.891863
vt 0.894151 0.885678
vt 0.894397 0.879766
vt 0.894397 0.885678
vt 0.894151 0.885923
vt 0.894397 0.885923
vt 0.879720 0.956741
vt 0.879474 0.956496
vt 0.879720 0.956496
vt 0.891244 0.945585
vt 0.891490 0.945166
vt 0.891490 0.945585
vt 0.894151 0.886169
vt 0.894397 0.885923
vt 0.894397 0.886169
vt 0.893730 0.885923
vt 0.893508 0.885678
vt 0.893730 0.885678
vt 0.894151 0.885923
vt 0.879474 0.957161
vt 0.879474 0.956741
vt 0.858023 0.961673
vt 0.858269 0.961254
vt 0.858269 0.961673
vt 0.893730 0.886169
vt 0.893508 0.885923
vt 0.900609 0.876251
vt 0.900363 0.882163
vt 0.900363 0.876251
vt 0.879720 0.957161
vt 0.879474 0.957382
vt 0.893087 0.885923
vt 0.892889 0.885678
vt 0.893087 0.885678
vt 0.879720 0.957382
vt 0.879474 0.957802
vt 0.893508 0.885923
vt 0.893508 0.886169
vt 0.891235 0.959170
vt 0.891481 0.958672
vt 0.891481 0.959170
vt 0.893087 0.886169
vt 0.892889 0.885923
vt 0.900870 0.911142
vt 0.900624 0.917054
vt 0.900624 0.911142
vt 0.879720 0.957802
vt 0.879474 0.958000
vt 0.879720 0.958498
vt 0.879474 0.958698
vt 0.879474 0.958498
vt 0.879720 0.958000
vt 0.892889 0.885923
vt 0.892389 0.885678
vt 0.892889 0.886169
vt 0.892389 0.885923
vt 0.892189 0.885923
vt 0.891769 0.885678
vt 0.892189 0.885678
vt 0.892389 0.886169
vt 0.900871 0.943130
vt 0.900625 0.949041
vt 0.900625 0.943130
vt 0.900375 0.936388
vt 0.900621 0.930477
vt 0.900621 0.936388
vt 0.892189 0.886169
vt 0.891769 0.885923
vt 0.891481 0.958593
vt 0.891727 0.958174
vt 0.891727 0.958593
vt 0.879720 0.958698
vt 0.879474 0.959117
vt 0.892189 0.892080
vt 0.879720 0.959117
vt 0.879474 0.959328
vt 0.891557 0.885678
vt 0.891769 0.886169
vt 0.891557 0.885923
vt 0.900363 0.867480
vt 0.900117 0.873637
vt 0.900117 0.867480
vt 0.900867 0.930477
vt 0.900867 0.936388
vt 0.900720 0.888686
vt 0.900475 0.894598
vt 0.900475 0.888686
vt 0.874876 0.941210
vt 0.900854 0.876251
vt 0.900609 0.882163
vt 0.893730 0.879766
vt 0.893508 0.892080
vt 0.893087 0.879766
vt 0.894151 0.892080
vt 0.892889 0.892080
vt 0.891769 0.879766
vt 0.900472 0.957485
vt 0.900718 0.963396
vt 0.900472 0.963396
vt 0.901947 0.927633
vt 0.902124 0.922400
vt 0.902124 0.927633
vt 0.891557 0.892080
vt 0.891557 0.886169
vt 0.900363 0.885951
vt 0.921058 0.164509
vt 0.923071 0.171270
vt 0.921058 0.171819
vt 0.951860 0.921396
vt 0.954912 0.919364
vt 0.954911 0.921396
vt 0.920239 0.940430
vt 0.920522 0.934311
vt 0.920522 0.940425
vt 0.951860 0.923380
vt 0.948809 0.921355
vt 0.951860 0.921355
vt 0.885252 0.918260
vt 0.882202 0.911398
vt 0.885252 0.911398
vt 0.888303 0.911398
vt 0.888303 0.918260
vt 0.455028 0.488512
vt 0.456766 0.494625
vt 0.455028 0.495110
vt 0.900403 0.932918
vt 0.898387 0.933322
vt 0.898389 0.932369
vt 0.896376 0.946540
vt 0.898387 0.946282
vt 0.898389 0.946957
vt 0.914138 0.940430
vt 0.913853 0.946448
vt 0.913853 0.940425
vt 0.913853 0.934311
vt 0.914138 0.933568
vt 0.456766 0.482489
vt 0.455028 0.482150
vt 0.888303 0.925020
vt 0.882202 0.925020
vt 0.885252 0.925020
vt 0.920522 0.946448
vt 0.920239 0.947191
vt 0.923071 0.157648
vt 0.921058 0.157231
vt 0.919044 0.157648
vt 0.919044 0.164509
vt 0.453290 0.482489
vt 0.453290 0.488512
vt 0.900403 0.946540
vt 0.900125 0.945797
vt 0.896376 0.932918
vt 0.896649 0.933660
vt 0.453290 0.494625
vt 0.948809 0.919364
vt 0.951860 0.919364
vt 0.951861 0.923380
vt 0.954912 0.923380
vt 0.919044 0.171270
vt 0.892425 0.197436
vt 0.895228 0.197436
vt 0.895668 0.205432
vt 0.895228 0.205432
vt 0.891985 0.205432
vt 0.891985 0.192059
vt 0.752109 0.934501
vt 0.754912 0.926505
vt 0.754912 0.934501
vt 0.924652 0.156185
vt 0.925333 0.164182
vt 0.924652 0.164182
vt 0.729144 0.313725
vt 0.728463 0.310930
vt 0.729144 0.310930
vt 0.873549 0.924202
vt 0.871883 0.939627
vt 0.871883 0.924202
vt 0.871883 0.910828
vt 0.989168 0.962997
vt 0.989967 0.966347
vt 0.989915 0.966404
vt 0.965114 0.929729
vt 0.965191 0.944327
vt 0.965114 0.944327
vt 0.965505 0.905642
vt 0.964872 0.905642
vt 0.822396 0.882388
vt 0.822396 0.881755
vt 0.852434 0.924627
vt 0.853061 0.938962
vt 0.852434 0.938962
vt 0.852434 0.951568
vt 0.853062 0.952336
vt 0.849596 0.951568
vt 0.849260 0.952336
vt 0.849596 0.924365
vt 0.853061 0.923915
vt 0.965114 0.956932
vt 0.964363 0.944327
vt 0.964363 0.928901
vt 0.897093 0.911066
vt 0.900263 0.898461
vt 0.900263 0.911066
vt 0.897093 0.898461
vt 0.900263 0.884125
vt 0.906982 0.934960
vt 0.908164 0.947566
vt 0.906982 0.947566
vt 0.965191 0.956932
vt 0.909815 0.908466
vt 0.910612 0.905125
vt 0.910612 0.909336
vt 0.908164 0.961901
vt 0.906982 0.961901
vt 0.952175 0.919883
vt 0.951572 0.919520
vt 0.952175 0.919520
vt 0.740152 0.312863
vt 0.740426 0.311626
vt 0.740781 0.313044
vt 0.940255 0.905966
vt 0.940189 0.905399
vt 0.940255 0.905337
vt 0.843499 0.948152
vt 0.842896 0.947429
vt 0.843499 0.947429
vt 0.919866 0.952824
vt 0.920469 0.953546
vt 0.919866 0.953546
vt 0.952163 0.904815
vt 0.952528 0.904213
vt 0.952528 0.904815
vt 0.842896 0.948951
vt 0.842896 0.948152
vt 0.920469 0.954346
vt 0.919866 0.954346
vt 0.739674 0.310476
vt 0.740181 0.310051
vt 0.952299 0.919527
vt 0.842772 0.947529
vt 0.842772 0.948153
vt 0.958858 0.945854
vt 0.958527 0.946482
vt 0.958761 0.945757
vt 0.952522 0.904090
vt 0.952890 0.904213
vt 0.842772 0.948857
vt 0.958858 0.947184
vt 0.958655 0.946482
vt 0.952163 0.904213
vt 0.952259 0.904090
vt 0.952175 0.919158
vt 0.952299 0.919262
vt 0.740813 0.310249
vt 0.741291 0.311453
vt 0.952890 0.904815
vt 0.947452 0.903242
vt 0.947728 0.903152
vt 0.947465 0.903306
vt 0.741291 0.312636
vt 0.951572 0.919158
vt 0.940255 0.910021
vt 0.940189 0.909387
vt 0.940255 0.909324
vt 0.897807 0.233837
vt 0.897389 0.234101
vt 0.897547 0.232814
vt 0.897056 0.233736
vt 0.896898 0.232689
vt 0.897729 0.231580
vt 0.898069 0.231929
vt 0.897308 0.231826
vt 0.898128 0.232853
vt 0.940189 0.910591
vt 0.940189 0.910019
vt 0.947797 0.904629
vt 0.947515 0.904728
vt 0.947777 0.904563
vt 0.947977 0.903313
vt 0.947743 0.903072
vt 0.940189 0.906603
vt 0.940189 0.905968
vt 0.947278 0.904560
vt 0.947508 0.904812
vt 0.876604 0.915098
vt 0.875640 0.914518
vt 0.876604 0.914518
vt 0.818195 0.312752
vt 0.818468 0.311515
vt 0.818824 0.312933
vt 0.887624 0.942882
vt 0.887728 0.943788
vt 0.887624 0.943887
vt 0.903702 0.943668
vt 0.904667 0.944823
vt 0.903702 0.944823
vt 0.862531 0.930020
vt 0.863496 0.931175
vt 0.862531 0.931175
vt 0.875640 0.916259
vt 0.876223 0.915296
vt 0.876223 0.916259
vt 0.904667 0.942389
vt 0.904667 0.943668
vt 0.863496 0.932454
vt 0.862531 0.932454
vt 0.817717 0.310365
vt 0.818224 0.309940
vt 0.876802 0.914528
vt 0.904865 0.944664
vt 0.904865 0.943666
vt 0.854848 0.919917
vt 0.854319 0.920920
vt 0.854694 0.919761
vt 0.876213 0.915098
vt 0.876802 0.915296
vt 0.904865 0.942539
vt 0.854848 0.922043
vt 0.854524 0.920920
vt 0.875640 0.915296
vt 0.875792 0.915098
vt 0.876604 0.913938
vt 0.876802 0.914105
vt 0.818856 0.310138
vt 0.819334 0.311342
vt 0.876802 0.916259
vt 0.898012 0.942661
vt 0.898452 0.942518
vt 0.898032 0.942764
vt 0.819334 0.312525
vt 0.875640 0.913938
vt 0.887624 0.955525
vt 0.887728 0.956538
vt 0.887624 0.956640
vt 0.896577 0.233837
vt 0.896159 0.234101
vt 0.896317 0.232814
vt 0.895826 0.233736
vt 0.895668 0.232689
vt 0.896499 0.231580
vt 0.896839 0.231929
vt 0.896079 0.231826
vt 0.896898 0.232853
vt 0.887728 0.954613
vt 0.887728 0.955528
vt 0.898562 0.944880
vt 0.898112 0.945038
vt 0.898530 0.944774
vt 0.898851 0.942774
vt 0.898476 0.942389
vt 0.887728 0.941863
vt 0.887728 0.942878
vt 0.897732 0.944769
vt 0.898100 0.945172
vt 0.917987 0.959984
vt 0.918553 0.958072
vt 0.918553 0.959984
vt 0.917966 0.960551
vt 0.955652 0.940457
vt 0.955085 0.939891
vt 0.955652 0.939892
vt 0.965429 0.921842
vt 0.965976 0.922410
vt 0.965409 0.922410
vt 0.919163 0.958279
vt 0.919252 0.957713
vt 0.919730 0.958279
vt 0.917488 0.958127
vt 0.917399 0.957562
vt 0.917966 0.957562
vt 0.917488 0.960038
vt 0.917399 0.960550
vt 0.916921 0.960038
vt 0.965976 0.924321
vt 0.965409 0.924321
vt 0.916921 0.958127
vt 0.919163 0.960190
vt 0.955096 0.925097
vt 0.955663 0.924531
vt 0.955663 0.925097
vt 0.919252 0.960702
vt 0.918685 0.960702
vt 0.918533 0.957562
vt 0.965429 0.924831
vt 0.963882 0.870161
vt 0.963198 0.868796
vt 0.963882 0.868795
vt 0.960689 0.864869
vt 0.961243 0.865551
vt 0.960390 0.865552
vt 0.265604 0.928014
vt 0.262210 0.936459
vt 0.262210 0.928014
vt 0.888254 0.959491
vt 0.888812 0.958041
vt 0.888809 0.959491
vt 0.849307 0.958038
vt 0.848747 0.959404
vt 0.848752 0.958038
vt 0.888812 0.960857
vt 0.959660 0.908388
vt 0.959105 0.909070
vt 0.958807 0.908388
vt 0.265582 0.945580
vt 0.262210 0.945580
vt 0.964566 0.871612
vt 0.963882 0.871611
vt 0.849307 0.960855
vt 0.848752 0.960855
vt 0.963198 0.871612
vt 0.962946 0.870162
vt 0.258874 0.945580
vt 0.257453 0.936471
vt 0.959105 0.907706
vt 0.959660 0.907705
vt 0.258853 0.928014
vt 0.941198 0.943690
vt 0.941483 0.942504
vt 0.941483 0.943693
vt 0.964566 0.868796
vt 0.964792 0.870162
vt 0.960639 0.865714
vt 0.960689 0.866234
vt 0.961080 0.866071
vt 0.960795 0.866071
vt 0.961080 0.865714
vt 0.961243 0.866234
vt 0.913875 0.943832
vt 0.914233 0.944116
vt 0.913875 0.944116
vt 0.955085 0.941083
vt 0.954645 0.939891
vt 0.955085 0.939894
vt 0.952740 0.955000
vt 0.952415 0.956160
vt 0.952415 0.954850
vt 0.960838 0.909016
vt 0.960513 0.907855
vt 0.960838 0.907705
vt 0.885054 0.957404
vt 0.885473 0.957092
vt 0.885473 0.957404
vt 0.884562 0.958458
vt 0.884788 0.957092
vt 0.885896 0.957404
vt 0.886408 0.958458
vt 0.886090 0.958460
vt 0.885057 0.959596
vt 0.885473 0.959908
vt 0.884788 0.959908
vt 0.885894 0.959596
vt 0.886157 0.959908
vt 0.884879 0.958459
vt 0.886157 0.957092
vt 0.885473 0.959596
vt 0.838959 0.309881
vt 0.838082 0.312841
vt 0.838082 0.309881
vt 0.838114 0.309002
vt 0.838991 0.309002
vt 0.906864 0.233079
vt 0.905986 0.233956
vt 0.905986 0.233079
vt 0.853012 0.309549
vt 0.852105 0.310429
vt 0.852135 0.309548
vt 0.752955 0.310498
vt 0.753091 0.309622
vt 0.753833 0.310498
vt 0.845256 0.313066
vt 0.845393 0.313943
vt 0.844515 0.313943
vt 0.845256 0.310106
vt 0.845393 0.309313
vt 0.846134 0.310106
vt 0.852982 0.313389
vt 0.852105 0.313389
vt 0.846134 0.313066
vt 0.752955 0.313458
vt 0.906885 0.258058
vt 0.907763 0.257182
vt 0.907763 0.258058
vt 0.753091 0.314251
vt 0.752213 0.314251
vt 0.838959 0.312841
vt 0.838114 0.313632
vt 0.852135 0.314178
vt 0.825157 0.148774
vt 0.825158 0.171190
vt 0.809805 0.171235
vt 0.809201 0.160973
vt 0.809805 0.161329
vt 0.816729 0.155211
vt 0.817094 0.155755
vt 0.816729 0.171888
vt 0.816727 0.171213
vt 0.809201 0.171913
vt 0.246809 0.931457
vt 0.239887 0.921574
vt 0.247176 0.915999
vt 0.255239 0.931434
vt 0.255239 0.909018
vt 0.840470 0.284761
vt 0.840851 0.307172
vt 0.840470 0.307175
vt 0.869012 0.273018
vt 0.869165 0.280760
vt 0.868736 0.280760
vt 0.869012 0.289904
vt 0.869441 0.289905
vt 0.903280 0.229073
vt 0.903660 0.219165
vt 0.903660 0.229069
vt 0.825070 0.172637
vt 0.825780 0.196407
vt 0.825070 0.196408
vt 0.809890 0.172682
vt 0.809201 0.184515
vt 0.825070 0.197398
vt 0.809891 0.185197
vt 0.809891 0.184514
vt 0.816730 0.172659
vt 0.817142 0.191588
vt 0.809201 0.185572
vt 0.291352 0.930203
vt 0.284512 0.942058
vt 0.284513 0.924256
vt 0.902680 0.271317
vt 0.895842 0.266053
vt 0.895429 0.264927
vt 0.887501 0.260106
vt 0.887501 0.259116
vt 0.276173 0.942081
vt 0.276173 0.918310
vt 0.926125 0.304400
vt 0.925797 0.305393
vt 0.903280 0.231678
vt 0.902952 0.219851
vt 0.903280 0.219848
vt 0.925249 0.209116
vt 0.925618 0.209117
vt 0.902952 0.219168
vt 0.903280 0.219165
vt 0.936144 0.885869
vt 0.936944 0.885563
vt 0.936944 0.885869
vt 0.934738 0.893775
vt 0.933930 0.894081
vt 0.933939 0.893775
vt 0.884414 0.949594
vt 0.883360 0.949124
vt 0.884414 0.949124
vt 0.932785 0.894568
vt 0.933027 0.893931
vt 0.933309 0.894352
vt 0.936144 0.886592
vt 0.936944 0.886231
vt 0.936944 0.886592
vt 0.884414 0.951175
vt 0.883360 0.950704
vt 0.884414 0.950704
vt 0.936144 0.886899
vt 0.936944 0.886899
vt 0.920774 0.947603
vt 0.921823 0.948158
vt 0.920770 0.948158
vt 0.931694 0.891940
vt 0.932317 0.892219
vt 0.931976 0.892360
vt 0.870174 0.950576
vt 0.869382 0.950882
vt 0.869374 0.950576
vt 0.935986 0.926338
vt 0.934931 0.925783
vt 0.935985 0.925783
vt 0.870171 0.950215
vt 0.869371 0.950215
vt 0.904212 0.939083
vt 0.905279 0.939554
vt 0.904226 0.939554
vt 0.933927 0.892863
vt 0.933430 0.893330
vt 0.933430 0.892961
vt 0.870174 0.949853
vt 0.869374 0.949853
vt 0.904226 0.937503
vt 0.905265 0.937973
vt 0.904212 0.937973
vt 0.931076 0.893429
vt 0.931573 0.892961
vt 0.931573 0.893330
vt 0.870182 0.949546
vt 0.869382 0.949546
vt 0.883360 0.950149
vt 0.884414 0.950149
vt 0.870994 0.949853
vt 0.871794 0.949546
vt 0.871795 0.949853
vt 0.921827 0.948713
vt 0.920774 0.948713
vt 0.870995 0.950214
vt 0.871795 0.950214
vt 0.934929 0.925312
vt 0.935983 0.925312
vt 0.931694 0.894352
vt 0.932317 0.894072
vt 0.932218 0.894568
vt 0.870994 0.950576
vt 0.871795 0.950576
vt 0.935983 0.927364
vt 0.934931 0.926893
vt 0.935985 0.926893
vt 0.870993 0.950882
vt 0.871794 0.950882
vt 0.883360 0.949594
vt 0.934730 0.894804
vt 0.933939 0.895111
vt 0.933930 0.894804
vt 0.921840 0.949183
vt 0.920787 0.949183
vt 0.933309 0.891940
vt 0.932686 0.892219
vt 0.932785 0.891723
vt 0.934726 0.894442
vt 0.933927 0.894442
vt 0.920787 0.947132
vt 0.921827 0.947603
vt 0.933288 0.893671
vt 0.933710 0.893952
vt 0.934932 0.926338
vt 0.416742 0.484886
vt 0.416095 0.487296
vt 0.416095 0.484903
vt 0.931293 0.892340
vt 0.931714 0.892621
vt 0.936144 0.886231
vt 0.902025 0.945618
vt 0.902905 0.945347
vt 0.902777 0.945618
vt 0.934730 0.894081
vt 0.931293 0.893952
vt 0.931976 0.893931
vt 0.933288 0.892621
vt 0.933027 0.892360
vt 0.932218 0.891723
vt 0.931076 0.892863
vt 0.933927 0.893429
vt 0.932686 0.894072
vt 0.931714 0.893671
vt 0.933710 0.892340
vt 0.929971 0.927847
vt 0.929385 0.927941
vt 0.929562 0.927677
vt 0.929248 0.927365
vt 0.928984 0.927541
vt 0.928767 0.927018
vt 0.929079 0.926956
vt 0.928767 0.926452
vt 0.929079 0.926514
vt 0.929248 0.926105
vt 0.928984 0.925929
vt 0.929562 0.925792
vt 0.929385 0.925529
vt 0.929909 0.925312
vt 0.929971 0.925623
vt 0.930414 0.925623
vt 0.930476 0.925312
vt 0.931000 0.925529
vt 0.930824 0.925792
vt 0.931137 0.926105
vt 0.931401 0.925929
vt 0.931618 0.926452
vt 0.931307 0.926514
vt 0.931618 0.927018
vt 0.931307 0.926956
vt 0.931401 0.927541
vt 0.931137 0.927365
vt 0.931000 0.927941
vt 0.930824 0.927677
vt 0.930476 0.928158
vt 0.930414 0.927847
vt 0.929909 0.928158
vt 0.426946 0.473933
vt 0.427710 0.474378
vt 0.427039 0.474379
vt 0.418270 0.484873
vt 0.418918 0.482463
vt 0.418918 0.484855
vt 0.417506 0.484880
vt 0.416742 0.487278
vt 0.416742 0.484873
vt 0.417506 0.482488
vt 0.418270 0.482481
vt 0.418270 0.487278
vt 0.417506 0.487272
vt 0.416095 0.484855
vt 0.416742 0.482481
vt 0.418918 0.484903
vt 0.418270 0.484886
vt 0.423962 0.489640
vt 0.424610 0.487246
vt 0.424610 0.489640
vt 0.426946 0.471539
vt 0.426299 0.473936
vt 0.426299 0.471541
vt 0.423198 0.489640
vt 0.423962 0.487246
vt 0.427710 0.471538
vt 0.422434 0.489640
vt 0.423198 0.487245
vt 0.428474 0.473933
vt 0.427710 0.473932
vt 0.421786 0.489640
vt 0.422434 0.487246
vt 0.428474 0.471539
vt 0.429122 0.473936
vt 0.423198 0.486801
vt 0.421957 0.486802
vt 0.422526 0.486801
vt 0.428382 0.474379
vt 0.416835 0.487731
vt 0.416265 0.487747
vt 0.418748 0.482012
vt 0.417506 0.487726
vt 0.416835 0.482028
vt 0.417506 0.482034
vt 0.418178 0.482028
vt 0.416095 0.482463
vt 0.418918 0.487296
vt 0.418178 0.487731
vt 0.423870 0.486801
vt 0.424439 0.486802
vt 0.426469 0.474381
vt 0.904362 0.938935
vt 0.905265 0.939083
vt 0.905113 0.938121
vt 0.905261 0.938528
vt 0.905110 0.938528
vt 0.904208 0.938528
vt 0.904359 0.938528
vt 0.904362 0.938121
vt 0.905113 0.938935
vt 0.905161 0.931290
vt 0.904756 0.931573
vt 0.904753 0.931302
vt 0.904345 0.931290
vt 0.904208 0.931561
vt 0.904754 0.927533
vt 0.905162 0.923939
vt 0.905162 0.927614
vt 0.858397 0.946602
vt 0.859149 0.942926
vt 0.859149 0.946602
vt 0.904753 0.927695
vt 0.902025 0.949293
vt 0.902777 0.949293
vt 0.904346 0.923939
vt 0.904754 0.923927
vt 0.904345 0.927614
vt 0.904756 0.931674
vt 0.904309 0.931664
vt 0.904756 0.923656
vt 0.904208 0.922670
vt 0.904756 0.922670
vt 0.901895 0.945347
vt 0.902905 0.944349
vt 0.858268 0.942655
vt 0.859278 0.941658
vt 0.859278 0.942655
vt 0.905304 0.922670
vt 0.905304 0.923668
vt 0.921212 0.231392
vt 0.921503 0.218044
vt 0.921501 0.231392
vt 0.906115 0.133305
vt 0.905591 0.146620
vt 0.905155 0.146620
vt 0.924974 0.192436
vt 0.924124 0.202706
vt 0.924391 0.192417
vt 0.921936 0.243671
vt 0.922225 0.243671
vt 0.907923 0.120972
vt 0.906550 0.133305
vt 0.901690 0.134688
vt 0.905155 0.133920
vt 0.904527 0.134688
vt 0.735769 0.311749
vt 0.736566 0.315090
vt 0.736513 0.315147
vt 0.904756 0.933544
vt 0.905304 0.932558
vt 0.905304 0.933556
vt 0.736719 0.272191
vt 0.743328 0.276998
vt 0.735962 0.272888
vt 0.751347 0.279710
vt 0.751424 0.267435
vt 0.752213 0.281218
vt 0.750614 0.254062
vt 0.750627 0.267377
vt 0.735578 0.254062
vt 0.734918 0.261629
vt 0.734757 0.254062
vt 0.735740 0.261628
vt 0.743527 0.275995
vt 0.278745 0.901542
vt 0.285352 0.893883
vt 0.285553 0.905345
vt 0.277765 0.890978
vt 0.285352 0.883412
vt 0.292640 0.883412
vt 0.292652 0.896728
vt 0.293372 0.909061
vt 0.924708 0.202725
vt 0.924391 0.211206
vt 0.920360 0.157231
vt 0.920783 0.157231
vt 0.898940 0.153274
vt 0.886636 0.154538
vt 0.891310 0.134326
vt 0.896244 0.143667
vt 0.895158 0.144009
vt 0.873262 0.135606
vt 0.880863 0.135619
vt 0.873262 0.154547
vt 0.249376 0.893862
vt 0.260148 0.901404
vt 0.250446 0.905244
vt 0.249365 0.883391
vt 0.258853 0.890978
vt 0.239887 0.883391
vt 0.239896 0.896739
vt 0.241163 0.909018
vt 0.886412 0.312376
vt 0.886780 0.312378
vt 0.835720 0.277976
vt 0.835432 0.277976
vt 0.855681 0.287886
vt 0.854020 0.288573
vt 0.853163 0.284267
vt 0.857733 0.290953
vt 0.856462 0.292223
vt 0.860804 0.293003
vt 0.860116 0.294662
vt 0.864426 0.293723
vt 0.864426 0.295518
vt 0.866973 0.293217
vt 0.868736 0.294662
vt 0.864426 0.274813
vt 0.864426 0.273018
vt 0.868736 0.273874
vt 0.860804 0.275533
vt 0.860116 0.273874
vt 0.857733 0.277582
vt 0.856462 0.276313
vt 0.855681 0.280649
vt 0.854020 0.279962
vt 0.854960 0.284268
vt 0.775716 0.288672
vt 0.774068 0.289354
vt 0.773211 0.285049
vt 0.777771 0.291744
vt 0.776510 0.293004
vt 0.780846 0.293797
vt 0.780164 0.295443
vt 0.784474 0.294518
vt 0.784474 0.296300
vt 0.787034 0.294009
vt 0.788784 0.295444
vt 0.784474 0.275582
vt 0.784474 0.273799
vt 0.788784 0.274656
vt 0.780847 0.276302
vt 0.780164 0.274656
vt 0.777771 0.278354
vt 0.776510 0.277094
vt 0.775716 0.281426
vt 0.774068 0.280744
vt 0.774995 0.285049
vt 0.451407 0.463304
vt 0.451299 0.462761
vt 0.451984 0.462761
vt 0.451876 0.463304
vt 0.452617 0.463023
vt 0.452309 0.463483
vt 0.453101 0.463506
vt 0.452640 0.463813
vt 0.453363 0.464138
vt 0.452820 0.464246
vt 0.453363 0.464821
vt 0.452819 0.464713
vt 0.453101 0.465453
vt 0.452640 0.465145
vt 0.452617 0.465936
vt 0.452309 0.465476
vt 0.451984 0.466198
vt 0.451876 0.465655
vt 0.451299 0.466198
vt 0.451407 0.465655
vt 0.450666 0.465936
vt 0.450974 0.465476
vt 0.450182 0.465453
vt 0.450643 0.465145
vt 0.449920 0.464821
vt 0.450464 0.464713
vt 0.449920 0.464138
vt 0.450464 0.464245
vt 0.450182 0.463506
vt 0.450643 0.463813
vt 0.450666 0.463023
vt 0.450974 0.463483
vt 0.905202 0.931664
vt 0.905202 0.932457
vt 0.904208 0.932558
vt 0.905304 0.931561
vt 0.904309 0.932457
vt 0.904756 0.932457
vt 0.714496 0.191395
vt 0.373371 0.606427
vt 0.939414 0.933807
vt 0.880844 0.105123
vt 0.828930 0.230674
vt 0.919047 0.139101
vt 0.714496 0.213173
vt 0.714496 0.133257
vt 0.734126 0.278159
vt 0.485700 0.078600
vt 0.265683 0.118342
vt 0.265527 0.079492
vt 0.714496 0.111239
vt 0.488319 0.117755
vt 0.265857 0.154742
vt 0.265367 0.039168
vt 0.827854 0.878865
vt 0.885051 0.230824
vt 0.486968 0.646146
vt 0.390719 0.669110
vt 0.914965 0.259116
vt 0.386219 0.672569
vt 0.903661 0.208268
vt 0.373371 0.686286
vt 0.373371 0.646472
vt 0.255205 0.894874
vt 0.430088 0.643848
vt 0.079911 0.120755
vt 0.091493 0.080437
vt 0.091639 0.039825
vt 0.400979 0.683831
vt 0.593964 0.078262
vt 0.486007 0.038240
vt 0.595697 0.037787
vt 0.492338 0.153691
vt 0.603903 0.118364
vt 0.619445 0.152921
vt 0.734757 0.307279
vt 0.414023 0.619217
vt 0.876470 0.286550
vt 0.902008 0.347490
vt 0.421221 0.654395
vt 0.423314 0.667410
vt 0.426963 0.666933
vt 0.279233 0.949756
vt 0.438362 0.638415
vt 0.918795 0.169234
vt 0.876299 0.271735
vt 0.879803 0.259338
vt 0.423483 0.652594
vt 0.257899 0.933949
vt 0.448286 0.684139
vt 0.886870 0.301065
vt 0.943053 0.886561
vt 0.853163 0.231232
vt 0.909347 0.929081
vt 0.924652 0.133268
vt 0.842178 0.231605
vt 0.942261 0.933357
vt 0.699518 0.934855
vt 0.698512 0.931392
vt 0.742773 0.934707
vt 0.941456 0.916360
vt 0.941465 0.914631
vt 0.897241 0.945553
vt 0.893170 0.944641
vt 0.898252 0.945553
vt 0.940445 0.918088
vt 0.852921 0.259746
vt 0.885357 0.259338
vt 0.728727 0.305775
vt 0.900718 0.957485
vt 0.923071 0.164509
vt 0.951861 0.919364
vt 0.920239 0.933568
vt 0.948809 0.923380
vt 0.882202 0.918260
vt 0.456766 0.488512
vt 0.914138 0.947191
vt 0.892425 0.205432
vt 0.925333 0.156185
vt 0.873549 0.910828
vt 0.965191 0.929729
vt 0.908164 0.934960
vt 0.910559 0.905068
vt 0.926668 0.934185
vt 0.926647 0.935162
vt 0.926749 0.935155
vt 0.954169 0.928199
vt 0.954062 0.929172
vt 0.954165 0.929173
vt 0.953941 0.928197
vt 0.954079 0.928197
vt 0.953803 0.928197
vt 0.953941 0.929171
vt 0.953685 0.928199
vt 0.953819 0.929172
vt 0.921599 0.944453
vt 0.921586 0.943476
vt 0.921486 0.944445
vt 0.921736 0.944463
vt 0.921686 0.943483
vt 0.921875 0.944473
vt 0.921806 0.943492
vt 0.921995 0.944481
vt 0.921928 0.943500
vt 0.954169 0.924065
vt 0.954035 0.925038
vt 0.954138 0.925039
vt 0.953914 0.924063
vt 0.954052 0.924064
vt 0.953793 0.925038
vt 0.953914 0.925037
vt 0.953685 0.924065
vt 0.953776 0.924064
vt 0.954009 0.925718
vt 0.901102 0.940691
vt 0.901256 0.941656
vt 0.901218 0.940682
vt 0.921759 0.945284
vt 0.926743 0.935837
vt 0.953194 0.937742
vt 0.953123 0.938480
vt 0.953194 0.938480
vt 0.921763 0.942808
vt 0.954036 0.929852
vt 0.953914 0.925717
vt 0.953819 0.925718
vt 0.921857 0.942814
vt 0.953941 0.929852
vt 0.953739 0.925718
vt 0.953690 0.925039
vt 0.922033 0.943508
vt 0.921952 0.942821
vt 0.953716 0.929173
vt 0.953846 0.929852
vt 0.901154 0.941663
vt 0.901257 0.942337
vt 0.952243 0.905509
vt 0.952173 0.905567
vt 0.952243 0.905553
vt 0.952148 0.905509
vt 0.952113 0.905607
vt 0.952014 0.905642
vt 0.952073 0.905667
vt 0.951996 0.905737
vt 0.952059 0.905737
vt 0.952014 0.905832
vt 0.952073 0.905807
vt 0.952068 0.905912
vt 0.952113 0.905867
vt 0.952148 0.905965
vt 0.952173 0.905907
vt 0.952243 0.905984
vt 0.952243 0.905921
vt 0.952314 0.905907
vt 0.952338 0.905965
vt 0.952373 0.905867
vt 0.952418 0.905912
vt 0.952413 0.905807
vt 0.952472 0.905832
vt 0.952427 0.905737
vt 0.952491 0.905737
vt 0.952413 0.905667
vt 0.952472 0.905642
vt 0.952373 0.905607
vt 0.952338 0.905509
vt 0.952314 0.905567
vt 0.933173 0.947311
vt 0.933233 0.948049
vt 0.933233 0.947311
vt 0.953253 0.937741
vt 0.953253 0.938479
vt 0.934412 0.948049
vt 0.934474 0.947311
vt 0.934412 0.947311
vt 0.933752 0.947311
vt 0.933693 0.948049
vt 0.933752 0.948049
vt 0.934341 0.948049
vt 0.934341 0.947311
vt 0.933892 0.948049
vt 0.933821 0.947311
vt 0.933821 0.948049
vt 0.934272 0.947311
vt 0.933954 0.948049
vt 0.933892 0.947311
vt 0.934214 0.947311
vt 0.934272 0.948049
vt 0.933374 0.947311
vt 0.933433 0.948049
vt 0.933433 0.947311
vt 0.953053 0.937742
vt 0.952993 0.938479
vt 0.953053 0.938480
vt 0.933303 0.947311
vt 0.933374 0.948049
vt 0.953123 0.937742
vt 0.933303 0.948049
vt 0.953840 0.927382
vt 0.926627 0.933369
vt 0.926737 0.931688
vt 0.926543 0.933374
vt 0.954042 0.927382
vt 0.953941 0.925718
vt 0.953941 0.927381
vt 0.953840 0.925719
vt 0.953754 0.927383
vt 0.921662 0.946950
vt 0.921558 0.945270
vt 0.921475 0.945264
vt 0.954015 0.923248
vt 0.953914 0.923248
vt 0.921658 0.945277
vt 0.901070 0.939874
vt 0.921847 0.945290
vt 0.953813 0.923248
vt 0.954127 0.927383
vt 0.954042 0.925719
vt 0.921845 0.946963
vt 0.901170 0.938193
vt 0.900983 0.939880
vt 0.921745 0.946956
vt 0.926551 0.934193
vt 0.895823 0.947395
vt 0.895823 0.946903
vt 0.895559 0.947167
vt 0.921947 0.946970
vt 0.954101 0.921575
vt 0.954101 0.923249
vt 0.954015 0.921575
vt 0.953813 0.921575
vt 0.953727 0.921575
vt 0.953727 0.923249
vt 0.903878 0.257762
vt 0.904842 0.258342
vt 0.904842 0.257762
vt 0.885670 0.235174
vt 0.885775 0.236080
vt 0.885775 0.235075
vt 0.730046 0.302403
vt 0.731011 0.303558
vt 0.731011 0.302403
vt 0.854128 0.312187
vt 0.853163 0.311032
vt 0.853163 0.312187
vt 0.905407 0.233277
vt 0.904824 0.234240
vt 0.905407 0.234240
vt 0.730046 0.303558
vt 0.731011 0.304837
vt 0.853163 0.313466
vt 0.739560 0.311799
vt 0.905040 0.257772
vt 0.905040 0.258195
vt 0.729848 0.302562
vt 0.729848 0.303560
vt 0.915532 0.299884
vt 0.915002 0.300888
vt 0.915208 0.300887
vt 0.905397 0.233079
vt 0.905986 0.233277
vt 0.905814 0.233079
vt 0.729848 0.304687
vt 0.915532 0.302010
vt 0.904824 0.233277
vt 0.904976 0.233079
vt 0.904842 0.257182
vt 0.905040 0.257349
vt 0.905986 0.234240
vt 0.897288 0.231724
vt 0.897752 0.231452
vt 0.903878 0.257182
vt 0.885670 0.241554
vt 0.885775 0.242567
vt 0.885775 0.241452
vt 0.885670 0.243479
vt 0.885775 0.243577
vt 0.897839 0.233943
vt 0.897377 0.234234
vt 0.898128 0.231837
vt 0.885670 0.237099
vt 0.885775 0.237201
vt 0.897009 0.233831
vt 0.750640 0.295378
vt 0.751604 0.295958
vt 0.751604 0.295378
vt 0.885775 0.232851
vt 0.885670 0.231944
vt 0.885670 0.232950
vt 0.902714 0.233886
vt 0.901749 0.232730
vt 0.901749 0.233886
vt 0.738496 0.312035
vt 0.737531 0.310879
vt 0.737531 0.312035
vt 0.751223 0.296155
vt 0.750640 0.297118
vt 0.751223 0.297118
vt 0.902714 0.232730
vt 0.901749 0.231452
vt 0.737531 0.313313
vt 0.817603 0.311688
vt 0.751802 0.295388
vt 0.751802 0.295811
vt 0.902912 0.233727
vt 0.902912 0.232729
vt 0.729848 0.300776
vt 0.729319 0.301780
vt 0.729524 0.301779
vt 0.751213 0.295958
vt 0.751802 0.296155
vt 0.751630 0.295958
vt 0.902912 0.231601
vt 0.729848 0.302902
vt 0.750640 0.296155
vt 0.750792 0.295958
vt 0.751604 0.294798
vt 0.751802 0.294965
vt 0.751802 0.297118
vt 0.896058 0.231724
vt 0.896522 0.231452
vt 0.750640 0.294798
vt 0.885775 0.245601
vt 0.885670 0.244588
vt 0.885670 0.245703
vt 0.885775 0.243676
vt 0.885670 0.243577
vt 0.896609 0.233943
vt 0.896147 0.234234
vt 0.896898 0.231837
vt 0.885775 0.230925
vt 0.885670 0.230824
vt 0.895779 0.233831
vt 0.918533 0.960551
vt 0.955085 0.940457
vt 0.965995 0.921842
vt 0.918685 0.957713
vt 0.955096 0.924531
vt 0.919730 0.960190
vt 0.917987 0.958072
vt 0.965995 0.924831
vt 0.888257 0.960857
vt 0.959660 0.909070
vt 0.267159 0.936472
vt 0.849302 0.959404
vt 0.914233 0.943676
vt 0.954645 0.941080
vt 0.960513 0.909165
vt 0.906864 0.233956
vt 0.752213 0.309622
vt 0.852982 0.310429
vt 0.906885 0.257182
vt 0.753833 0.313458
vt 0.853012 0.314178
vt 0.239887 0.931480
vt 0.903280 0.219169
vt 0.926125 0.305390
vt 0.429122 0.471541
vt 0.421786 0.487246
vt 0.416265 0.482012
vt 0.418748 0.487747
vt 0.905161 0.927614
vt 0.904346 0.927614
vt 0.904208 0.923668
vt 0.858397 0.942926
vt 0.921213 0.218044
vt 0.887720 0.933173
vt 0.887474 0.932927
vt 0.887474 0.933173
vt 0.887942 0.932927
vt 0.887942 0.933173
vt 0.888383 0.932928
vt 0.888184 0.933174
vt 0.888383 0.933174
vt 0.888583 0.932928
vt 0.888583 0.933174
vt 0.888786 0.958793
vt 0.888574 0.959038
vt 0.888786 0.959038
vt 0.901354 0.133920
vt 0.736566 0.310879
vt 0.950737 0.945512
vt 0.950684 0.944533
vt 0.950599 0.945503
vt 0.950582 0.944525
vt 0.950482 0.945495
vt 0.953750 0.902725
vt 0.953858 0.903698
vt 0.953841 0.902723
vt 0.953979 0.902723
vt 0.953979 0.903697
vt 0.954117 0.902723
vt 0.954100 0.903698
vt 0.954234 0.902725
vt 0.953469 0.941532
vt 0.953669 0.942494
vt 0.953582 0.941524
vt 0.953789 0.942486
vt 0.953718 0.941514
vt 0.953857 0.941505
vt 0.953911 0.942477
vt 0.953977 0.941496
vt 0.953639 0.886788
vt 0.953773 0.887761
vt 0.953756 0.886787
vt 0.953894 0.887761
vt 0.953894 0.886786
vt 0.954032 0.886787
vt 0.954015 0.887761
vt 0.954122 0.886788
vt 0.953670 0.887762
vt 0.953799 0.888441
vt 0.951029 0.944557
vt 0.950875 0.945522
vt 0.950991 0.945530
vt 0.950926 0.944550
vt 0.953742 0.940694
vt 0.953641 0.940701
vt 0.950681 0.943851
vt 0.932782 0.947311
vt 0.932853 0.948049
vt 0.932853 0.947311
vt 0.953668 0.943175
vt 0.953746 0.943170
vt 0.950805 0.944541
vt 0.950948 0.943870
vt 0.950853 0.943864
vt 0.953804 0.904379
vt 0.953884 0.904378
vt 0.953894 0.888440
vt 0.953840 0.943163
vt 0.953979 0.904377
vt 0.953989 0.888441
vt 0.953935 0.943156
vt 0.954074 0.904378
vt 0.954118 0.887762
vt 0.954069 0.888441
vt 0.950759 0.943857
vt 0.954017 0.943151
vt 0.954016 0.942470
vt 0.954203 0.903699
vt 0.954154 0.904379
vt 0.951030 0.943876
vt 0.952173 0.905451
vt 0.952243 0.905465
vt 0.952113 0.905411
vt 0.952014 0.905376
vt 0.952068 0.905456
vt 0.952059 0.905281
vt 0.952073 0.905351
vt 0.952073 0.905211
vt 0.951996 0.905281
vt 0.952113 0.905151
vt 0.952014 0.905186
vt 0.952173 0.905111
vt 0.952068 0.905106
vt 0.952243 0.905097
vt 0.952148 0.905053
vt 0.952314 0.905111
vt 0.952243 0.905034
vt 0.952373 0.905151
vt 0.952338 0.905053
vt 0.952472 0.905186
vt 0.952418 0.905106
vt 0.952413 0.905211
vt 0.952491 0.905281
vt 0.952427 0.905281
vt 0.952472 0.905376
vt 0.952373 0.905411
vt 0.952413 0.905351
vt 0.952418 0.905456
vt 0.952314 0.905451
vt 0.933113 0.948049
vt 0.933173 0.948049
vt 0.932913 0.948050
vt 0.932913 0.947312
vt 0.933632 0.948049
vt 0.933693 0.947311
vt 0.933632 0.947311
vt 0.933954 0.947311
vt 0.934012 0.948049
vt 0.934012 0.947311
vt 0.933561 0.948049
vt 0.933561 0.947311
vt 0.934081 0.947311
vt 0.934152 0.948049
vt 0.934152 0.947311
vt 0.934081 0.948049
vt 0.933491 0.947311
vt 0.933491 0.948049
vt 0.934214 0.947311
vt 0.934214 0.948049
vt 0.933433 0.947311
vt 0.933433 0.948049
vt 0.932913 0.947311
vt 0.932972 0.948049
vt 0.932972 0.947311
vt 0.932652 0.947312
vt 0.932712 0.948049
vt 0.932712 0.947311
vt 0.933043 0.947311
vt 0.933043 0.948049
vt 0.932782 0.948049
vt 0.933113 0.947311
vt 0.954080 0.901908
vt 0.953979 0.901907
vt 0.950554 0.946319
vt 0.950658 0.948000
vt 0.950742 0.948006
vt 0.953878 0.901908
vt 0.953979 0.900244
vt 0.953878 0.900244
vt 0.954166 0.901909
vt 0.954080 0.900244
vt 0.953541 0.940708
vt 0.953645 0.939027
vt 0.953458 0.940714
vt 0.950756 0.946333
vt 0.950842 0.948013
vt 0.950943 0.948020
vt 0.950655 0.946326
vt 0.953793 0.885971
vt 0.953707 0.885972
vt 0.953894 0.885971
vt 0.950843 0.946339
vt 0.953830 0.940688
vt 0.953995 0.885971
vt 0.953792 0.901909
vt 0.953792 0.900246
vt 0.953828 0.939014
vt 0.951030 0.948026
vt 0.953728 0.939021
vt 0.950471 0.946313
vt 0.895823 0.947886
vt 0.896087 0.947623
vt 0.953929 0.939007
vt 0.953707 0.884298
vt 0.953793 0.884298
vt 0.953995 0.884298
vt 0.953894 0.884297
vt 0.954081 0.884298
vt 0.905088 0.939694
vt 0.904208 0.939554
vt 0.904337 0.939694
vt 0.904337 0.940101
vt 0.905088 0.940101
vt 0.904337 0.940508
vt 0.905088 0.940508
vt 0.905217 0.940101
vt 0.905217 0.939554
vt 0.904756 0.932558
vt 0.905217 0.940648
vt 0.904208 0.940101
vt 0.904208 0.940648
vt 0.924974 0.211225
vt 0.258865 0.883391
vt 0.947666 0.938712
vt 0.947589 0.938742
vt 0.947655 0.938769
vt 0.947621 0.938694
vt 0.947538 0.938691
vt 0.947586 0.938659
vt 0.947510 0.938625
vt 0.947567 0.938614
vt 0.947510 0.938553
vt 0.947567 0.938564
vt 0.947538 0.938487
vt 0.947586 0.938519
vt 0.947589 0.938436
vt 0.947621 0.938484
vt 0.947655 0.938409
vt 0.947666 0.938466
vt 0.947727 0.938409
vt 0.947715 0.938466
vt 0.947793 0.938436
vt 0.947761 0.938484
vt 0.947844 0.938487
vt 0.947796 0.938519
vt 0.947871 0.938553
vt 0.947814 0.938564
vt 0.947871 0.938625
vt 0.947814 0.938614
vt 0.947844 0.938691
vt 0.947796 0.938659
vt 0.947793 0.938742
vt 0.947761 0.938694
vt 0.947727 0.938769
vt 0.947715 0.938712
vt 0.947786 0.930994
vt 0.947877 0.931047
vt 0.947877 0.930976
vt 0.947772 0.930961
vt 0.947849 0.930909
vt 0.947747 0.930936
vt 0.947798 0.930859
vt 0.947714 0.930922
vt 0.947732 0.930831
vt 0.947678 0.930922
vt 0.947660 0.930831
vt 0.947646 0.930936
vt 0.947594 0.930859
vt 0.947621 0.930961
vt 0.947543 0.930909
vt 0.947607 0.930994
vt 0.947516 0.930976
vt 0.947607 0.931029
vt 0.947516 0.931047
vt 0.947620 0.931062
vt 0.947543 0.931114
vt 0.947646 0.931087
vt 0.947594 0.931164
vt 0.947678 0.931101
vt 0.947660 0.931192
vt 0.947714 0.931101
vt 0.947732 0.931192
vt 0.947747 0.931087
vt 0.947798 0.931164
vt 0.947772 0.931062
vt 0.947849 0.931114
vt 0.947785 0.931029
vt 0.743853 0.225973
vt 0.845180 0.176510
vt 0.939068 0.880448
vt 0.886780 0.288670
vt 0.965505 0.876720
vt 0.925618 0.192418
vt 0.923374 0.157189
vt 0.715376 0.225973
vt 0.715761 0.105121
vt 0.924648 0.288627
vt 0.870507 0.946529
vt 0.828390 0.105122
vt 0.836813 0.259964
vt 0.925762 0.109305
vt 0.924977 0.259116
vt 0.903383 0.283878
vt 0.436310 0.639443
vt 0.885766 0.303703
vt 0.252357 0.904921
vt 0.430470 0.666668
vt 0.443364 0.607038
vt 0.433811 0.674721
vt 0.439660 0.633036
vt 0.832895 0.211612
vt 0.413333 0.648354
vt 0.845170 0.193264
vt 0.622676 0.154419
vt 0.088239 0.038319
vt 0.413333 0.625639
vt 0.845169 0.113092
vt 0.373371 0.589168
vt 0.427592 0.670989
vt 0.294909 0.923243
vt 0.272054 0.947275
vt 0.924945 0.211225
vt 0.448764 0.591360
vt 0.924440 0.253986
vt 0.244856 0.887182
vt 0.231126 0.914242
vt 0.902732 0.305113
vt 0.932804 0.913828
vt 0.939408 0.902723
vt 0.881140 0.953427
vt 0.770869 0.906119
vt 0.697756 0.935331
vt 0.941465 0.918088
vt 0.950958 0.891481
vt 0.952950 0.946752
vt 0.893179 0.946370
vt 0.900336 0.946367
vt 0.900363 0.892108
vt 0.894151 0.879766
vt 0.891244 0.945166
vt 0.858023 0.961254
vt 0.891235 0.958672
vt 0.900870 0.917054
vt 0.900871 0.949041
vt 0.900375 0.930477
vt 0.891481 0.958174
vt 0.892389 0.892080
vt 0.879720 0.959328
vt 0.900363 0.873637
vt 0.900720 0.894598
vt 0.900854 0.882163
vt 0.893508 0.879766
vt 0.893730 0.892080
vt 0.892889 0.879766
vt 0.894397 0.892080
vt 0.893087 0.892080
vt 0.891557 0.879766
vt 0.901947 0.922400
vt 0.891769 0.892080
vt 0.900117 0.885951
vt 0.900125 0.933660
vt 0.896649 0.945797
vt 0.752109 0.926505
vt 0.728463 0.313725
vt 0.873549 0.939750
vt 0.989967 0.962129
vt 0.849260 0.923537
vt 0.964363 0.957700
vt 0.897093 0.883863
vt 0.951572 0.919883
vt 0.920469 0.952824
vt 0.843499 0.948951
vt 0.952299 0.919791
vt 0.952782 0.904090
vt 0.958757 0.947279
vt 0.940255 0.910653
vt 0.947940 0.903370
vt 0.940255 0.906666
vt 0.947307 0.904500
vt 0.875640 0.915098
vt 0.863496 0.930020
vt 0.903702 0.942389
vt 0.876802 0.914951
vt 0.876630 0.915098
vt 0.854687 0.922195
vt 0.887624 0.954515
vt 0.898792 0.942866
vt 0.887624 0.941761
vt 0.897779 0.944673
vt 0.917966 0.960550
vt 0.961243 0.864869
vt 0.888257 0.958041
vt 0.941198 0.942501
vt 0.952740 0.956310
vt 0.844515 0.309313
vt 0.838991 0.313632
vt 0.840851 0.284758
vt 0.869441 0.273019
vt 0.291352 0.942036
vt 0.902680 0.272000
vt 0.902952 0.231681
vt 0.936144 0.885563
vt 0.883360 0.951175
vt 0.870182 0.950882
vt 0.905279 0.937503
vt 0.870993 0.949546
vt 0.934929 0.927364
vt 0.934738 0.895111
vt 0.921840 0.947132
vt 0.428952 0.474381
vt 0.901895 0.944349
vt 0.858268 0.941658
vt 0.908358 0.120972
vt 0.751424 0.254062
vt 0.277604 0.883412
vt 0.064824 0.155370
vt 0.954089 0.925718
vt 0.926821 0.935831
vt 0.921685 0.942802
vt 0.954116 0.929853
vt 0.922034 0.942827
vt 0.953766 0.929853
vt 0.901175 0.942343
vt 0.952068 0.905562
vt 0.952418 0.905562
vt 0.934474 0.948049
vt 0.933954 0.947311
vt 0.934214 0.948049
vt 0.952993 0.937741
vt 0.926821 0.931683
vt 0.953754 0.925720
vt 0.954127 0.925720
vt 0.901257 0.938187
vt 0.895924 0.947395
vt 0.896010 0.947353
vt 0.896067 0.947267
vt 0.896087 0.947167
vt 0.896067 0.947066
vt 0.896010 0.946980
vt 0.895924 0.946923
vt 0.895722 0.946923
vt 0.895636 0.946980
vt 0.895579 0.947066
vt 0.895579 0.947267
vt 0.895636 0.947353
vt 0.895722 0.947395
vt 0.922034 0.946977
vt 0.953914 0.921574
vt 0.903878 0.258342
vt 0.885670 0.236084
vt 0.854128 0.311032
vt 0.730046 0.304837
vt 0.854128 0.313466
vt 0.915377 0.299728
vt 0.915371 0.302163
vt 0.885670 0.242564
vt 0.750640 0.295958
vt 0.885775 0.231941
vt 0.738496 0.310879
vt 0.902714 0.231452
vt 0.738496 0.313313
vt 0.729694 0.300621
vt 0.729687 0.303055
vt 0.885775 0.244591
vt 0.887720 0.932927
vt 0.888184 0.932928
vt 0.888574 0.958793
vt 0.953755 0.903699
vt 0.953569 0.942501
vt 0.953719 0.888441
vt 0.933954 0.948049
vt 0.932913 0.948049
vt 0.932652 0.948050
vt 0.954166 0.900246
vt 0.954081 0.885972
vt 0.895636 0.947436
vt 0.895579 0.947522
vt 0.895559 0.947623
vt 0.895579 0.947723
vt 0.895636 0.947809
vt 0.895722 0.947866
vt 0.895924 0.947866
vt 0.896010 0.947809
vt 0.896067 0.947723
vt 0.896067 0.947522
vt 0.896010 0.947436
vt 0.954017 0.939001
s 1
usemtl Material.car9
f 783/1/1 107/2/1 121/3/1
f 43/4/2 763/5/3 91/6/4
f 1674/7/5 21/8/5 789/9/6
f 1671/10/7 13/11/8 1673/12/7
f 150/13/9 97/14/10 91/15/4
f 168/16/11 69/17/12 70/18/13
f 1668/19/5 466/20/14 21/21/5
f 39/22/15 11/23/16 90/24/17
f 186/25/18 178/26/18 179/27/18
f 1855/28/7 17/29/8 1671/10/7
f 42/30/19 11/31/20 773/32/21
f 1661/33/14 14/34/14 1672/35/14
f 17/29/8 762/36/22 628/37/22
f 200/38/23 215/39/24 201/40/25
f 15/41/26 619/42/27 623/43/26
f 4/44/28 780/45/29 51/46/30
f 615/47/31 636/48/32 638/49/31
f 29/50/7 465/51/7 457/52/7
f 17/29/8 626/53/22 13/11/8
f 25/54/33 19/55/14 1/56/33
f 38/57/34 625/58/35 43/4/2
f 139/59/36 130/60/37 140/61/38
f 629/62/35 38/57/34 87/63/39
f 13/11/8 630/64/22 86/65/8
f 85/66/40 635/67/41 631/68/42
f 783/1/1 1881/69/14 72/70/14
f 11/23/43 772/71/44 773/72/45
f 1673/12/7 86/65/8 1684/73/7
f 8/74/46 160/75/47 41/76/47
f 5/77/48 1861/78/49 768/79/50
f 116/80/51 78/81/33 789/9/6
f 1667/82/52 39/22/15 1679/83/52
f 6/84/53 1871/85/54 772/71/44
f 1672/35/14 25/54/33 1662/86/33
f 143/87/33 60/88/55 800/89/33
f 1689/90/7 175/91/7 1694/92/7
f 1665/93/56 70/18/13 1683/94/57
f 31/95/58 45/96/59 49/97/60
f 1678/98/7 66/99/61 1682/100/7
f 794/101/62 131/102/63 147/103/63
f 54/104/14 1676/105/62 1882/106/14
f 138/107/64 59/108/64 60/109/64
f 66/99/61 34/110/65 67/111/65
f 62/112/66 134/113/66 127/114/66
f 67/115/67 44/116/68 68/117/69
f 184/118/14 1697/119/14 1699/120/14
f 1729/121/7 459/122/7 32/123/7
f 1698/124/7 176/125/7 182/126/7
f 1676/105/62 9/127/63 1666/128/63
f 153/129/70 71/130/71 69/131/72
f 457/132/73 40/133/73 29/134/73
f 92/135/74 3/136/75 31/95/58
f 147/137/76 127/114/77 145/138/78
f 19/139/79 45/96/59 1/140/80
f 25/54/33 1677/141/33 1662/86/33
f 47/142/81 467/143/82 470/144/83
f 7/145/84 48/146/85 9/147/84
f 48/146/85 1666/148/84 9/147/84
f 21/21/5 467/149/14 12/150/86
f 58/151/64 136/152/87 57/153/88
f 16/154/89 779/155/90 18/156/91
f 612/157/92 633/158/93 637/159/92
f 612/160/94 636/48/32 617/161/32
f 2/162/95 619/42/27 50/163/27
f 796/164/96 55/165/14 795/166/14
f 797/167/97 56/168/96 796/169/96
f 798/170/98 57/171/97 797/172/97
f 799/173/99 58/174/98 798/170/98
f 799/173/99 60/175/100 59/176/99
f 65/177/101 135/178/101 126/179/88
f 134/113/102 146/180/103 148/181/104
f 801/182/73 61/183/105 794/184/105
f 801/182/73 63/185/106 62/186/73
f 803/187/107 63/185/106 802/188/106
f 803/189/107 65/190/108 64/191/107
f 795/166/14 65/192/108 804/193/108
f 67/115/67 91/6/4 763/5/3
f 10/194/109 67/111/65 763/195/65
f 1853/196/7 66/99/61 10/194/109
f 69/131/72 44/116/68 34/197/110
f 1683/94/57 35/198/61 1678/98/7
f 35/198/61 69/17/12 34/110/65
f 56/199/101 133/200/9 55/201/111
f 71/202/71 149/203/9 44/204/68
f 785/205/96 73/206/14 784/207/14
f 786/208/97 74/209/96 785/205/96
f 787/210/98 75/211/97 786/212/97
f 788/213/99 76/214/98 787/210/98
f 789/215/100 77/216/99 788/213/99
f 790/217/73 79/218/105 783/219/105
f 790/217/73 81/220/106 80/221/73
f 791/222/106 82/223/107 81/220/106
f 793/224/108 82/225/107 792/226/107
f 793/224/108 73/206/14 83/227/108
f 776/228/112 629/62/35 773/32/21
f 1684/73/7 774/229/113 1870/230/7
f 775/231/114 88/232/115 776/228/112
f 86/65/8 775/233/22 774/229/113
f 773/32/21 87/63/39 42/30/19
f 74/234/101 106/235/111 73/236/111
f 110/237/116 116/238/117 117/239/118
f 118/240/119 110/237/116 117/239/118
f 115/241/120 113/242/121 118/240/119
f 125/243/9 95/244/122 90/245/123
f 38/246/34 124/247/101 87/248/39
f 121/249/124 105/250/125 120/251/126
f 105/250/125 122/252/127 120/251/126
f 109/253/128 123/254/129 122/252/127
f 43/255/2 119/256/130 124/247/101
f 191/257/99 189/258/99 188/259/99
f 1679/260/73 99/261/73 1687/262/73
f 456/263/73 95/264/73 40/265/73
f 96/266/131 36/267/132 92/268/74
f 100/269/87 161/270/87 37/271/87
f 1687/272/73 456/263/73 1685/273/73
f 114/274/133 101/275/134 115/276/120
f 104/277/88 82/278/87 83/279/101
f 97/14/10 43/255/2 91/15/4
f 142/280/135 136/281/136 141/282/137
f 144/283/138 128/284/139 126/285/140
f 99/261/73 90/286/73 95/287/73
f 158/288/141 175/289/141 157/290/141
f 98/291/142 166/292/143 94/293/143
f 108/294/87 77/295/87 78/296/87
f 101/297/87 76/298/87 113/242/87
f 106/235/111 83/299/101 73/236/111
f 109/253/87 80/300/87 81/301/87
f 102/302/101 104/303/88 83/299/101
f 111/304/88 75/305/87 101/275/87
f 103/306/144 87/307/145 106/308/146
f 113/242/87 77/295/87 110/237/87
f 111/309/88 103/310/101 74/234/101
f 107/311/87 80/300/87 105/250/87
f 112/312/87 81/301/87 82/313/87
f 123/314/147 96/266/131 92/268/74
f 95/315/122 115/276/148 40/316/149
f 40/317/149 118/240/150 29/318/151
f 29/318/151 117/239/152 47/319/81
f 117/239/152 12/320/153 47/319/81
f 112/321/154 119/322/155 123/314/129
f 122/323/156 92/135/74 31/95/58
f 120/324/157 31/95/58 49/97/60
f 121/325/158 49/97/60 19/139/79
f 129/326/159 141/327/137 136/152/136
f 87/307/145 102/328/160 106/308/146
f 124/329/161 104/330/162 102/328/160
f 87/248/39 125/243/9 42/331/19
f 125/332/163 111/333/164 114/334/133
f 140/335/165 1/140/80 45/96/59
f 145/138/166 28/336/167 46/337/168
f 133/338/9 65/177/101 55/339/111
f 126/285/88 64/340/169 65/341/101
f 139/342/170 36/343/132 141/344/171
f 129/326/64 59/108/64 130/60/64
f 128/345/66 63/346/66 64/347/169
f 137/348/88 57/349/88 136/281/87
f 131/350/66 62/112/66 127/114/66
f 132/351/172 44/352/173 133/353/174
f 126/354/140 149/355/175 144/356/138
f 137/357/88 132/358/101 56/199/101
f 130/60/37 143/359/176 140/61/38
f 97/360/10 141/282/171 36/267/132
f 3/136/75 140/335/165 45/96/59
f 127/361/77 148/362/104 145/363/78
f 159/364/177 146/365/178 144/283/179
f 148/181/180 156/366/181 28/336/167
f 7/367/182 145/138/166 46/337/168
f 149/203/9 155/368/183 159/369/177
f 150/370/184 137/371/185 142/372/135
f 44/352/173 135/373/186 133/353/174
f 44/204/68 150/13/9 68/374/69
f 23/375/99 153/376/99 168/377/99
f 23/375/99 169/378/99 37/379/99
f 8/380/99 155/381/99 153/376/99
f 94/382/99 170/383/99 156/384/99
f 100/385/99 169/386/99 171/387/99
f 41/388/99 159/389/99 155/390/99
f 94/391/99 159/392/99 98/393/99
f 93/394/99 171/395/99 170/396/99
f 165/397/99 161/398/99 160/399/99
f 162/400/99 167/401/99 166/402/99
f 163/403/99 160/404/99 161/405/99
f 23/406/187 165/407/187 8/408/187
f 100/409/87 167/410/87 163/411/87
f 41/412/47 162/413/142 98/414/142
f 94/415/7 167/416/7 93/417/7
f 23/418/87 161/419/87 164/420/87
f 152/421/99 1665/422/99 1688/423/99
f 152/421/99 169/378/99 168/377/99
f 157/424/99 1686/148/99 170/425/99
f 154/426/99 171/387/99 169/386/99
f 157/427/99 171/395/99 158/428/99
f 174/429/99 1692/430/99 172/431/99
f 175/432/99 1693/433/99 1694/434/99
f 173/435/99 1692/436/99 1693/437/99
f 152/438/141 172/439/141 154/440/141
f 158/441/141 172/442/141 173/443/141
f 152/444/14 1691/445/14 174/446/14
f 177/447/188 1697/448/188 181/449/188
f 198/450/189 214/451/190 200/38/23
f 176/452/191 1696/453/191 177/447/191
f 182/454/192 204/455/141 205/456/193
f 183/457/14 30/458/14 198/459/14
f 186/25/194 180/460/194 183/461/194
f 28/462/195 380/463/196 378/464/197
f 188/465/198 1707/466/198 1701/467/198
f 185/468/73 194/469/73 193/470/73
f 48/471/85 1704/472/199 1681/473/85
f 199/474/73 193/470/73 201/475/73
f 184/476/73 1702/477/73 196/478/73
f 196/479/200 203/480/201 202/481/202
f 199/482/203 210/483/204 197/484/205
f 198/485/73 195/486/73 183/487/73
f 1702/477/73 187/488/73 196/478/73
f 201/475/73 194/469/73 195/486/73
f 1700/489/99 188/259/99 1701/490/99
f 183/487/73 194/469/73 186/491/73
f 184/492/206 202/481/202 211/493/207
f 192/494/208 1706/495/208 386/496/208
f 182/497/73 1703/498/73 1698/499/73
f 48/471/85 381/500/199 382/501/199
f 192/494/208 385/502/208 191/503/208
f 30/504/209 207/505/210 209/506/211
f 178/507/191 33/508/191 179/509/191
f 180/510/188 33/508/188 30/511/188
f 199/512/7 178/513/7 185/514/7
f 205/515/7 210/516/7 213/517/7
f 209/518/212 206/519/188 208/520/213
f 210/521/191 206/519/191 207/522/191
f 213/523/214 203/524/214 205/525/214
f 203/524/73 214/526/73 202/527/73
f 212/528/73 202/527/73 214/526/73
f 211/529/14 389/530/14 388/531/14
f 184/492/206 388/532/141 208/533/141
f 199/482/203 215/39/24 213/534/215
f 181/535/141 206/536/141 177/537/141
f 30/504/209 389/538/87 212/539/216
f 182/454/192 203/480/201 187/540/217
f 197/484/205 207/505/210 33/541/218
f 176/542/141 206/536/141 204/455/141
f 223/543/73 236/544/73 221/545/73
f 259/546/219 289/547/99 260/548/220
f 251/549/221 238/550/99 234/551/99
f 247/552/73 240/553/73 296/554/73
f 229/555/73 280/556/73 220/557/73
f 263/558/222 246/559/99 248/560/223
f 254/561/224 218/562/99 255/563/225
f 239/564/73 286/565/73 237/566/73
f 221/545/73 242/567/73 219/568/73
f 259/546/219 285/569/99 287/570/99
f 250/571/226 244/572/99 238/550/99
f 245/573/73 296/554/73 294/574/73
f 227/575/73 220/557/73 224/576/73
f 262/577/227 295/578/99 263/558/222
f 237/566/73 229/555/73 221/545/73
f 253/579/228 222/580/99 254/561/224
f 237/566/73 284/581/73 235/582/73
f 292/583/229 293/584/230 291/585/229
f 264/586/231 249/587/232 265/588/233
f 265/588/233 250/589/226 266/590/234
f 266/590/234 251/591/221 267/592/235
f 267/592/235 252/593/236 268/594/237
f 269/595/238 252/593/236 253/596/228
f 270/597/239 253/596/228 254/598/224
f 271/599/240 254/598/224 255/600/225
f 271/599/240 256/601/241 272/602/242
f 273/603/243 256/601/241 257/604/244
f 273/603/243 258/605/245 274/606/246
f 274/606/246 259/607/219 275/608/247
f 275/608/247 260/609/220 276/610/248
f 277/611/249 260/609/220 261/612/250
f 277/611/249 262/613/227 278/614/251
f 278/614/251 263/615/222 279/616/252
f 264/586/231 263/615/222 248/617/223
f 216/618/99 264/586/231 265/588/233
f 216/618/99 265/588/233 266/590/234
f 216/618/99 266/590/234 267/592/235
f 216/618/99 267/592/235 268/594/237
f 216/618/99 268/594/237 269/595/238
f 216/618/99 269/595/238 270/597/239
f 216/618/99 270/597/239 271/599/240
f 216/618/99 271/599/240 272/602/242
f 216/618/99 272/602/242 273/603/243
f 216/618/99 273/603/243 274/606/246
f 216/618/99 274/606/246 275/608/247
f 216/618/99 275/608/247 276/610/248
f 216/618/99 276/610/248 277/611/249
f 216/618/99 277/611/249 278/614/251
f 216/618/99 278/614/251 279/616/252
f 216/618/99 279/616/252 264/586/231
f 289/619/7 292/583/229 291/585/229
f 288/620/253 289/619/7 287/621/253
f 285/622/254 288/620/253 287/621/253
f 283/623/255 286/624/254 285/625/254
f 282/626/87 283/623/255 281/627/87
f 280/628/256 281/627/87 218/629/256
f 220/630/257 218/629/256 222/631/257
f 224/632/258 222/633/257 226/634/258
f 228/635/14 226/634/258 230/636/14
f 232/637/259 230/636/14 234/638/259
f 236/639/260 234/638/259 238/640/260
f 242/641/261 238/642/260 244/643/261
f 240/644/141 244/643/261 246/645/141
f 294/646/230 295/647/262 293/648/230
f 296/649/262 246/645/141 295/647/262
f 239/564/73 290/650/73 288/651/73
f 255/563/225 281/652/99 256/653/241
f 231/654/73 282/655/73 280/556/73
f 252/656/236 234/551/99 230/657/99
f 260/548/220 291/658/99 261/659/250
f 225/660/73 232/661/73 223/543/73
f 241/662/73 292/663/73 290/650/73
f 257/664/244 281/652/99 283/665/99
f 235/582/73 282/655/73 233/666/73
f 253/579/228 230/657/99 226/667/99
f 261/659/250 293/668/99 262/577/227
f 248/560/223 244/572/99 249/669/232
f 227/575/73 228/670/73 225/660/73
f 243/671/73 294/574/73 292/663/73
f 217/672/73 242/567/73 240/553/73
f 258/673/245 283/665/99 285/569/99
f 304/674/73 317/675/73 302/676/73
f 340/677/219 370/678/99 341/679/220
f 332/680/221 319/681/99 315/682/99
f 328/683/73 321/684/73 377/685/73
f 310/686/73 361/687/73 301/688/73
f 344/689/222 327/690/99 329/691/223
f 335/692/224 299/693/99 336/694/225
f 320/695/73 367/696/73 318/697/73
f 302/676/73 323/698/73 300/699/73
f 340/677/219 366/700/99 368/701/99
f 331/702/226 325/703/99 319/681/99
f 326/704/73 377/685/73 375/705/73
f 308/706/73 301/688/73 305/707/73
f 343/708/227 376/709/99 344/689/222
f 318/697/73 310/686/73 302/676/73
f 335/692/224 307/710/99 303/711/99
f 318/697/73 365/712/73 316/713/73
f 373/714/229 374/715/230 372/716/229
f 345/717/231 330/718/232 346/719/233
f 347/720/234 330/718/232 331/721/226
f 348/722/235 331/721/226 332/723/221
f 348/722/235 333/724/236 349/725/237
f 350/726/238 333/724/236 334/727/228
f 351/728/239 334/727/228 335/729/224
f 351/728/239 336/730/225 352/731/240
f 352/731/240 337/732/241 353/733/242
f 354/734/243 337/732/241 338/735/244
f 354/734/243 339/736/245 355/737/246
f 356/738/247 339/736/245 340/739/219
f 356/738/247 341/740/220 357/741/248
f 358/742/249 341/740/220 342/743/250
f 358/742/249 343/744/227 359/745/251
f 360/746/252 343/744/227 344/747/222
f 345/717/231 344/747/222 329/748/223
f 297/749/99 345/717/231 346/719/233
f 297/749/99 346/719/233 347/720/234
f 297/749/99 347/720/234 348/722/235
f 297/749/99 348/722/235 349/725/237
f 297/749/99 349/725/237 350/726/238
f 297/749/99 350/726/238 351/728/239
f 297/749/99 351/728/239 352/731/240
f 297/749/99 352/731/240 353/733/242
f 297/749/99 353/733/242 354/734/243
f 297/749/99 354/734/243 355/737/246
f 297/749/99 355/737/246 356/738/247
f 297/749/99 356/738/247 357/741/248
f 297/749/99 357/741/248 358/742/249
f 297/749/99 358/742/249 359/745/251
f 297/749/99 359/745/251 360/746/252
f 297/749/99 360/746/252 345/717/231
f 370/750/7 373/714/229 372/716/229
f 369/751/253 370/750/7 368/752/253
f 367/753/254 368/752/253 366/754/254
f 364/755/255 367/756/254 366/757/254
f 363/758/87 364/755/255 362/759/87
f 361/760/256 362/759/87 299/761/256
f 301/762/257 299/761/256 303/763/257
f 305/764/258 303/765/257 307/766/258
f 309/767/14 307/766/258 311/768/14
f 313/769/259 311/768/14 315/770/259
f 317/771/260 315/770/259 319/772/260
f 323/773/261 319/774/260 325/775/261
f 321/776/141 325/775/261 327/777/141
f 375/778/230 376/779/262 374/780/230
f 377/781/262 327/777/141 376/779/262
f 320/695/73 371/782/73 369/783/73
f 336/694/225 362/784/99 337/785/241
f 312/786/73 363/787/73 361/687/73
f 333/788/236 315/682/99 311/789/99
f 341/679/220 372/790/99 342/791/250
f 306/792/73 313/793/73 304/674/73
f 322/794/73 373/795/73 371/782/73
f 338/796/244 362/784/99 364/797/99
f 316/713/73 363/787/73 314/798/73
f 334/799/228 311/789/99 307/710/99
f 342/791/250 374/800/99 343/708/227
f 329/691/223 325/703/99 330/801/232
f 308/706/73 309/802/73 306/792/73
f 324/803/73 375/705/73 373/795/73
f 298/804/73 323/698/73 321/684/73
f 339/805/245 364/797/99 366/700/99
f 383/806/99 384/807/99 380/463/196
f 383/806/99 1707/808/99 387/809/99
f 378/464/197 385/810/99 381/811/263
f 382/812/99 385/810/99 386/813/99
f 382/812/99 1706/814/99 1704/815/99
f 378/464/197 384/807/99 379/816/99
f 188/465/198 384/817/198 387/818/198
f 28/462/195 381/811/263 46/819/264
f 170/820/265 1705/821/266 383/822/265
f 190/823/267 384/824/268 189/825/268
f 170/820/265 380/826/266 156/827/266
f 190/823/267 385/828/269 379/829/270
f 388/531/271 209/830/212 208/831/213
f 391/832/14 397/833/14 395/834/14
f 394/835/99 1711/836/99 395/837/99
f 396/838/99 395/837/99 397/839/99
f 392/840/87 397/841/87 393/842/87
f 394/843/141 400/844/141 390/845/141
f 390/846/73 393/847/73 391/848/73
f 399/849/99 405/850/99 401/851/99
f 390/846/73 398/849/73 392/852/73
f 392/840/87 399/853/87 396/854/87
f 396/838/99 401/851/99 394/835/99
f 405/855/141 408/856/141 404/857/141
f 400/858/73 402/859/73 398/849/73
f 412/860/7 1718/861/7 413/862/7
f 398/863/87 403/864/87 399/853/87
f 407/865/99 413/866/99 409/867/99
f 402/868/87 407/869/87 403/864/87
f 403/870/99 409/867/99 405/850/99
f 404/871/73 406/865/73 402/859/73
f 413/872/141 416/873/141 412/874/141
f 408/875/73 410/876/73 406/865/73
f 401/877/14 1713/878/14 400/879/14
f 406/880/87 411/881/87 407/869/87
f 414/882/87 419/883/87 415/884/87
f 410/885/87 415/884/87 411/881/87
f 411/886/99 417/887/99 413/866/99
f 412/888/73 414/889/73 410/876/73
f 419/890/99 425/891/99 421/892/99
f 415/889/99 421/892/99 417/887/99
f 416/893/73 418/890/73 414/889/73
f 409/894/14 1717/895/14 408/896/14
f 404/897/7 1714/898/7 405/899/7
f 420/900/73 422/901/73 418/890/73
f 421/902/141 424/903/141 420/904/141
f 418/905/87 423/906/87 419/883/87
f 416/893/73 1723/907/73 420/900/73
f 422/908/87 427/909/87 423/906/87
f 423/901/99 429/910/99 425/891/99
f 424/911/73 426/912/73 422/901/73
f 426/913/7 1727/914/7 427/915/7
f 417/899/14 1721/916/14 416/917/14
f 420/918/7 1722/919/7 421/920/7
f 426/921/272 428/921/272 1726/921/272
f 425/922/14 1725/923/14 424/860/14
f 405/850/99 1712/924/99 401/851/99
f 400/858/73 1715/925/73 404/871/73
f 413/866/99 1716/926/99 409/867/99
f 429/921/7 427/921/7 1727/921/7
f 391/848/73 1708/927/73 390/846/73
f 408/875/73 1719/928/73 412/888/73
f 429/910/99 1724/929/99 425/891/99
f 394/930/7 1708/931/7 1710/932/7
f 421/933/99 1720/934/99 417/935/99
f 424/911/73 1726/936/73 428/937/73
f 395/834/14 1709/938/14 391/832/14
f 455/939/99 433/940/99 449/941/99
f 449/942/273 437/943/273 450/944/273
f 445/945/274 441/946/274 447/947/274
f 435/948/275 448/949/87 451/950/87
f 442/951/14 434/952/14 430/953/14
f 443/951/7 435/954/7 445/955/7
f 454/956/73 441/957/276 453/958/277
f 437/959/278 452/960/279 450/961/280
f 434/962/281 453/963/277 451/964/282
f 444/965/283 439/966/283 446/967/283
f 444/965/283 440/968/283 434/969/283
f 438/970/284 454/956/73 452/971/279
f 437/972/7 443/951/7 445/955/7
f 436/973/14 442/951/14 432/974/14
f 445/945/274 438/975/274 437/976/274
f 431/977/99 455/939/99 448/978/99
f 430/979/99 455/939/99 442/980/99
f 439/981/285 454/956/73 446/982/73
f 435/983/286 453/963/277 441/984/276
f 436/985/287 452/960/279 439/986/285
f 454/956/73 440/987/288 446/982/73
f 451/950/87 430/988/289 434/989/289
f 432/990/290 450/944/290 436/991/290
f 455/939/99 432/992/99 442/980/99
f 89/993/73 457/132/73 32/994/73
f 32/994/73 1675/995/73 1729/996/73
f 89/993/73 1685/997/73 456/998/73
f 1730/999/73 459/1000/73 1731/1001/73
f 89/1002/14 1730/1003/14 1728/1004/14
f 32/1005/141 458/1006/141 89/1007/141
f 465/1008/291 470/1009/291 464/1010/291
f 1733/1011/291 465/1008/291 464/1010/291
f 463/1012/292 477/1013/292 460/1014/292
f 460/1015/293 472/1016/14 471/1017/294
f 457/52/7 1734/1018/7 1675/1019/7
f 47/142/81 461/1020/295 29/1021/151
f 463/1022/296 466/1023/296 462/1024/296
f 469/1025/296 466/1023/296 1732/1026/296
f 468/1027/297 1732/1026/298 1733/1028/299
f 460/1029/300 467/1030/301 463/1022/302
f 468/1031/303 464/1032/304 471/1017/294
f 460/1015/293 464/1032/304 470/1033/304
f 474/1034/305 473/1035/305 475/1036/305
f 472/1037/305 476/1038/305 473/1035/305
f 469/1039/7 473/1040/7 462/1041/7
f 471/1017/294 474/1042/14 468/1031/303
f 469/1043/87 474/1044/87 475/1045/87
f 462/1041/7 476/1046/7 463/1047/7
f 491/1048/306 497/1049/306 496/1050/306
f 481/1051/141 498/1052/141 497/1053/141
f 482/1054/307 506/1055/308 478/1056/308
f 484/1057/309 490/1058/310 480/1059/310
f 481/1060/311 493/1061/311 485/1062/311
f 486/1063/312 500/1064/312 499/1065/312
f 484/1057/309 495/1066/313 492/1067/309
f 485/1062/314 494/1068/314 486/1069/314
f 498/1052/141 486/1070/141 499/1071/141
f 501/1072/315 491/1048/316 496/1050/317
f 478/1073/318 492/1067/319 482/1074/320
f 479/1075/321 493/1076/322 491/1077/321
f 502/1078/323 495/1079/324 500/1064/325
f 488/1080/326 492/1067/319 495/1066/326
f 489/1081/327 493/1076/322 483/1082/328
f 502/1078/329 494/1083/330 489/1084/331
f 501/1072/332 490/1085/333 478/1086/334
f 498/1052/141 487/1087/141 484/1088/141
f 499/1065/335 495/1079/335 487/1089/335
f 479/1090/336 504/1091/337 505/1092/338
f 480/1093/141 498/1052/141 484/1088/141
f 496/1050/339 480/1094/339 490/1085/339
f 483/1095/340 510/1096/341 489/1097/342
f 509/1098/343 508/1099/344 511/1100/345
f 510/1101/346 503/1102/347 511/1100/345
f 504/1103/348 506/1104/349 511/1100/345
f 505/1105/350 504/1103/348 511/1100/345
f 506/1104/349 507/1106/351 511/1100/345
f 508/1099/344 510/1101/346 511/1100/345
f 507/1106/351 509/1098/343 511/1100/345
f 503/1102/347 505/1105/350 511/1100/345
f 483/1095/340 505/1107/338 503/1108/352
f 488/1109/353 508/1110/353 509/1111/353
f 478/1112/354 504/1091/354 501/1113/354
f 482/1054/307 509/1114/355 507/1115/356
f 489/1116/342 508/1110/357 502/1117/357
f 525/1118/306 531/1119/306 530/1120/306
f 515/1121/141 532/1122/141 531/1123/141
f 516/1124/307 540/1125/358 512/1126/358
f 518/1127/309 524/1128/310 514/1129/310
f 515/1130/311 527/1131/311 519/1132/311
f 520/1133/312 534/1134/312 533/1135/359
f 518/1127/309 529/1136/313 526/1137/309
f 519/1132/314 528/1138/314 520/1139/314
f 532/1122/141 520/1140/141 533/1141/141
f 535/1142/315 525/1118/316 530/1120/360
f 512/1143/318 526/1137/319 516/1144/320
f 513/1145/361 527/1146/322 525/1147/361
f 536/1148/323 529/1149/324 534/1134/325
f 522/1150/326 526/1137/319 529/1136/326
f 523/1151/327 527/1146/322 517/1152/328
f 536/1148/329 528/1153/330 523/1154/331
f 535/1142/332 524/1155/333 512/1156/362
f 532/1122/141 521/1157/141 518/1158/141
f 533/1135/335 529/1149/335 521/1159/363
f 513/1160/336 538/1161/337 539/1162/338
f 514/1163/141 532/1122/141 518/1158/141
f 530/1120/339 514/1164/339 524/1155/339
f 517/1165/340 544/1166/341 523/1167/342
f 543/1168/343 542/1169/344 545/1170/345
f 544/1171/346 537/1172/347 545/1170/345
f 538/1173/348 540/1174/349 545/1170/345
f 539/1175/350 538/1173/348 545/1170/345
f 540/1174/349 541/1176/351 545/1170/345
f 542/1169/344 544/1171/346 545/1170/345
f 541/1176/351 543/1168/343 545/1170/345
f 537/1172/347 539/1175/350 545/1170/345
f 517/1165/340 539/1177/338 537/1178/364
f 522/1179/365 542/1180/365 543/1181/365
f 512/1182/366 538/1161/354 535/1183/354
f 516/1124/307 543/1184/355 541/1185/367
f 523/1186/342 542/1180/357 536/1187/357
f 548/1188/368 557/1189/368 549/1190/368
f 549/1190/369 552/1191/369 548/1188/369
f 552/1192/370 551/1193/370 550/1194/370
f 550/1195/371 547/1196/371 546/1197/371
f 548/1198/14 550/1199/14 546/1200/14
f 549/1201/7 551/1202/7 553/1203/7
f 557/1204/7 560/1205/7 556/1206/7
f 546/1197/372 556/1207/372 555/1208/372
f 549/1201/7 556/1206/7 547/1209/7
f 546/1200/14 554/1210/14 548/1198/14
f 560/1211/373 558/1212/373 559/1213/373
f 554/1210/14 559/1214/14 558/1215/14
f 557/1189/374 558/1203/374 561/1216/374
f 556/1207/375 559/1217/375 555/1208/375
f 574/1218/376 565/1219/377 580/1220/378
f 565/1221/368 588/1222/368 580/1223/368
f 569/1224/370 577/1225/370 583/1226/370
f 563/1227/379 595/1228/380 592/1229/379
f 589/1230/381 562/1231/382 581/1232/381
f 591/1233/383 563/1227/379 592/1229/379
f 593/1234/372 571/1235/372 578/1236/372
f 577/1225/370 572/1237/370 579/1238/370
f 574/1218/384 570/1239/385 578/1240/386
f 562/1231/382 594/1241/387 570/1242/387
f 574/1218/376 571/1243/388 563/1244/389
f 577/1225/370 573/1245/370 566/1246/370
f 593/1234/372 570/1247/372 594/1248/372
f 582/1249/370 577/1225/370 566/1246/370
f 564/1250/390 586/1251/390 568/1252/390
f 574/1218/384 581/1253/391 562/1254/392
f 575/1255/368 581/1256/368 580/1223/368
f 568/1257/368 581/1256/368 564/1258/368
f 576/1259/368 589/1260/368 568/1257/368
f 575/1255/368 588/1222/368 576/1259/368
f 585/1261/368 587/1262/368 586/1263/368
f 575/1264/393 587/1265/393 584/1266/393
f 568/1267/370 587/1268/370 576/1269/370
f 564/1270/394 584/1271/394 585/1272/394
f 582/1273/370 588/1274/370 583/1275/370
f 582/1273/370 590/1276/370 589/1277/370
f 569/1278/370 592/1279/370 567/1280/370
f 573/1281/370 593/1282/370 594/1283/370
f 572/1284/370 592/1279/370 595/1285/370
f 573/1281/370 590/1276/370 566/1286/370
f 569/1278/370 588/1274/370 591/1287/370
f 572/1284/370 593/1282/370 579/1288/370
f 598/1289/368 607/1290/368 599/1291/368
f 598/1289/369 603/1292/369 602/1293/369
f 602/1294/370 601/1295/370 600/1296/370
f 601/1297/371 596/1298/371 600/1299/371
f 598/1300/14 600/1301/14 596/1302/14
f 599/1303/7 601/1304/7 603/1305/7
f 607/1306/7 610/1307/7 606/1308/7
f 596/1298/372 606/1309/372 605/1310/372
f 599/1303/7 606/1308/7 597/1311/7
f 596/1302/14 604/1312/14 598/1300/14
f 610/1313/373 608/1314/373 609/1315/373
f 604/1312/14 609/1316/14 608/1317/14
f 604/1318/374 611/1319/374 607/1290/374
f 606/1309/375 609/1320/375 605/1310/375
f 2/1321/395 625/58/35 20/1322/396
f 22/1323/114 762/1324/114 15/1325/397
f 15/1325/397 761/1326/398 50/1327/399
f 20/1322/396 627/1328/400 52/1329/400
f 2/1321/395 761/1326/398 763/5/3
f 22/1323/114 627/1328/400 628/1330/114
f 618/1331/401 623/1332/402 619/1333/403
f 620/1334/404 619/1333/403 621/1335/405
f 20/1336/406 621/1337/406 2/1338/406
f 22/1339/407 618/1340/408 52/1341/408
f 20/1342/409 618/1340/408 620/1343/409
f 22/1344/410 623/1345/410 622/1346/410
f 612/1347/396 624/1348/35 26/1349/396
f 615/1350/114 626/1351/114 628/1330/114
f 612/1347/396 627/1328/400 625/58/35
f 84/1352/411 624/1348/35 629/62/35
f 85/1353/412 626/1351/114 27/1354/114
f 615/1350/114 627/1328/400 617/1355/400
f 84/1352/411 88/232/115 631/1356/413
f 85/1353/412 88/232/115 630/1357/114
f 634/1358/114 636/1359/414 632/1360/415
f 640/1361/416 632/1362/415 635/1363/417
f 635/1363/417 633/1364/418 639/1365/419
f 632/1360/415 637/1366/396 633/1367/418
f 26/1368/93 639/1369/92 633/158/93
f 615/1370/420 634/1371/420 27/1372/420
f 84/1373/421 635/67/41 639/1374/421
f 27/1372/420 640/1375/420 85/1376/422
f 699/1377/423 700/1378/424 698/1379/423
f 701/1380/424 702/1381/425 700/1382/424
f 655/1383/423 706/1384/424 656/1385/424
f 649/1386/14 685/1387/14 648/1388/14
f 695/1389/426 696/1390/99 694/1391/426
f 652/1392/427 709/1393/426 653/1394/426
f 693/1395/427 694/1391/426 692/1396/427
f 649/1397/428 712/1398/87 650/1399/87
f 656/1400/14 703/1401/14 701/1402/14
f 691/1403/429 692/1404/427 690/1405/429
f 646/1406/73 715/1407/430 647/1408/430
f 689/1409/87 690/1405/429 688/1410/87
f 737/1411/431 718/1412/432 644/1413/432
f 645/1414/14 681/1415/14 679/1416/14
f 687/1417/428 688/1410/87 686/1418/428
f 656/1419/424 740/1420/425 742/1421/425
f 653/1422/14 697/1423/14 695/1424/14
f 685/1425/433 686/1418/428 684/1426/433
f 653/1394/426 708/1427/99 654/1428/99
f 683/1429/430 684/1430/433 682/1431/430
f 650/1399/87 711/1432/429 651/1433/429
f 681/1434/73 682/1431/430 680/1435/73
f 647/1408/430 714/1436/433 648/1437/433
f 651/1438/14 689/1439/14 650/1440/14
f 679/1441/434 680/1435/73 678/1442/434
f 644/1443/432 717/1444/434 645/1445/434
f 677/1446/432 678/1442/434 676/1447/432
f 654/1428/99 707/1448/423 655/1383/423
f 674/1449/431 676/1450/432 673/1451/431
f 651/1433/429 710/1452/427 652/1453/427
f 737/1454/14 675/1455/14 642/1456/14
f 675/1457/141 673/1451/431 672/1458/141
f 648/1459/433 713/1460/428 649/1397/428
f 648/1388/14 683/1461/14 647/1462/14
f 645/1445/434 716/1463/73 646/1406/73
f 665/1464/429 726/1465/435 666/1466/427
f 655/1467/14 701/1402/14 699/1468/14
f 697/1469/99 698/1379/423 696/1390/99
f 746/1470/436 749/1471/437 743/1472/436
f 703/1473/425 672/1458/141 702/1381/425
f 652/1474/14 691/1475/14 651/1438/14
f 737/1454/14 677/1476/14 674/1477/14
f 642/1456/14 703/1401/14 742/1478/14
f 654/1479/14 699/1468/14 697/1423/14
f 647/1462/14 681/1415/14 646/1480/14
f 650/1440/14 687/1481/14 649/1386/14
f 652/1474/14 695/1424/14 693/1482/14
f 645/1414/14 677/1476/14 644/1483/14
f 641/1484/7 740/1485/7 671/1486/7
f 670/1487/7 740/1485/7 706/1488/7
f 670/1487/7 707/1489/7 669/1490/7
f 669/1490/7 708/1491/7 668/1492/7
f 667/1493/7 708/1491/7 709/1494/7
f 666/1495/7 709/1494/7 710/1496/7
f 666/1495/7 711/1497/7 665/1498/7
f 664/1499/7 711/1497/7 712/1500/7
f 664/1499/7 713/1501/7 663/1502/7
f 662/1503/7 713/1501/7 714/1504/7
f 662/1503/7 715/1505/7 661/1506/7
f 661/1506/7 716/1507/7 660/1508/7
f 660/1508/7 717/1509/7 659/1510/7
f 659/1510/7 718/1511/7 658/1512/7
f 658/1512/7 738/1513/7 53/1514/7
f 641/1484/7 738/1513/7 704/1515/7
f 731/1516/438 817/1517/439 816/1518/440
f 53/1519/431 734/1520/441 658/1521/432
f 664/1522/87 727/1523/442 665/1464/429
f 671/1524/425 720/1525/443 641/1522/141
f 641/1522/141 735/1526/444 53/1519/431
f 664/1522/87 729/1527/445 728/1528/446
f 670/1529/424 721/1530/447 671/1524/425
f 662/1531/433 729/1527/445 663/1532/428
f 669/1533/423 722/1534/448 670/1535/424
f 661/1536/430 730/1537/449 662/1538/433
f 668/1539/99 723/1540/450 669/1533/423
f 660/1541/73 731/1516/438 661/1536/430
f 667/1542/426 724/1543/451 668/1539/99
f 660/1541/73 733/1544/452 732/1545/453
f 666/1546/427 725/1547/454 667/1542/426
f 659/1548/434 734/1549/441 733/1544/452
f 725/1547/454 809/1550/455 724/1543/451
f 733/1544/452 817/1517/439 732/1545/453
f 725/1547/454 811/1551/456 810/1552/457
f 734/1549/441 818/1553/458 733/1544/452
f 726/1465/435 812/1554/459 811/1555/456
f 735/1526/444 819/1556/460 734/1520/441
f 727/1523/442 813/1557/461 812/1554/459
f 720/1525/443 806/1558/462 805/1559/463
f 720/1525/443 820/1560/464 735/1526/444
f 729/1527/445 813/1557/461 728/1528/446
f 722/1561/448 806/1558/462 721/1530/447
f 730/1562/449 814/1563/465 729/1527/445
f 722/1534/448 808/1564/466 807/1565/467
f 731/1516/438 815/1566/468 730/1537/449
f 724/1543/451 808/1564/466 723/1540/450
f 643/1567/469 738/1568/431 737/1411/431
f 705/1569/470 704/1570/141 739/1571/141
f 643/1567/469 642/1572/141 741/1573/141
f 657/1574/470 740/1420/425 705/1569/470
f 719/1575/469 704/1570/141 738/1568/431
f 657/1574/470 642/1572/141 742/1421/425
f 747/1576/471 823/1577/472 745/1578/473
f 746/1579/474 823/1577/472 822/1580/475
f 739/1581/7 748/1582/476 705/1583/7
f 705/1584/99 747/1585/477 657/1586/99
f 741/1587/14 747/1576/471 745/1578/473
f 643/1588/73 743/1472/436 719/1589/73
f 739/1581/7 743/1590/478 744/1591/479
f 741/1587/14 746/1579/474 643/1592/14
f 750/1593/87 826/1594/480 754/1594/480
f 753/1595/481 1842/1596/7 1844/1597/7
f 822/1598/437 1842/1599/73 749/1471/437
f 752/1600/482 1955/1601/99 821/1602/482
f 753/1595/481 1845/1603/7 752/1604/483
f 748/1582/476 753/1595/481 752/1604/483
f 743/1590/478 753/1595/481 744/1591/479
f 747/1585/477 752/1600/482 821/1602/482
f 24/1605/484 1875/1606/485 778/1607/486
f 764/1608/487 1859/1609/488 1663/1610/488
f 613/1611/489 769/1612/490 771/1613/489
f 4/1614/491 778/1607/486 781/1615/491
f 613/1616/492 767/1617/493 764/1608/487
f 755/1618/494 1732/1619/495 756/1620/496
f 756/1621/141 757/1622/141 755/1623/141
f 759/1624/14 1955/1625/14 760/1626/14
f 614/1627/497 761/1628/498 762/1629/499
f 613/1630/500 10/1631/501 763/1632/502
f 1663/1633/503 10/1631/501 764/1634/504
f 1669/1635/505 765/1636/506 1855/1637/505
f 614/1627/497 765/1636/506 5/1638/507
f 613/1630/500 761/1628/498 616/1639/508
f 770/1640/509 766/1641/510 769/1642/511
f 768/1643/512 1858/1644/513 766/1641/510
f 766/1641/510 1859/1645/514 767/1646/515
f 769/1642/511 767/1646/515 771/1647/516
f 616/1648/517 770/1649/518 769/1612/490
f 614/1650/519 768/79/50 770/1651/519
f 4/1652/520 772/71/521 24/1653/522
f 16/1654/523 774/229/524 775/233/525
f 16/1654/523 776/1655/526 51/1656/527
f 1670/1657/528 774/229/524 18/1658/529
f 24/1653/522 1871/85/530 1664/1659/531
f 4/1652/520 776/1655/526 773/72/532
f 777/1660/533 782/1661/523 780/1662/534
f 1874/1663/535 779/1664/536 777/1660/533
f 1875/1665/537 777/1660/533 778/1666/538
f 778/1666/538 780/1662/534 781/1667/539
f 16/1668/540 780/45/29 782/1669/540
f 18/156/91 1877/1670/541 1670/1671/541
f 72/70/14 1674/7/5 789/9/6
f 800/89/33 1882/106/14 1677/141/33
f 72/1672/87 785/1673/87 784/1674/87
f 72/1675/87 786/1676/87 785/1673/87
f 72/1677/87 787/1678/87 786/1676/87
f 72/1679/87 788/1680/87 787/1678/87
f 72/1681/87 789/1682/87 788/1680/87
f 72/1683/87 790/1684/87 783/1685/87
f 72/1686/87 791/1687/87 790/1684/87
f 72/1688/87 792/1689/87 791/1687/87
f 72/1690/87 793/1691/87 792/1689/87
f 72/1692/87 784/1674/87 793/1691/87
f 54/1693/87 796/1694/87 795/1695/87
f 54/1696/87 797/1697/87 796/1694/87
f 54/1698/87 798/1699/87 797/1697/87
f 54/1700/87 799/1701/87 798/1699/87
f 54/1702/87 800/1703/87 799/1701/87
f 54/1704/87 801/1705/87 794/1706/87
f 54/1707/87 802/1708/87 801/1705/87
f 54/1709/87 803/1710/87 802/1708/87
f 54/1711/87 804/1712/87 803/1710/87
f 54/1713/87 795/1695/87 804/1712/87
f 736/1714/7 805/1715/7 806/1716/7
f 736/1717/7 806/1716/7 807/1718/7
f 736/1719/7 807/1718/7 808/1720/7
f 736/1721/7 808/1720/7 809/1722/7
f 736/1723/7 809/1722/7 810/1724/7
f 736/1725/7 810/1724/7 811/1726/7
f 736/1727/7 811/1726/7 812/1728/7
f 736/1729/7 812/1728/7 813/1730/7
f 736/1731/7 813/1730/7 814/1732/7
f 736/1733/7 814/1732/7 815/1734/7
f 736/1735/7 815/1734/7 816/1736/7
f 736/1737/7 816/1736/7 817/1738/7
f 736/1739/7 817/1738/7 818/1740/7
f 736/1741/7 818/1740/7 819/1742/7
f 736/1743/7 819/1742/7 820/1744/7
f 736/1745/7 820/1744/7 805/1715/7
f 751/1746/14 1955/1625/14 1846/1747/14
f 754/1594/14 1953/1748/14 822/1580/475
f 751/1746/14 823/1577/472 821/1749/542
f 754/1594/14 823/1577/472 750/1593/14
f 824/1593/14 1961/1750/14 826/1594/14
f 824/1593/14 1962/1747/14 1960/1751/14
f 754/1594/73 1961/1750/73 1843/1750/73
f 751/1746/543 824/1593/87 750/1593/87
f 1846/1747/99 825/1746/99 751/1746/99
f 947/3/1 905/1752/1 1883/1/1
f 869/4/544 1851/5/545 1531/58/546
f 847/8/5 1674/7/5 1889/9/547
f 839/11/548 1671/10/7 1673/12/7
f 917/15/549 968/1753/550 976/13/551
f 895/17/552 994/16/553 896/18/554
f 1292/20/14 1668/19/5 847/21/5
f 865/22/555 837/23/556 832/84/557
f 1012/25/558 1004/26/558 1011/1754/558
f 1671/10/7 1854/1755/559 1855/28/7
f 868/30/560 837/31/561 916/1756/562
f 1661/33/14 840/34/14 1883/1/1
f 843/29/548 1850/36/563 1854/1755/559
f 1041/39/564 1026/38/565 1027/40/566
f 841/41/567 1525/42/568 876/163/568
f 1878/45/569 830/44/570 877/46/571
f 1521/47/572 1542/48/573 1523/161/573
f 1291/51/7 855/50/7 1283/52/7
f 839/11/548 1534/37/563 843/29/548
f 851/54/33 845/55/14 840/34/14
f 869/4/544 1530/1348/546 864/57/574
f 965/59/575 956/60/576 955/326/577
f 864/57/574 1535/62/546 913/63/578
f 1536/64/563 839/11/548 912/65/548
f 1541/67/579 911/66/580 1537/68/581
f 1881/69/14 1883/1/1 898/70/14
f 1865/71/582 837/23/583 1866/72/584
f 912/65/548 1673/12/7 1684/73/7
f 986/75/585 834/74/586 867/76/585
f 831/77/587 1861/78/49 1669/1757/49
f 1889/9/547 934/1758/33 942/80/588
f 865/22/555 1667/82/52 1679/83/52
f 1871/85/54 832/84/589 1865/71/582
f 1662/86/33 840/34/14 1672/35/14
f 1900/89/33 964/1759/55 969/87/33
f 1694/92/7 983/1760/7 1689/90/7
f 1683/94/57 994/16/553 1665/93/56
f 871/1761/590 857/1762/591 875/1763/592
f 1682/100/7 861/198/593 1678/98/7
f 973/103/63 887/1764/63 1894/101/62
f 1882/106/14 1894/101/62 880/104/14
f 885/108/594 964/107/594 886/109/594
f 892/99/593 860/110/595 861/198/593
f 888/112/596 960/113/596 889/346/596
f 893/115/597 870/116/598 860/197/599
f 1697/119/14 1010/118/14 1699/120/14
f 1285/122/7 1729/121/7 858/123/7
f 1002/125/7 1698/124/7 1008/126/7
f 1676/105/62 835/127/63 1894/101/62
f 897/130/600 979/129/601 895/131/602
f 1283/132/73 866/133/73 1282/998/73
f 829/1765/603 918/1766/604 857/1762/591
f 973/137/605 953/114/606 957/350/607
f 845/1767/608 871/1761/590 875/1763/592
f 851/54/33 1677/141/33 1900/89/33
f 873/142/609 1293/143/610 838/1768/611
f 833/145/84 874/146/85 872/1769/612
f 1666/148/84 874/146/85 835/147/84
f 1293/149/14 847/21/5 838/150/613
f 962/152/141 884/151/594 883/153/614
f 1876/155/615 842/154/616 844/156/617
f 1518/157/618 1539/158/618 852/1368/618
f 1542/48/573 1518/160/619 1523/161/573
f 1525/42/568 828/162/620 876/163/568
f 1895/166/14 882/1770/96 1896/164/96
f 1896/169/96 883/1771/97 1897/167/97
f 883/171/97 1898/170/98 1897/172/97
f 1898/170/98 885/176/99 1899/173/99
f 885/176/99 1900/1772/100 1899/173/99
f 891/177/621 952/179/614 961/178/621
f 972/180/622 960/113/623 974/181/624
f 887/183/105 1901/182/73 1894/184/105
f 888/186/73 1902/188/106 1901/182/73
f 889/185/106 1903/187/107 1902/188/106
f 1903/189/107 891/190/108 1904/1773/108
f 891/192/108 1895/166/14 1904/193/108
f 917/6/549 893/115/597 1851/5/545
f 836/194/625 893/111/595 892/99/593
f 1853/196/7 892/99/593 1682/100/7
f 870/116/598 895/131/602 860/197/599
f 861/198/593 1683/94/57 1678/98/7
f 860/110/595 896/18/554 861/198/593
f 882/199/621 959/200/626 958/358/621
f 897/202/600 870/204/598 975/203/551
f 1884/207/14 900/209/96 1885/205/96
f 900/209/96 1886/208/97 1885/205/96
f 1886/212/97 902/214/98 1887/210/98
f 1887/210/98 903/216/99 1888/213/99
f 903/216/99 1889/215/100 1888/213/99
f 905/218/105 1890/217/73 1883/219/105
f 906/221/73 1891/222/106 1890/217/73
f 907/220/106 1892/1774/107 1891/222/106
f 908/225/107 1893/224/108 1892/226/107
f 909/227/108 1884/207/14 1893/224/108
f 1535/62/546 1869/228/627 1866/32/628
f 1867/229/559 1684/73/7 1870/230/7
f 914/232/629 1868/231/630 1869/228/627
f 1868/233/563 912/65/548 1867/229/559
f 913/63/578 1866/32/628 868/30/560
f 932/235/551 900/234/621 899/236/626
f 942/238/631 936/237/632 943/239/633
f 944/240/634 936/237/632 939/242/635
f 941/241/636 939/242/635 927/297/637
f 916/245/562 940/1775/638 951/243/551
f 864/246/574 913/248/578 950/247/621
f 947/249/639 931/250/640 933/311/641
f 948/252/642 931/250/640 946/251/643
f 949/254/644 935/253/645 948/252/642
f 950/247/621 922/1776/646 869/255/544
f 1014/259/99 1016/1777/99 1017/257/99
f 925/261/73 1679/260/73 1687/262/73
f 1282/263/73 921/264/73 925/1778/73
f 862/267/647 922/266/646 918/268/604
f 987/270/141 926/269/141 863/271/141
f 1282/263/73 1687/272/73 1685/273/73
f 940/274/648 927/275/637 937/304/649
f 908/278/141 930/277/614 909/279/621
f 923/14/650 869/255/544 922/1776/646
f 968/280/651 962/281/652 963/348/653
f 970/283/654 954/284/655 972/365/622
f 916/286/73 925/261/73 921/287/73
f 1001/289/87 984/288/87 983/290/87
f 992/292/656 924/291/657 920/293/656
f 934/294/141 903/295/141 936/237/141
f 902/298/141 927/297/141 939/242/141
f 932/235/551 909/299/621 928/302/621
f 935/253/141 906/300/141 931/250/141
f 928/302/621 909/299/621 930/303/614
f 901/305/141 937/304/614 927/275/141
f 913/307/658 929/306/659 932/308/660
f 903/295/141 939/242/141 936/237/141
f 937/309/614 900/234/621 929/310/621
f 906/300/141 933/311/141 931/250/141
f 938/312/141 907/301/141 935/253/141
f 949/314/661 922/266/646 945/322/662
f 921/315/663 941/276/664 940/274/638
f 866/317/665 944/240/666 941/241/664
f 855/318/667 943/239/668 944/240/666
f 838/320/611 943/239/668 873/319/609
f 938/321/669 945/322/670 930/277/671
f 918/1766/604 948/1779/672 857/1762/591
f 857/1762/591 946/1780/673 875/1763/592
f 875/1763/592 947/1781/674 845/1767/608
f 967/327/675 955/326/577 962/152/652
f 913/307/658 928/328/676 950/329/677
f 950/329/677 930/330/671 945/1782/670
f 913/248/578 868/331/560 951/243/551
f 937/333/649 951/332/678 940/334/648
f 966/1783/679 827/1784/680 969/1785/681
f 971/138/682 854/336/683 974/181/684
f 959/338/626 891/177/621 961/178/621
f 952/285/614 890/340/685 954/284/596
f 862/1786/647 965/1787/686 967/1788/687
f 885/108/594 955/326/594 956/60/594
f 954/345/596 889/346/596 960/113/596
f 883/349/614 963/348/614 962/281/141
f 888/112/596 957/350/596 953/114/596
f 870/352/688 958/351/689 959/353/690
f 952/354/691 975/355/692 961/373/693
f 963/357/614 882/199/621 958/358/621
f 956/60/576 969/359/694 964/107/695
f 923/360/650 967/282/687 968/280/550
f 829/1765/603 966/1783/679 965/1787/686
f 953/361/606 974/362/624 960/1789/623
f 985/364/696 972/365/697 982/1790/698
f 982/366/698 974/181/684 854/336/683
f 833/367/699 971/138/682 973/137/700
f 985/369/696 897/202/600 975/203/551
f 963/371/653 976/370/701 968/372/651
f 870/352/688 961/373/693 975/355/692
f 870/204/598 894/374/702 976/13/551
f 849/375/99 979/376/99 834/380/99
f 995/378/99 849/375/99 863/379/99
f 834/380/99 981/381/99 867/1791/99
f 920/382/99 996/383/99 919/1792/99
f 926/385/99 995/386/99 863/1793/99
f 867/388/99 985/389/99 924/1794/99
f 985/392/99 920/391/99 924/393/99
f 919/394/99 997/395/99 926/1795/99
f 987/398/99 991/397/99 986/399/99
f 993/401/99 988/400/99 992/402/99
f 989/403/99 986/404/99 988/1796/99
f 991/407/703 849/406/703 834/408/703
f 926/409/141 993/410/141 919/1797/141
f 988/413/657 867/412/585 924/414/657
f 993/416/7 920/415/7 919/417/7
f 849/418/141 987/419/141 863/1798/141
f 1665/422/99 978/421/99 1688/423/99
f 978/421/99 995/378/99 980/1799/99
f 983/424/99 1686/148/99 1689/1800/99
f 980/426/99 997/387/99 984/1801/99
f 997/395/99 983/427/99 984/428/99
f 1692/430/99 1000/429/99 998/431/99
f 1001/432/99 1693/433/99 999/1802/99
f 1692/436/99 999/435/99 1693/437/99
f 998/439/87 978/438/87 980/440/87
f 984/441/87 998/442/87 980/1803/87
f 1000/446/14 1688/1804/14 978/444/14
f 1697/448/188 1003/447/188 1007/449/188
f 1040/451/704 1024/450/705 1026/38/565
f 1696/453/191 1002/452/191 1003/447/191
f 1008/454/706 1030/455/87 1002/542/87
f 1024/459/14 1006/1805/14 1009/457/14
f 1006/460/707 1012/25/707 1009/461/707
f 854/462/708 1206/463/709 982/1806/710
f 1707/466/198 1014/465/198 1701/467/198
f 1011/468/73 1020/469/73 1012/491/73
f 1704/472/199 874/471/85 1681/473/85
f 1025/474/73 1019/470/73 1011/468/73
f 1010/476/73 1702/477/73 1699/1807/73
f 1022/479/711 1029/480/712 1013/540/713
f 1036/483/714 1025/482/715 1023/484/716
f 1021/486/73 1024/485/73 1009/487/73
f 1013/488/73 1702/477/73 1022/478/73
f 1021/486/73 1019/470/73 1027/475/73
f 1014/259/99 1700/489/99 1701/490/99
f 1020/469/73 1009/487/73 1012/491/73
f 1010/492/717 1028/481/718 1022/479/711
f 1018/494/208 1706/495/208 1700/1808/208
f 1703/498/73 1008/497/73 1698/499/73
f 874/471/85 1207/500/719 872/1809/612
f 1211/502/208 1018/494/208 1017/503/208
f 856/504/720 1033/505/721 859/541/722
f 859/508/191 1004/507/191 1005/509/191
f 1006/510/188 859/508/188 1005/509/188
f 1011/514/7 1023/1810/7 1025/512/7
f 1039/517/7 1030/1811/7 1031/515/7
f 1035/518/212 1032/519/188 1033/522/188
f 1032/519/191 1036/521/191 1033/522/191
f 1029/524/214 1039/523/214 1031/525/214
f 1040/526/73 1029/524/73 1028/527/73
f 1038/528/73 1028/527/73 1037/1812/73
f 1214/531/14 1038/1813/14 1037/529/14
f 1034/533/87 1037/493/723 1010/492/717
f 1025/482/715 1041/39/564 1027/40/566
f 1032/536/87 1007/535/87 1003/537/87
f 1038/539/724 1035/506/725 856/504/720
f 1029/480/712 1008/454/706 1013/540/713
f 1033/505/721 1023/484/716 859/541/722
f 1002/542/87 1032/536/87 1003/537/87
f 1062/544/73 1049/543/73 1047/545/73
f 1086/548/220 1113/570/99 1085/546/726
f 1077/549/228 1064/550/99 1076/571/224
f 1122/554/73 1043/672/73 1073/552/73
f 1055/555/73 1106/556/73 1057/654/73
f 1074/560/241 1121/578/99 1089/558/244
f 1044/562/99 1080/561/226 1081/563/232
f 1112/565/73 1065/564/73 1063/566/73
f 1045/568/73 1062/544/73 1047/545/73
f 1085/546/726 1111/569/99 1084/673/227
f 1064/550/99 1075/669/225 1076/571/224
f 1120/574/73 1073/552/73 1071/573/73
f 1053/575/73 1046/557/73 1055/555/73
f 1089/558/244 1119/668/99 1088/577/245
f 1059/666/73 1067/662/73 1043/672/73
f 1048/580/99 1079/579/221 1080/561/226
f 1110/581/73 1063/566/73 1061/582/73
f 1119/584/254 1118/583/253 1117/585/253
f 1075/587/225 1090/586/242 1091/588/240
f 1092/590/239 1075/587/225 1091/588/240
f 1093/592/238 1076/589/224 1092/590/239
f 1094/594/237 1077/591/228 1093/592/238
f 1079/596/221 1094/594/237 1095/595/235
f 1096/597/234 1079/596/221 1095/595/235
f 1081/600/232 1096/597/234 1097/599/233
f 1098/602/231 1081/600/232 1097/599/233
f 1083/604/222 1098/602/231 1099/603/252
f 1084/605/227 1099/603/252 1100/606/251
f 1101/608/249 1084/605/227 1100/606/251
f 1086/609/220 1101/608/249 1102/610/248
f 1103/611/247 1086/609/220 1102/610/248
f 1088/613/245 1103/611/247 1104/614/246
f 1105/616/243 1088/613/245 1104/614/246
f 1090/586/242 1089/615/244 1105/616/243
f 1042/618/99 1091/588/240 1090/586/242
f 1042/618/99 1092/590/239 1091/588/240
f 1042/618/99 1093/592/238 1092/590/239
f 1042/618/99 1094/594/237 1093/592/238
f 1042/618/99 1095/595/235 1094/594/237
f 1042/618/99 1096/597/234 1095/595/235
f 1042/618/99 1097/599/233 1096/597/234
f 1042/618/99 1098/602/231 1097/599/233
f 1042/618/99 1099/603/252 1098/602/231
f 1042/618/99 1100/606/251 1099/603/252
f 1042/618/99 1101/608/249 1100/606/251
f 1042/618/99 1102/610/248 1101/608/249
f 1042/618/99 1103/611/247 1102/610/248
f 1042/618/99 1104/614/246 1103/611/247
f 1042/618/99 1105/616/243 1104/614/246
f 1042/618/99 1090/586/242 1105/616/243
f 1117/585/253 1116/1814/7 1115/619/7
f 1115/619/7 1114/620/229 1113/621/229
f 1113/621/229 1112/1815/230 1111/622/230
f 1111/625/230 1110/1816/262 1109/623/262
f 1109/623/262 1108/626/141 1107/627/141
f 1107/627/141 1106/628/261 1044/629/261
f 1048/631/260 1106/628/261 1046/630/260
f 1048/633/260 1050/632/259 1052/634/259
f 1052/634/259 1054/635/14 1056/636/14
f 1056/636/14 1058/637/258 1060/638/258
f 1060/638/258 1062/639/257 1064/640/257
f 1064/642/257 1068/641/256 1070/643/256
f 1070/643/256 1066/644/87 1072/645/87
f 1121/647/255 1120/646/254 1119/648/254
f 1072/645/87 1122/649/255 1121/647/255
f 1114/651/73 1067/662/73 1065/564/73
f 1107/652/99 1081/563/232 1082/653/223
f 1057/654/73 1108/655/73 1059/666/73
f 1078/656/236 1060/551/99 1077/549/228
f 1117/658/99 1086/548/220 1087/659/219
f 1058/661/73 1051/660/73 1049/543/73
f 1116/650/73 1069/671/73 1067/662/73
f 1083/664/222 1107/652/99 1082/653/223
f 1108/655/73 1061/582/73 1059/666/73
f 1052/667/99 1078/656/236 1079/579/221
f 1119/668/99 1087/659/219 1088/577/245
f 1075/669/225 1072/559/99 1074/560/241
f 1054/670/73 1053/575/73 1051/660/73
f 1069/671/73 1120/574/73 1071/573/73
f 1066/553/73 1045/568/73 1043/672/73
f 1084/673/227 1109/665/99 1083/664/222
f 1143/675/73 1130/674/73 1128/676/73
f 1196/678/99 1166/677/250 1167/679/220
f 1158/680/228 1145/681/99 1157/702/224
f 1154/683/73 1147/684/73 1124/804/73
f 1127/688/73 1138/786/73 1136/686/73
f 1153/690/99 1170/689/244 1155/691/241
f 1162/694/232 1129/711/99 1161/692/226
f 1144/697/73 1195/783/73 1146/695/73
f 1149/698/73 1128/676/73 1126/699/73
f 1194/701/99 1165/805/227 1166/677/250
f 1157/702/224 1151/703/99 1156/801/225
f 1152/704/73 1203/685/73 1154/683/73
f 1131/707/73 1136/686/73 1134/706/73
f 1202/709/99 1169/708/245 1170/689/244
f 1140/798/73 1148/794/73 1124/804/73
f 1161/692/226 1133/710/99 1160/799/221
f 1191/712/73 1144/697/73 1142/713/73
f 1200/715/254 1199/714/253 1198/716/253
f 1172/719/240 1155/748/241 1171/717/242
f 1157/721/224 1172/719/240 1173/720/239
f 1174/722/238 1157/721/224 1173/720/239
f 1159/724/236 1174/722/238 1175/725/237
f 1160/727/221 1175/725/237 1176/726/235
f 1177/728/234 1160/727/221 1176/726/235
f 1162/730/232 1177/728/234 1178/731/233
f 1179/733/231 1162/730/232 1178/731/233
f 1180/734/252 1163/732/223 1179/733/231
f 1165/736/227 1180/734/252 1181/737/251
f 1166/739/250 1181/737/251 1182/738/249
f 1167/740/220 1182/738/249 1183/741/248
f 1184/742/247 1167/740/220 1183/741/248
f 1169/744/245 1184/742/247 1185/745/246
f 1186/746/243 1169/744/245 1185/745/246
f 1171/717/242 1170/747/244 1186/746/243
f 1123/749/99 1172/719/240 1171/717/242
f 1123/749/99 1173/720/239 1172/719/240
f 1123/749/99 1174/722/238 1173/720/239
f 1123/749/99 1175/725/237 1174/722/238
f 1123/749/99 1176/726/235 1175/725/237
f 1123/749/99 1177/728/234 1176/726/235
f 1123/749/99 1178/731/233 1177/728/234
f 1123/749/99 1179/733/231 1178/731/233
f 1123/749/99 1180/734/252 1179/733/231
f 1123/749/99 1181/737/251 1180/734/252
f 1123/749/99 1182/738/249 1181/737/251
f 1123/749/99 1183/741/248 1182/738/249
f 1123/749/99 1184/742/247 1183/741/248
f 1123/749/99 1185/745/246 1184/742/247
f 1123/749/99 1186/746/243 1185/745/246
f 1123/749/99 1171/717/242 1186/746/243
f 1198/716/253 1197/1817/7 1196/750/7
f 1196/750/7 1195/751/229 1194/752/229
f 1194/752/229 1193/753/230 1192/754/230
f 1192/757/230 1191/1818/262 1190/755/262
f 1190/755/262 1189/758/141 1188/759/141
f 1188/759/141 1187/760/261 1125/761/261
f 1129/763/260 1187/760/261 1127/762/260
f 1133/766/259 1127/1819/260 1131/764/259
f 1133/766/259 1135/767/14 1137/768/14
f 1137/768/14 1139/769/258 1141/770/258
f 1141/770/258 1143/771/257 1145/772/257
f 1145/774/257 1149/773/256 1151/775/256
f 1151/775/256 1147/776/87 1153/777/87
f 1202/779/255 1201/778/254 1200/780/254
f 1153/777/87 1203/781/255 1202/779/255
f 1146/695/73 1197/782/73 1148/794/73
f 1163/785/223 1125/693/99 1162/694/232
f 1187/687/73 1140/798/73 1138/786/73
f 1159/788/236 1141/682/99 1158/680/228
f 1198/790/99 1167/679/220 1168/791/219
f 1139/793/73 1132/792/73 1130/674/73
f 1197/782/73 1150/803/73 1148/794/73
f 1164/796/222 1188/784/99 1163/785/223
f 1189/787/73 1142/713/73 1140/798/73
f 1160/799/221 1137/789/99 1159/788/236
f 1200/800/99 1168/791/219 1169/708/245
f 1156/801/225 1153/690/99 1155/691/241
f 1135/802/73 1134/706/73 1132/792/73
f 1150/803/73 1201/705/73 1152/704/73
f 1147/684/73 1126/699/73 1124/804/73
f 1165/805/227 1190/797/99 1164/796/222
f 1210/807/99 1209/806/99 1206/463/709
f 1209/806/99 1707/808/99 1705/1820/99
f 1211/810/99 1204/464/727 1207/811/728
f 1208/812/99 1211/810/99 1207/811/728
f 1706/814/99 1208/812/99 1704/815/99
f 1204/464/727 1210/807/99 1206/463/709
f 1014/465/198 1210/817/198 1015/827/198
f 1207/811/728 854/462/708 872/819/729
f 996/820/265 1705/821/266 1686/1821/266
f 1210/824/730 1016/823/731 1015/825/730
f 1206/826/265 996/820/265 982/827/265
f 1016/823/731 1211/828/732 1017/1822/732
f 1034/831/213 1215/530/271 1214/531/271
f 1223/833/14 1217/832/14 1221/834/14
f 1711/836/99 1220/835/99 1221/837/99
f 1221/837/99 1222/838/99 1223/839/99
f 1223/841/141 1218/840/141 1219/842/141
f 1226/844/87 1220/843/87 1216/845/87
f 1219/847/73 1216/846/73 1217/848/73
f 1231/850/99 1225/849/99 1227/851/99
f 1224/849/73 1216/846/73 1218/852/73
f 1225/853/141 1218/840/141 1222/854/141
f 1227/851/99 1222/838/99 1220/835/99
f 1234/856/87 1231/855/87 1230/857/87
f 1228/859/73 1226/858/73 1224/849/73
f 1718/861/7 1238/860/7 1239/862/7
f 1229/864/141 1224/863/141 1225/853/141
f 1239/866/99 1233/865/99 1235/867/99
f 1233/869/141 1228/868/141 1229/864/141
f 1235/867/99 1229/870/99 1231/850/99
f 1232/865/73 1230/871/73 1228/859/73
f 1242/873/87 1239/872/87 1238/874/87
f 1236/876/73 1234/875/73 1232/865/73
f 1713/878/14 1227/877/14 1226/879/14
f 1237/881/141 1232/880/141 1233/869/141
f 1245/883/141 1240/882/141 1241/884/141
f 1241/884/141 1236/885/141 1237/881/141
f 1243/887/99 1237/886/99 1239/866/99
f 1240/889/73 1238/888/73 1236/876/73
f 1251/891/99 1245/890/99 1247/892/99
f 1247/892/99 1241/889/99 1243/887/99
f 1244/890/73 1242/893/73 1240/889/73
f 1717/895/14 1235/894/14 1234/896/14
f 1714/898/7 1230/897/7 1231/899/7
f 1248/901/73 1246/900/73 1244/890/73
f 1250/903/87 1247/902/87 1246/904/87
f 1249/906/141 1244/905/141 1245/883/141
f 1723/907/73 1242/893/73 1246/900/73
f 1253/909/141 1248/908/141 1249/906/141
f 1255/910/99 1249/901/99 1251/891/99
f 1252/912/73 1250/911/73 1248/901/73
f 1727/914/7 1252/913/7 1253/915/7
f 1721/916/14 1243/899/14 1242/917/14
f 1722/919/7 1246/918/7 1247/920/7
f 1252/921/7 1726/921/7 1254/921/7
f 1725/923/14 1251/922/14 1250/860/14
f 1712/924/99 1231/850/99 1227/851/99
f 1715/925/73 1226/858/73 1230/871/73
f 1716/926/99 1239/866/99 1235/867/99
f 1255/921/272 1727/921/272 1253/921/272
f 1708/927/73 1217/848/73 1216/846/73
f 1719/928/73 1234/875/73 1238/888/73
f 1724/929/99 1255/910/99 1251/891/99
f 1710/932/7 1216/1823/7 1220/930/7
f 1720/934/99 1247/933/99 1243/935/99
f 1726/936/73 1250/911/73 1254/937/73
f 1709/938/14 1221/834/14 1217/832/14
f 1281/939/99 1259/940/99 1269/1824/99
f 1276/944/733 1259/1825/733 1275/942/733
f 1271/945/274 1267/946/274 1261/1826/274
f 1277/950/141 1257/1827/734 1261/948/734
f 1256/953/14 1270/1828/14 1268/951/14
f 1271/955/7 1257/953/7 1269/951/7
f 1280/956/73 1267/957/735 1273/1829/73
f 1278/960/736 1263/959/737 1276/961/738
f 1279/963/739 1260/962/740 1277/964/741
f 1270/965/283 1265/966/283 1262/1830/283
f 1266/968/283 1270/965/283 1260/969/283
f 1280/956/73 1264/970/742 1278/971/736
f 1271/955/7 1259/974/7 1263/972/7
f 1258/974/14 1270/1828/14 1262/973/14
f 1264/975/274 1271/945/274 1263/976/274
f 1281/939/99 1257/977/99 1274/978/99
f 1256/979/99 1281/939/99 1274/978/99
f 1265/981/743 1280/956/73 1278/971/736
f 1261/983/744 1279/963/739 1277/964/741
f 1262/985/745 1278/960/736 1276/961/738
f 1266/987/746 1280/956/73 1272/982/73
f 1260/989/747 1274/949/141 1277/950/141
f 1262/991/748 1275/942/748 1258/990/748
f 1258/992/99 1281/939/99 1268/980/99
f 1283/132/73 915/993/73 858/994/73
f 1675/995/73 858/994/73 1729/996/73
f 915/993/73 1685/997/73 1728/1831/73
f 1285/1000/73 1730/999/73 1731/1001/73
f 1728/1004/14 1284/1832/14 915/1002/14
f 1284/1006/87 858/1005/87 915/1007/87
f 1296/1009/291 1291/1008/291 1290/1010/291
f 1290/1010/291 1734/1833/291 1733/1011/291
f 1303/1013/749 1289/1012/749 1286/1014/749
f 1297/1017/294 1303/1834/14 1286/1015/293
f 1734/1018/7 1283/52/7 1675/1019/7
f 1287/1020/750 873/142/609 855/1021/667
f 1292/1023/296 1289/1022/751 1288/1024/296
f 1295/1025/752 1292/1023/296 1288/1024/296
f 1294/1027/494 1732/1026/495 1295/1025/496
f 1293/1030/753 1286/1029/754 1289/1022/755
f 1290/1032/304 1294/1031/303 1297/1017/294
f 1286/1015/293 1290/1032/304 1297/1017/294
f 1299/1035/305 1300/1034/305 1301/1036/305
f 1302/1038/305 1298/1037/305 1299/1035/305
f 1288/1041/7 1301/1835/7 1295/1039/7
f 1300/1042/14 1297/1017/294 1294/1031/303
f 1295/1043/141 1300/1044/141 1294/1836/141
f 1302/1046/7 1288/1041/7 1289/1047/7
f 1741/1837/756 1304/1838/757 1742/1839/758
f 1743/1840/759 1306/1841/760 1304/1842/761
f 1307/1843/762 1306/1841/760 1305/1844/763
f 1309/1845/764 1308/1846/765 1307/1843/762
f 1311/1847/766 1310/1848/767 1309/1845/764
f 1313/1849/768 1312/1850/769 1311/1851/766
f 1315/1852/770 1314/1853/771 1313/1849/768
f 1317/1854/772 1316/1855/773 1315/1852/770
f 1319/1856/774 1318/1857/775 1317/1854/772
f 1319/1858/774 1322/1859/776 1320/1860/777
f 1323/1861/778 1322/1859/776 1321/1862/779
f 1323/1861/778 1326/1863/780 1324/1864/781
f 1767/1865/782 1326/1863/780 1325/1866/783
f 1353/1867/784 1320/1860/777 1322/1859/776
f 1769/1868/785 1327/1869/786 1767/1870/787
f 1315/1852/770 1376/1871/788 1317/1854/772
f 1344/1872/789 1742/1839/758 1304/1838/757
f 1950/1873/259 1340/1874/14 1341/1875/259
f 1349/1876/790 1312/1850/769 1314/1853/771
f 1345/1877/791 1304/1842/761 1306/1841/760
f 1354/1878/792 1322/1859/776 1324/1864/781
f 1316/1855/773 1349/1876/790 1314/1853/771
f 1308/1846/765 1345/1877/791 1306/1841/760
f 1355/1879/793 1324/1864/781 1326/1863/780
f 1318/1857/775 1350/1880/794 1316/1855/773
f 1310/1848/767 1346/1881/795 1308/1846/765
f 1356/1882/796 1326/1863/780 1327/1883/797
f 1320/1884/777 1351/1885/798 1318/1857/775
f 1312/1886/769 1347/1887/799 1310/1848/767
f 1770/1888/800 1356/1889/801 1327/1869/786
f 1788/1890/73 1329/1891/73 1328/1892/73
f 1787/1893/73 1330/1894/73 1329/1891/73
f 1330/1894/73 1345/1895/73 1331/1896/73
f 1331/1896/73 1346/1897/73 1332/1898/73
f 1332/1898/73 1347/1899/73 1333/1900/73
f 1333/1900/73 1348/1901/73 1334/1902/73
f 1334/1902/73 1349/1903/73 1335/1904/73
f 1335/1904/73 1350/1905/73 1336/1906/73
f 1350/1905/73 1337/1907/73 1336/1906/73
f 1351/1908/73 1338/1909/73 1337/1907/73
f 1352/1910/73 1339/1911/73 1338/1909/73
f 1353/1912/73 1340/1913/73 1339/1911/73
f 1354/1914/73 1341/1915/73 1340/1913/73
f 1355/1916/73 1342/1917/73 1341/1915/73
f 1342/1917/73 1802/1918/73 1343/1919/73
f 1343/1919/73 1788/1890/73 1328/1892/73
f 1334/1920/254 1942/1921/253 1333/1922/253
f 1951/1923/260 1341/1875/259 1342/1924/260
f 1944/1925/255 1334/1926/254 1335/1927/255
f 1952/1928/261 1342/1929/260 1343/1930/261
f 1945/1931/87 1335/1927/255 1336/1932/87
f 1329/1933/262 1938/1934/141 1328/1935/141
f 1938/1934/141 1343/1930/261 1328/1935/141
f 1337/1936/256 1945/1931/87 1336/1932/87
f 1330/1937/230 1937/1938/262 1329/1933/262
f 1338/1939/257 1946/1940/256 1337/1936/256
f 1331/1941/229 1939/1942/230 1330/1943/230
f 1948/1944/258 1338/1945/257 1339/1946/258
f 1332/1947/7 1940/1948/229 1331/1941/229
f 1949/1949/14 1339/1946/258 1340/1874/14
f 1333/1922/253 1941/1950/7 1332/1947/7
f 1307/1843/762 1380/1951/802 1309/1845/764
f 1834/1952/803 1358/1953/804 1383/1954/805
f 1382/1955/806 1360/1956/807 1381/1957/808
f 1360/1956/807 1380/1951/802 1381/1957/808
f 1361/1958/809 1379/1959/810 1380/1951/802
f 1362/1960/811 1378/1961/812 1379/1962/810
f 1382/1955/806 1307/1843/762 1305/1844/763
f 1319/1858/774 1374/1963/813 1321/1862/779
f 1373/1964/814 1325/1866/783 1323/1861/778
f 1313/1849/768 1377/1965/815 1315/1852/770
f 1371/1966/816 1769/1868/817 1767/1870/818
f 1317/1854/772 1375/1967/819 1319/1856/774
f 1311/1851/766 1378/1961/812 1313/1849/768
f 1372/1968/820 1767/1865/782 1325/1866/783
f 1383/1969/821 1359/1970/822 1382/1955/806
f 1364/1971/823 1376/1871/788 1377/1965/815
f 1371/1966/816 1819/1972/824 1820/1973/825
f 1321/1862/779 1373/1964/814 1323/1861/778
f 1363/1974/826 1377/1965/815 1378/1961/812
f 1741/1837/827 1383/1954/805 1743/1975/818
f 1804/1976/99 1364/1977/99 1360/1978/99
f 1365/1979/828 1375/1967/819 1376/1871/788
f 1366/1980/829 1374/1963/813 1375/1981/819
f 1309/1845/764 1379/1959/810 1311/1847/766
f 1367/1982/830 1373/1964/814 1374/1963/813
f 1373/1964/814 1369/1983/831 1372/1968/820
f 1743/1840/759 1382/1955/806 1305/1844/763
f 1372/1968/820 1370/1984/832 1371/1985/833
f 1403/1986/306 1397/1987/306 1402/1988/306
f 1404/1052/87 1387/1051/87 1403/1053/87
f 1412/1989/834 1388/1990/835 1384/1991/834
f 1396/1992/310 1390/1993/309 1386/1994/310
f 1399/1995/311 1387/1996/311 1391/1997/311
f 1406/1998/312 1392/1999/312 1405/2000/312
f 1398/2001/309 1393/2002/313 1390/1993/309
f 1392/2003/314 1399/1995/314 1391/1997/314
f 1404/1052/87 1392/1070/87 1391/2004/87
f 1407/2005/836 1397/1987/837 1385/2006/838
f 1398/2001/839 1384/2007/840 1388/2008/841
f 1385/2009/842 1399/2010/843 1389/2011/844
f 1408/2012/845 1401/2013/846 1394/2014/847
f 1394/2015/848 1398/2001/839 1388/2008/841
f 1399/2010/843 1395/2016/849 1389/2011/844
f 1400/2017/850 1408/2012/851 1395/2018/852
f 1396/2019/853 1407/2005/854 1384/2020/855
f 1393/1087/87 1404/1052/87 1390/1088/87
f 1401/2013/335 1405/2000/335 1393/2021/335
f 1385/2022/856 1410/1103/857 1407/2023/857
f 1386/1093/87 1404/1052/87 1403/1053/87
f 1386/2024/339 1402/1988/339 1396/2019/339
f 1416/2025/858 1389/2026/859 1395/2027/860
f 1415/1098/861 1417/1100/862 1414/1099/863
f 1416/1101/864 1417/1100/862 1409/1102/865
f 1410/1103/866 1417/1100/862 1412/1104/867
f 1411/1105/868 1417/1100/862 1410/1103/866
f 1412/1104/867 1417/1100/862 1413/1106/869
f 1414/1099/863 1417/1100/862 1416/1101/864
f 1413/1106/869 1417/1100/862 1415/1098/861
f 1409/1102/865 1417/1100/862 1411/1105/868
f 1389/2026/859 1411/2028/870 1385/2029/856
f 1394/2030/871 1414/1099/871 1408/2031/871
f 1410/1103/872 1384/2032/872 1407/2023/872
f 1388/1990/835 1415/2033/873 1394/2034/873
f 1414/1099/874 1395/2035/860 1408/2031/874
f 1437/2036/306 1431/2037/306 1436/2038/306
f 1438/1122/87 1421/1121/87 1437/1123/87
f 1446/2039/834 1422/2040/835 1418/2041/834
f 1430/2042/310 1424/2043/309 1420/2044/310
f 1433/2045/311 1421/2046/311 1425/2047/311
f 1440/2048/312 1426/2049/312 1439/2050/359
f 1432/2051/309 1427/2052/313 1424/2043/309
f 1426/2053/314 1433/2045/314 1425/2047/314
f 1438/1122/87 1426/1140/87 1425/2054/87
f 1441/2055/836 1431/2037/837 1419/2056/838
f 1432/2051/839 1418/2057/840 1422/2058/841
f 1419/2059/842 1433/2060/843 1423/2061/844
f 1442/2062/845 1435/2063/875 1428/2064/847
f 1428/2065/848 1432/2051/839 1422/2058/841
f 1433/2060/843 1429/2066/849 1423/2061/844
f 1434/2067/876 1442/2062/851 1429/2068/852
f 1430/2069/853 1441/2055/854 1418/2070/877
f 1427/1157/87 1438/1122/87 1424/1158/87
f 1435/2063/335 1439/2050/335 1427/2071/335
f 1419/2072/856 1444/1173/857 1441/2073/857
f 1420/1163/87 1438/1122/87 1437/1123/87
f 1420/2074/339 1436/2038/339 1430/2069/339
f 1450/2075/878 1423/2076/859 1429/2077/860
f 1449/1168/861 1451/1170/862 1448/1169/863
f 1450/1171/864 1451/1170/862 1443/1172/865
f 1444/1173/866 1451/1170/862 1446/1174/867
f 1445/1175/868 1451/1170/862 1444/1173/866
f 1446/1174/867 1451/1170/862 1447/1176/869
f 1448/1169/863 1451/1170/862 1450/1171/864
f 1447/1176/869 1451/1170/862 1449/1168/861
f 1443/1172/865 1451/1170/862 1445/1175/868
f 1423/2076/859 1445/2078/879 1419/2079/856
f 1428/2080/880 1448/1169/871 1442/2081/871
f 1444/1173/872 1418/2082/872 1441/2073/872
f 1422/2040/835 1449/2083/881 1428/2084/881
f 1448/1169/874 1429/2085/860 1442/2081/874
f 1463/1189/882 1454/1188/882 1455/1190/882
f 1454/1188/883 1459/2086/883 1455/1190/883
f 1456/1194/884 1459/2087/884 1458/1192/884
f 1452/1197/885 1457/2088/885 1456/1195/885
f 1454/1198/14 1456/1199/14 1458/2089/14
f 1457/1202/7 1455/1201/7 1459/1203/7
f 1466/1205/7 1463/1204/7 1462/1206/7
f 1452/1197/886 1462/1207/886 1453/1196/886
f 1453/1209/7 1463/1204/7 1455/1201/7
f 1460/1210/14 1452/1200/14 1454/1198/14
f 1465/1213/887 1467/2090/887 1466/1211/887
f 1460/1210/14 1465/1214/14 1461/2091/14
f 1467/1216/888 1460/2092/888 1463/1189/888
f 1461/1208/889 1466/2093/889 1462/1207/889
f 1480/1218/890 1471/1219/891 1469/1244/892
f 1494/1222/882 1471/1221/882 1486/1223/882
f 1483/1225/884 1475/1224/884 1489/1226/884
f 1501/1228/893 1469/1227/894 1498/1229/894
f 1468/1231/895 1495/1230/896 1487/1232/896
f 1497/1233/897 1469/1227/894 1471/2094/897
f 1499/1234/886 1477/1235/886 1501/2095/886
f 1483/1225/884 1478/1237/884 1473/2096/884
f 1480/1218/898 1476/1239/899 1468/1254/900
f 1468/1231/895 1500/1241/901 1496/2097/895
f 1477/1243/902 1480/1218/890 1469/1244/892
f 1479/1245/884 1483/1225/884 1472/1246/884
f 1476/1247/886 1499/1234/886 1500/1248/886
f 1488/1249/884 1483/1225/884 1489/1226/884
f 1492/1251/903 1470/1250/903 1474/1252/903
f 1487/1253/904 1480/1218/898 1468/1254/900
f 1481/1255/882 1487/1256/882 1470/1258/882
f 1487/1256/882 1474/1257/882 1470/1258/882
f 1495/1260/882 1482/1259/882 1474/1257/882
f 1494/1222/882 1481/1255/882 1482/1259/882
f 1491/1261/882 1493/1262/882 1490/2098/882
f 1481/1264/905 1493/1265/905 1482/2099/905
f 1493/1268/884 1474/1267/884 1482/1269/884
f 1470/1270/906 1490/1271/906 1481/2100/906
f 1494/1274/884 1488/1273/884 1489/1275/884
f 1488/1273/884 1496/1276/884 1472/1286/884
f 1498/1279/884 1475/1278/884 1473/1280/884
f 1479/1281/884 1499/1282/884 1485/1288/884
f 1478/1284/884 1498/1279/884 1473/1280/884
f 1496/1276/884 1479/1281/884 1472/1286/884
f 1475/1278/884 1494/1274/884 1489/1275/884
f 1499/1282/884 1478/1284/884 1485/1288/884
f 1513/1290/882 1504/1289/882 1505/1291/882
f 1504/1289/883 1509/1292/883 1505/1291/883
f 1506/1296/884 1509/2101/884 1508/1294/884
f 1502/1298/885 1507/1297/885 1506/1299/885
f 1504/1300/14 1506/1301/14 1508/2102/14
f 1507/1304/7 1505/1303/7 1509/1305/7
f 1516/1307/7 1513/1306/7 1512/1308/7
f 1502/1298/886 1512/1309/886 1503/2103/886
f 1512/1308/7 1505/1303/7 1503/1311/7
f 1510/1312/14 1502/1302/14 1504/1300/14
f 1515/1315/887 1517/2104/887 1516/1313/887
f 1510/1312/14 1515/1316/14 1511/2105/14
f 1517/1319/888 1510/1318/888 1513/1290/888
f 1511/1310/889 1516/2106/889 1512/1309/889
f 1531/58/546 828/1321/907 846/1322/908
f 1850/1324/630 848/1323/630 841/1325/909
f 1849/1326/910 841/1325/909 876/1327/911
f 1533/1328/912 846/1322/908 878/1329/912
f 828/1321/907 1849/1326/910 876/1327/911
f 848/1323/630 1533/1328/912 878/1329/912
f 1524/1331/913 1529/1332/914 1528/2107/630
f 1526/1334/915 1525/1333/916 1524/1331/913
f 1527/1337/917 846/1336/917 828/1338/917
f 1524/1340/918 848/1339/919 878/1341/918
f 846/1342/920 1524/1340/918 878/1341/918
f 848/1344/921 1529/1345/921 841/2108/921
f 1530/1348/546 1518/1347/908 852/1349/908
f 1521/1350/630 1532/1351/630 853/1354/630
f 1518/1347/908 1533/1328/912 1523/1355/912
f 910/1352/922 1530/1348/546 852/1349/908
f 1532/1351/630 911/1353/923 853/1354/630
f 1533/1328/912 1521/1350/630 1523/1355/912
f 914/232/629 910/1352/922 1537/1356/924
f 911/1353/923 914/232/629 1537/1356/924
f 1542/1359/925 1540/1358/630 1538/1360/926
f 1538/1362/926 1546/1361/927 1541/1363/928
f 1539/1364/929 1541/1363/928 1545/1365/930
f 1543/1366/908 1538/1360/926 1539/1367/929
f 852/1368/618 1545/1369/618 910/2109/618
f 1540/1371/931 1521/1370/931 853/1372/931
f 910/1373/932 1541/67/579 1537/68/581
f 1546/1375/931 853/1372/931 911/1376/933
f 1606/1378/427 1605/1377/426 1604/1379/426
f 1608/1381/429 1607/1380/427 1606/1382/427
f 1612/1384/427 1561/1383/426 1562/1385/427
f 1591/1387/14 1555/1386/14 1554/1388/14
f 1602/1390/99 1601/1389/423 1600/1391/423
f 1615/1393/423 1558/1392/424 1559/1394/423
f 1600/1391/423 1599/1395/424 1598/1396/424
f 1618/1398/141 1555/1397/431 1556/1399/141
f 1607/1402/14 1648/1478/14 1562/1400/14
f 1598/1404/424 1597/1403/425 1596/1405/425
f 1621/1407/434 1552/1406/73 1553/1408/434
f 1596/1405/425 1595/1409/141 1594/1410/141
f 1624/1412/433 1643/1411/428 1550/1413/433
f 1551/1414/14 1587/1415/14 1552/1480/14
f 1594/1410/141 1593/1417/431 1592/1418/431
f 1646/1420/429 1562/1419/427 1648/1421/429
f 1601/1424/14 1560/1479/14 1559/1422/14
f 1592/1418/431 1591/1425/432 1590/1426/432
f 1614/1427/99 1559/1394/423 1560/1428/99
f 1590/1430/432 1589/1429/434 1588/1431/434
f 1617/1432/425 1556/1399/141 1557/1433/425
f 1588/1431/434 1587/1434/73 1586/1435/73
f 1620/1436/432 1553/1408/434 1554/1437/432
f 1556/1440/14 1597/1475/14 1557/1438/14
f 1586/1435/73 1585/1441/430 1584/1442/430
f 1623/1444/430 1550/1443/433 1551/1445/430
f 1584/1442/430 1583/1446/433 1582/1447/433
f 1613/1448/426 1560/1428/99 1561/1383/426
f 1582/1450/433 1580/1449/428 1579/1451/428
f 1616/1452/424 1557/1433/425 1558/1453/424
f 1581/1455/14 1643/1454/14 1548/1456/14
f 1579/1451/428 1581/1457/87 1578/1458/87
f 1619/1460/431 1554/1459/432 1555/1397/431
f 1553/1462/14 1591/1387/14 1554/1388/14
f 1622/1463/73 1551/1445/430 1552/1406/73
f 1572/1466/424 1633/1523/447 1571/1464/425
f 1561/1467/14 1607/1402/14 1562/1400/14
f 1604/1379/426 1603/1469/99 1602/1390/99
f 1655/1471/934 1652/1470/935 1649/1472/935
f 1578/1458/87 1609/1473/429 1608/1381/429
f 1557/1438/14 1599/1482/14 1558/1474/14
f 1643/1454/14 1583/1476/14 1550/1483/14
f 1648/1478/14 1581/1455/14 1548/1456/14
f 1560/1479/14 1605/1468/14 1561/1467/14
f 1587/1415/14 1553/1462/14 1552/1480/14
f 1593/1481/14 1556/1440/14 1555/1386/14
f 1599/1482/14 1559/1422/14 1558/1474/14
f 1583/1476/14 1551/1414/14 1550/1483/14
f 1577/1486/7 1610/1515/7 1547/1484/7
f 1576/1487/7 1646/1485/7 1577/1486/7
f 1613/1489/7 1576/1487/7 1575/1490/7
f 1614/1491/7 1575/1490/7 1574/1492/7
f 1573/1493/7 1614/1491/7 1574/1492/7
f 1572/1495/7 1615/1494/7 1573/1493/7
f 1617/1497/7 1572/1495/7 1571/1498/7
f 1570/1499/7 1617/1497/7 1571/1498/7
f 1619/1501/7 1570/1499/7 1569/1502/7
f 1568/1503/7 1619/1501/7 1569/1502/7
f 1621/1505/7 1568/1503/7 1567/1506/7
f 1622/1507/7 1567/1506/7 1566/1508/7
f 1623/1509/7 1566/1508/7 1565/1510/7
f 1624/1511/7 1565/1510/7 1564/1512/7
f 1644/1513/7 1564/1512/7 879/1514/7
f 1547/1484/7 1644/1513/7 879/1514/7
f 1637/1516/452 1917/1517/439 1638/1545/453
f 1640/1520/449 879/1519/428 1564/1521/433
f 1633/1523/447 1570/1522/141 1571/1464/425
f 1626/1525/446 1577/1524/429 1547/1522/87
f 1641/1526/445 1547/1522/87 879/1519/428
f 1634/1528/443 1569/1532/431 1570/1522/141
f 1627/1530/442 1576/1529/427 1577/1524/429
f 1635/1527/444 1568/1531/432 1569/1532/431
f 1628/1534/435 1575/1533/426 1576/1535/427
f 1636/1537/441 1567/1536/434 1568/1538/432
f 1629/1540/454 1574/1539/99 1575/1533/426
f 1637/1516/452 1566/1541/73 1567/1536/434
f 1630/1543/451 1573/1542/423 1574/1539/99
f 1638/1545/453 1565/1548/430 1566/1541/73
f 1631/1547/450 1572/1546/424 1573/1542/423
f 1639/1544/438 1564/2110/433 1565/1548/430
f 1909/1550/455 1631/1547/450 1630/1543/451
f 1917/1517/439 1639/1544/438 1638/1545/453
f 1631/1547/450 1911/1551/467 1632/2111/448
f 1918/1553/440 1640/1549/449 1639/1544/438
f 1632/1465/448 1912/1554/462 1633/1523/447
f 1919/1556/468 1641/1526/445 1640/1520/449
f 1912/1554/462 1634/1528/443 1633/1523/447
f 1626/1525/446 1906/1558/459 1627/1530/442
f 1641/1526/445 1905/1559/461 1626/1525/446
f 1913/1557/463 1635/1527/444 1634/1528/443
f 1627/1530/442 1907/2112/456 1628/1561/435
f 1635/1527/444 1915/2113/460 1636/1562/441
f 1907/1565/456 1629/1540/454 1628/1534/435
f 1915/1566/460 1637/1516/452 1636/1537/441
f 1908/1564/457 1630/1543/451 1629/1540/454
f 1549/1567/936 1644/1568/428 1625/1575/936
f 1610/1570/87 1611/1569/937 1645/1571/87
f 1548/1572/87 1549/1567/936 1647/1573/87
f 1646/1420/429 1563/1574/937 1611/1569/937
f 1625/1575/936 1610/1570/87 1645/1571/87
f 1563/1574/937 1548/1572/87 1647/1573/87
f 1958/1577/938 1653/1576/939 1651/1578/940
f 1652/1579/941 1958/1577/938 1651/1578/940
f 1654/1582/942 1645/1581/7 1611/1583/7
f 1653/1585/943 1611/1584/99 1563/1586/99
f 1647/1587/14 1653/1576/939 1563/2114/14
f 1649/1472/935 1549/1588/73 1625/1589/73
f 1645/1581/7 1649/1590/944 1625/2115/7
f 1652/1579/941 1647/1587/14 1549/1592/14
f 1964/1594/945 1656/1593/141 1660/1594/945
f 1659/1595/946 1842/1596/7 1655/2116/947
f 1842/1599/73 1957/1598/934 1655/1471/934
f 1960/1751/87 1843/1750/87 1954/1751/87
f 1955/1601/99 1658/1600/948 1956/1602/948
f 1845/1603/7 1659/1595/946 1658/1604/949
f 1654/1582/942 1659/1595/946 1650/1591/950
f 1659/1595/946 1649/1590/944 1650/1591/950
f 1956/1602/948 1654/2117/943 1653/1585/943
f 850/1605/951 1875/1606/485 1664/2118/485
f 1859/1609/488 1852/1608/952 1663/1610/488
f 1519/1611/953 1862/1612/954 1522/1648/955
f 830/1614/956 1873/1607/957 850/1605/951
f 1857/1617/958 1519/1616/959 1852/1608/952
f 1710/2119/141 1709/2120/141 1711/2121/141
f 1712/2122/141 1715/2119/141 1713/2123/141
f 1716/2124/141 1719/2125/141 1717/2126/141
f 1720/2127/141 1723/2126/141 1721/2128/141
f 1724/2129/141 1726/2130/141 1725/2131/141
f 1735/1618/297 1732/1619/298 1733/2132/299
f 1736/1621/87 1737/1622/87 1738/2133/87
f 1739/2134/141 1742/2135/141 1741/2136/141
f 1741/2136/960 1744/2137/961 1743/2138/962
f 1743/2139/963 1746/2140/964 1745/2141/965
f 1746/2140/964 1747/2142/762 1745/2141/965
f 1748/2143/765 1749/2144/966 1747/2142/762
f 1750/2145/967 1751/2146/968 1749/2144/966
f 1751/2147/968 1754/2148/969 1753/2149/970
f 1753/2149/970 1756/2150/971 1755/2151/972
f 1756/2150/971 1757/2152/973 1755/2151/972
f 1758/2153/974 1759/2154/975 1757/2152/973
f 1759/2155/975 1762/2156/976 1761/2157/977
f 1761/2157/977 1764/2158/781 1763/2159/778
f 1764/2158/781 1765/2160/978 1763/2159/778
f 1766/2161/979 1767/2162/980 1765/2160/978
f 1760/2163/981 1798/2164/793 1762/2156/976
f 1768/2165/982 1769/2166/983 1767/2167/962
f 1770/2168/141 1739/2134/141 1769/2166/141
f 1755/2151/972 1826/2169/984 1827/2170/985
f 1742/2135/986 1789/2171/987 1744/2137/961
f 1783/2172/14 1934/2173/258 1784/2174/258
f 1754/2148/969 1793/2175/988 1794/2176/989
f 1740/2177/141 1802/2178/141 1788/2179/141
f 1746/2140/964 1789/2180/990 1790/2181/799
f 1762/2156/976 1799/2182/792 1764/2158/781
f 1754/2148/969 1795/2183/991 1756/2150/971
f 1748/2143/765 1790/2181/799 1791/2184/795
f 1764/2158/781 1800/2185/784 1766/2161/979
f 1756/2150/971 1796/2186/992 1758/2153/974
f 1750/2145/967 1791/2184/795 1792/2187/791
f 1768/2188/993 1800/2185/784 1801/2189/994
f 1740/2177/141 1787/2190/141 1742/2135/141
f 1758/2153/974 1797/2191/995 1760/2192/981
f 1752/2193/996 1792/2187/791 1793/2194/988
f 1770/2168/997 1801/2195/998 1802/2178/999
f 1772/2196/73 1788/1890/73 1771/2197/73
f 1773/2198/73 1787/1893/73 1772/2196/73
f 1773/2198/73 1790/2199/73 1789/2200/73
f 1775/2201/73 1790/2199/73 1774/2202/73
f 1776/2203/73 1791/2204/73 1775/2201/73
f 1777/2205/73 1792/2206/73 1776/2203/73
f 1778/2207/73 1793/2208/73 1777/2205/73
f 1779/2209/73 1794/2210/73 1778/2207/73
f 1780/2211/73 1795/2212/73 1779/2209/73
f 1781/2213/73 1796/2214/73 1780/2211/73
f 1781/2213/73 1798/2215/73 1797/2216/73
f 1782/2217/73 1799/2218/73 1798/2215/73
f 1783/2219/73 1800/2220/73 1799/2218/73
f 1785/2221/73 1800/2220/73 1784/2222/73
f 1785/2221/73 1802/1918/73 1801/2223/73
f 1786/2224/73 1788/1890/73 1802/1918/73
f 1777/1920/230 1926/2225/229 1927/2226/230
f 1784/2174/258 1935/2227/257 1785/2228/257
f 1778/2229/262 1927/2230/230 1928/2231/262
f 1785/2232/257 1936/2233/256 1786/2234/256
f 1779/2235/141 1928/2231/262 1929/2236/141
f 1771/2237/87 1921/2238/255 1772/2239/255
f 1786/2234/256 1922/2240/87 1771/2237/87
f 1779/2235/141 1930/2241/261 1780/2242/261
f 1773/2243/254 1921/2238/255 1923/2244/254
f 1780/2242/261 1931/2245/260 1781/2246/260
f 1773/2247/254 1924/2248/253 1774/2249/253
f 1781/2250/260 1932/2251/259 1782/2252/259
f 1775/2253/7 1924/2248/253 1925/2254/7
f 1783/2172/14 1932/2251/259 1933/2255/14
f 1775/2253/7 1926/2225/229 1776/2256/229
f 1747/2142/762 1830/2257/1000 1831/2258/808
f 1834/2259/1001 1806/2260/1002 1805/2261/1002
f 1832/2262/1003 1808/2263/807 1807/2264/809
f 1830/2257/1000 1808/2263/807 1831/2258/808
f 1829/2265/1004 1809/2266/822 1830/2257/1000
f 1828/2267/1005 1810/2268/1006 1829/2269/1004
f 1820/2270/141 1804/2271/141 1819/2272/141
f 1835/2273/141 1805/2261/141 1804/2271/141
f 1747/2142/762 1832/2262/1003 1745/2141/965
f 1759/2155/975 1824/2274/1007 1825/2275/1008
f 1765/2160/978 1823/2276/814 1763/2159/778
f 1753/2149/970 1827/2170/985 1828/2267/1005
f 1769/2166/1009 1821/2277/1010 1767/2167/1011
f 1757/2152/973 1825/2278/1008 1826/2169/984
f 1751/2147/968 1828/2267/1005 1829/2269/1004
f 1767/2162/980 1822/2279/1012 1765/2160/978
f 1833/2280/1013 1807/2264/809 1806/2281/1014
f 1826/2169/984 1812/2282/1015 1827/2170/985
f 1821/2277/1010 1819/2272/1016 1818/2283/1016
f 1761/2157/977 1823/2276/814 1824/2274/1007
f 1827/2170/985 1811/2284/1017 1828/2267/1005
f 1741/2136/1018 1833/2285/1019 1834/2259/1001
f 1804/1976/99 1812/2286/99 1816/2287/99
f 1825/2278/1008 1813/2288/1020 1826/2169/984
f 1739/2134/141 1820/2270/141 1769/2166/141
f 1824/2274/1007 1814/2289/1021 1825/2275/1008
f 1749/2144/966 1829/2265/1004 1830/2257/1000
f 1823/2276/814 1815/2290/831 1824/2274/1007
f 1741/2136/141 1835/2273/141 1739/2134/141
f 1823/2276/814 1817/2291/830 1816/2292/1022
f 1743/2139/963 1832/2262/1003 1833/2280/1013
f 1822/2279/1012 1818/2293/1023 1817/2291/830
f 1841/2294/141 1845/2295/141 1840/2296/141
f 1841/2294/141 1836/2297/141 1837/2298/141
f 1837/2298/141 1839/2299/141 1838/2300/141
f 1838/2300/141 1954/2301/141 1837/2298/141
f 1841/2294/141 1954/2301/141 1955/2302/141
f 1847/1624/14 1955/1625/14 1954/2303/14
f 1839/2299/141 1953/2304/141 1838/2300/141
f 1839/2299/141 1844/2305/141 1842/2306/141
f 1840/2296/141 1844/2305/141 1836/2297/141
f 1520/1627/1024 1849/1628/1025 1522/1639/1026
f 1519/1630/1027 836/1631/1028 1852/1634/1029
f 836/1631/1028 1663/1633/503 1852/1634/1029
f 1669/1635/505 1854/1636/1030 831/1638/1031
f 1854/1636/1030 1520/1627/1024 831/1638/1031
f 1849/1628/1025 1519/1630/1027 1522/1639/1026
f 1856/1641/1032 1863/1640/1033 1862/1642/1034
f 1858/1644/513 1860/1643/1035 1856/1641/1032
f 1859/1645/514 1856/1641/1032 1857/1646/1036
f 1857/1646/1036 1862/1642/1034 1864/1647/1037
f 1522/1648/955 1863/1649/1038 1520/2307/1038
f 1520/1650/1039 1860/79/1040 831/77/587
f 1865/71/1041 830/1652/1042 850/1653/1043
f 842/1654/1044 1867/229/1045 844/1658/1046
f 1869/1655/1047 842/1654/1044 877/1656/1048
f 1867/229/1045 1670/1657/528 844/1658/1046
f 1871/85/530 850/1653/1043 1664/1659/531
f 830/1652/1042 1869/1655/1047 877/1656/1048
f 1872/1660/1049 1880/1661/1044 1876/1664/1050
f 1874/1663/535 1876/1664/1050 1877/2308/1051
f 1875/1665/537 1872/1660/1049 1874/1663/535
f 1873/1666/1052 1878/1662/1053 1872/1660/1049
f 842/1668/1054 1878/45/569 877/46/571
f 1877/1670/541 844/156/617 1670/1671/541
f 1674/7/5 898/70/14 1889/9/547
f 1900/89/33 1882/106/14 880/104/14
f 898/1672/141 1884/1674/141 1885/1673/141
f 898/1675/141 1885/1673/141 1886/1676/141
f 898/1677/141 1886/1676/141 1887/1678/141
f 898/1679/141 1887/1678/141 1888/1680/141
f 898/1681/141 1888/1680/141 1889/1682/141
f 898/1683/141 1883/1685/141 1890/1684/141
f 898/1686/141 1890/1684/141 1891/1687/141
f 898/1688/141 1891/1687/141 1892/1689/141
f 898/1690/141 1892/1689/141 1893/1691/141
f 898/1692/141 1893/1691/141 1884/1674/141
f 880/1693/141 1895/1695/141 1896/1694/141
f 880/1696/141 1896/1694/141 1897/1697/141
f 880/1698/141 1897/1697/141 1898/1699/141
f 880/1700/141 1898/1699/141 1899/1701/141
f 880/1702/141 1899/1701/141 1900/1703/141
f 880/1704/141 1894/1706/141 1901/1705/141
f 880/1707/141 1901/1705/141 1902/1708/141
f 880/1709/141 1902/1708/141 1903/1710/141
f 880/1711/141 1903/1710/141 1904/1712/141
f 880/1713/141 1904/1712/141 1895/1695/141
f 1642/1714/7 1906/1716/7 1905/1715/7
f 1642/1717/7 1907/1718/7 1906/1716/7
f 1642/1719/7 1908/1720/7 1907/1718/7
f 1642/1721/7 1909/1722/7 1908/1720/7
f 1642/1723/7 1910/1724/7 1909/1722/7
f 1642/1725/7 1911/1726/7 1910/1724/7
f 1642/1727/7 1912/1728/7 1911/1726/7
f 1642/1729/7 1913/1730/7 1912/1728/7
f 1642/1731/7 1914/1732/7 1913/1730/7
f 1642/1733/7 1915/1734/7 1914/1732/7
f 1642/1735/7 1916/1736/7 1915/1734/7
f 1642/1737/7 1917/1738/7 1916/1736/7
f 1642/1739/7 1918/1740/7 1917/1738/7
f 1642/1741/7 1919/1742/7 1918/1740/7
f 1642/1743/7 1920/1744/7 1919/1742/7
f 1642/1745/7 1905/1715/7 1920/1744/7
f 1803/2309/73 1921/2310/73 1922/2311/73
f 1803/2312/73 1923/2313/73 1921/2310/73
f 1803/2314/73 1924/2315/73 1923/2313/73
f 1803/2316/73 1925/2317/73 1924/2315/73
f 1803/2318/73 1926/2319/73 1925/2317/73
f 1803/2320/73 1927/2321/73 1926/2319/73
f 1803/2322/73 1928/2323/73 1927/2321/73
f 1803/2324/73 1929/2325/73 1928/2323/73
f 1803/2326/73 1930/2327/73 1929/2325/73
f 1803/2328/73 1931/2329/73 1930/2327/73
f 1803/2330/73 1932/2331/73 1931/2329/73
f 1803/2332/73 1933/2333/73 1932/2331/73
f 1803/2334/73 1934/2335/73 1933/2333/73
f 1803/2336/73 1935/2337/73 1934/2335/73
f 1803/2338/73 1936/2339/73 1935/2337/73
f 1803/2340/73 1922/2311/73 1936/2339/73
f 1357/2341/73 1938/2342/73 1937/2343/73
f 1357/2344/73 1937/2343/73 1939/2345/73
f 1357/2346/73 1939/2345/73 1940/2347/73
f 1357/2348/73 1940/2347/73 1941/2349/73
f 1357/2350/73 1941/2349/73 1942/2351/73
f 1357/2352/73 1942/2351/73 1943/2353/73
f 1357/2354/73 1943/2353/73 1944/2355/73
f 1357/2356/73 1944/2355/73 1945/2357/73
f 1357/2358/73 1945/2357/73 1946/2359/73
f 1357/2360/73 1946/2359/73 1947/2361/73
f 1357/2362/73 1947/2361/73 1948/2363/73
f 1357/2364/73 1948/2363/73 1949/2365/73
f 1357/2366/73 1949/2365/73 1950/2367/73
f 1357/2368/73 1950/2367/73 1951/2369/73
f 1357/2370/73 1951/2369/73 1952/2371/73
f 1357/2372/73 1952/2371/73 1938/2342/73
f 1843/1750/87 1953/1748/87 1954/2303/87
f 1954/1751/87 1955/1625/87 1846/1747/87
f 1955/1625/14 1657/1746/14 1846/1747/14
f 1660/1594/14 1953/1748/14 1843/1750/14
f 1657/1746/14 1958/1577/938 1656/1593/14
f 1958/1577/938 1660/1594/14 1656/1593/14
f 1961/1750/14 1959/1593/14 1964/1594/14
f 1959/1593/14 1962/1747/14 1963/1746/14
f 1961/1750/73 1660/1594/73 1843/1750/73
f 1962/1747/87 1954/1751/87 1846/1747/87
f 1959/1593/141 1657/1746/1055 1656/1593/141
f 1963/1746/99 1846/1747/99 1657/1746/99
f 19/55/14 14/34/14 783/1/1
f 783/1/1 79/1752/1 107/2/1
f 121/3/1 19/55/14 783/1/1
f 43/4/2 625/58/35 763/5/3
f 1674/7/5 1668/2373/5 21/8/5
f 1671/10/7 17/29/8 13/11/8
f 91/15/4 68/374/69 150/13/9
f 150/13/9 142/1753/1056 97/14/10
f 168/16/11 153/2374/1057 69/17/12
f 1668/19/5 1732/2375/14 466/20/14
f 39/22/15 6/84/1058 11/23/16
f 186/25/18 185/1754/18 178/26/18
f 1855/28/7 765/1755/113 17/29/8
f 42/30/19 90/1756/123 11/31/20
f 1661/33/14 783/1/1 14/34/14
f 17/29/8 765/1755/113 762/36/22
f 200/38/23 214/451/190 215/39/24
f 15/41/26 50/163/27 619/42/27
f 4/44/28 781/2376/28 780/45/29
f 615/47/31 617/161/32 636/48/32
f 29/50/7 461/2377/7 465/51/7
f 17/29/8 628/37/22 626/53/22
f 25/54/33 14/34/14 19/55/14
f 38/57/34 624/1348/35 625/58/35
f 139/59/36 129/326/159 130/60/37
f 629/62/35 624/1348/35 38/57/34
f 13/11/8 626/53/22 630/64/22
f 85/66/40 640/2378/40 635/67/41
f 783/1/1 1661/33/14 1881/69/14
f 11/23/43 6/84/53 772/71/44
f 1673/12/7 13/11/8 86/65/8
f 8/74/46 165/2379/46 160/75/47
f 5/77/48 1669/1757/49 1861/78/49
f 789/9/6 21/8/5 12/2380/86
f 116/80/51 108/1758/33 78/81/33
f 789/9/6 12/2380/86 116/80/51
f 1667/82/52 6/84/1058 39/22/15
f 6/84/53 1667/82/54 1871/85/54
f 1672/35/14 14/34/14 25/54/33
f 800/89/33 25/54/33 1/56/33
f 143/87/33 138/1759/55 60/88/55
f 800/89/33 1/56/33 143/87/33
f 1689/90/7 157/1760/7 175/91/7
f 1665/93/56 168/16/11 70/18/13
f 31/95/58 3/136/75 45/96/59
f 1678/98/7 35/198/61 66/99/61
f 7/2381/1059 9/127/63 794/101/62
f 794/101/62 61/1764/63 131/102/63
f 147/103/63 7/2381/1059 794/101/62
f 54/104/14 794/101/62 1676/105/62
f 138/107/64 130/60/64 59/108/64
f 66/99/61 35/198/61 34/110/65
f 62/112/66 63/346/66 134/113/66
f 67/115/67 34/197/110 44/116/68
f 184/118/14 181/458/14 1697/119/14
f 1729/121/7 1731/2382/7 459/122/7
f 1698/124/7 1695/2383/7 176/125/7
f 1676/105/62 794/101/62 9/127/63
f 153/129/70 155/2384/183 71/130/71
f 457/132/73 456/998/73 40/133/73
f 92/135/74 36/343/132 3/136/75
f 147/137/76 131/350/1060 127/114/77
f 19/139/79 49/97/60 45/96/59
f 25/54/33 800/89/33 1677/141/33
f 47/142/81 12/1768/153 467/143/82
f 7/145/84 46/1769/612 48/146/85
f 48/146/85 1681/821/85 1666/148/84
f 21/21/5 466/20/14 467/149/14
f 58/151/64 129/326/64 136/152/87
f 16/154/89 782/2385/89 779/155/90
f 612/157/92 26/1368/93 633/158/93
f 612/160/94 637/2386/94 636/48/32
f 2/162/95 621/2387/95 619/42/27
f 796/164/96 56/1770/96 55/165/14
f 797/167/97 57/1771/97 56/168/96
f 798/170/98 58/174/98 57/171/97
f 799/173/99 59/176/99 58/174/98
f 799/173/99 800/1772/100 60/175/100
f 134/113/102 128/345/139 146/180/103
f 801/182/73 62/186/73 61/183/105
f 801/182/73 802/188/106 63/185/106
f 803/187/107 64/2388/107 63/185/106
f 803/189/107 804/1773/108 65/190/108
f 795/166/14 55/165/14 65/192/108
f 67/115/67 68/117/69 91/6/4
f 10/194/109 66/99/61 67/111/65
f 1853/196/7 1682/100/7 66/99/61
f 69/131/72 71/130/71 44/116/68
f 1683/94/57 70/18/13 35/198/61
f 35/198/61 70/18/13 69/17/12
f 56/199/101 132/358/101 133/200/9
f 785/205/96 74/209/96 73/206/14
f 786/208/97 75/2389/97 74/209/96
f 787/210/98 76/214/98 75/211/97
f 788/213/99 77/216/99 76/214/98
f 789/215/100 78/2390/100 77/216/99
f 790/217/73 80/221/73 79/218/105
f 790/217/73 791/222/106 81/220/106
f 791/222/106 792/1774/107 82/223/107
f 793/224/108 83/227/108 82/225/107
f 793/224/108 784/207/14 73/206/14
f 776/228/112 88/232/115 629/62/35
f 1684/73/7 86/65/8 774/229/113
f 775/231/114 630/1357/114 88/232/115
f 86/65/8 630/64/22 775/233/22
f 773/32/21 629/62/35 87/63/39
f 74/234/101 103/310/101 106/235/111
f 110/237/116 108/294/1061 116/238/117
f 118/240/119 113/242/121 110/237/116
f 115/241/120 101/297/134 113/242/121
f 90/245/123 42/331/19 125/243/9
f 125/243/9 114/1775/1062 95/244/122
f 121/249/124 107/311/1063 105/250/125
f 105/250/125 109/253/128 122/252/127
f 109/253/128 112/312/154 123/254/129
f 124/247/101 38/246/34 43/255/2
f 43/255/2 96/1776/131 119/256/130
f 188/259/99 192/2391/99 191/257/99
f 191/257/99 190/1777/99 189/258/99
f 1679/260/73 39/2392/73 99/261/73
f 456/263/73 99/1778/73 95/264/73
f 96/266/131 97/360/10 36/267/132
f 100/269/87 163/2393/87 161/270/87
f 1687/272/73 99/1778/73 456/263/73
f 114/274/133 111/304/164 101/275/134
f 104/277/88 112/321/87 82/278/87
f 97/14/10 96/1776/131 43/255/2
f 142/280/135 137/348/185 136/281/136
f 144/283/138 146/365/103 128/284/139
f 99/261/73 39/2392/73 90/286/73
f 158/288/141 173/2394/141 175/289/141
f 98/291/142 162/2395/142 166/292/143
f 108/294/87 110/237/87 77/295/87
f 101/297/87 75/2396/87 76/298/87
f 106/235/111 102/302/101 83/299/101
f 109/253/87 105/250/87 80/300/87
f 111/304/88 74/2397/101 75/305/87
f 103/306/144 125/332/163 87/307/145
f 113/242/87 76/298/87 77/295/87
f 107/311/87 79/2398/87 80/300/87
f 112/312/87 109/253/87 81/301/87
f 123/314/147 119/322/130 96/266/131
f 95/315/122 114/274/1062 115/276/148
f 40/317/149 115/241/148 118/240/150
f 29/318/151 118/240/150 117/239/152
f 117/239/152 116/238/1064 12/320/153
f 112/321/154 104/277/162 119/322/155
f 122/323/156 123/2399/147 92/135/74
f 120/324/157 122/323/156 31/95/58
f 121/325/158 120/324/157 49/97/60
f 129/326/159 139/59/36 141/327/137
f 87/307/145 124/329/161 102/328/160
f 124/329/161 119/1782/155 104/330/162
f 125/332/163 103/306/144 111/333/164
f 140/335/165 143/2400/1065 1/140/80
f 145/138/166 148/181/180 28/336/167
f 133/338/9 135/178/101 65/177/101
f 126/285/88 128/284/66 64/340/169
f 139/342/170 3/136/75 36/343/132
f 129/326/64 58/151/64 59/108/64
f 128/345/66 134/113/66 63/346/66
f 137/348/88 56/2401/101 57/349/88
f 131/350/66 61/2402/66 62/112/66
f 132/351/172 150/370/184 44/352/173
f 126/354/140 135/373/186 149/355/175
f 130/60/37 138/107/1066 143/359/176
f 97/360/10 142/280/1056 141/282/171
f 3/136/75 139/342/170 140/335/165
f 127/361/77 134/1789/102 148/362/104
f 159/364/177 156/1790/181 146/365/178
f 148/181/180 146/180/178 156/366/181
f 7/367/182 147/137/1067 145/138/166
f 159/369/177 144/2403/179 149/203/9
f 149/203/9 71/202/71 155/368/183
f 150/370/184 132/351/172 137/371/185
f 44/352/173 149/355/175 135/373/186
f 23/375/99 8/380/99 153/376/99
f 23/375/99 168/377/99 169/378/99
f 8/380/99 41/1791/99 155/381/99
f 94/382/99 93/1792/99 170/383/99
f 100/385/99 37/1793/99 169/386/99
f 41/388/99 98/1794/99 159/389/99
f 94/391/99 156/2404/99 159/392/99
f 93/394/99 100/1795/99 171/395/99
f 165/397/99 164/2405/99 161/398/99
f 162/400/99 163/2406/99 167/401/99
f 163/403/99 162/1796/99 160/404/99
f 23/406/187 164/2407/187 165/407/187
f 100/409/87 93/1797/87 167/410/87
f 41/412/47 160/2408/47 162/413/142
f 94/415/7 166/2409/7 167/416/7
f 23/418/87 37/1798/87 161/419/87
f 152/421/99 168/377/99 1665/422/99
f 152/421/99 154/1799/99 169/378/99
f 157/424/99 1689/1800/99 1686/148/99
f 154/426/99 158/1801/99 171/387/99
f 157/427/99 170/396/99 171/395/99
f 174/429/99 1691/2410/99 1692/430/99
f 175/432/99 173/1802/99 1693/433/99
f 173/435/99 172/2411/99 1692/436/99
f 152/438/141 174/2412/141 172/439/141
f 158/441/141 154/1803/141 172/442/141
f 152/444/14 1688/1804/14 1691/445/14
f 177/447/188 1696/453/188 1697/448/188
f 198/450/189 212/539/216 214/451/190
f 176/452/191 1695/2413/191 1696/453/191
f 182/454/192 176/542/141 204/455/141
f 183/457/14 180/1805/14 30/458/14
f 186/25/194 179/27/194 180/460/194
f 28/462/195 156/1806/1068 380/463/196
f 188/465/198 387/818/198 1707/466/198
f 185/468/73 186/491/73 194/469/73
f 48/471/85 382/501/199 1704/472/199
f 199/474/73 185/468/73 193/470/73
f 184/476/73 1699/1807/73 1702/477/73
f 196/479/200 187/540/217 203/480/201
f 199/482/203 213/534/215 210/483/204
f 198/485/73 200/2414/73 195/486/73
f 1702/477/73 1703/498/73 187/488/73
f 195/486/73 200/2414/73 201/475/73
f 201/475/73 193/470/73 194/469/73
f 1700/489/99 192/2391/99 188/259/99
f 183/487/73 195/486/73 194/469/73
f 184/492/206 196/479/200 202/481/202
f 192/494/208 1700/1808/208 1706/495/208
f 182/497/73 187/488/73 1703/498/73
f 48/471/85 46/1809/612 381/500/199
f 192/494/208 386/496/208 385/502/208
f 30/504/209 33/541/218 207/505/210
f 178/507/191 197/2415/191 33/508/191
f 180/510/188 179/509/188 33/508/188
f 199/512/7 197/1810/7 178/513/7
f 205/515/7 204/1811/7 210/516/7
f 209/518/212 207/522/188 206/519/188
f 210/521/191 204/2416/191 206/519/191
f 213/523/214 215/2417/214 203/524/214
f 203/524/73 215/2417/73 214/526/73
f 212/528/73 211/1812/73 202/527/73
f 211/529/14 212/1813/14 389/530/14
f 208/533/141 181/535/141 184/492/206
f 184/492/206 211/493/207 388/532/141
f 199/482/203 201/40/25 215/39/24
f 181/535/141 208/533/141 206/536/141
f 212/539/216 198/450/189 30/504/209
f 30/504/209 209/506/211 389/538/87
f 182/454/192 205/456/193 203/480/201
f 197/484/205 210/483/204 207/505/210
f 176/542/141 177/537/141 206/536/141
f 223/543/73 232/661/73 236/544/73
f 259/546/219 287/570/99 289/547/99
f 251/549/221 250/571/226 238/550/99
f 247/552/73 217/672/73 240/553/73
f 229/555/73 231/654/73 280/556/73
f 263/558/222 295/578/99 246/559/99
f 254/561/224 222/580/99 218/562/99
f 239/564/73 288/651/73 286/565/73
f 221/545/73 236/544/73 242/567/73
f 259/546/219 258/673/245 285/569/99
f 250/571/226 249/669/232 244/572/99
f 245/573/73 247/552/73 296/554/73
f 227/575/73 229/555/73 220/557/73
f 262/577/227 293/668/99 295/578/99
f 221/545/73 219/568/73 217/672/73
f 217/672/73 247/552/73 245/573/73
f 245/573/73 243/671/73 241/662/73
f 241/662/73 239/564/73 237/566/73
f 237/566/73 235/582/73 233/666/73
f 233/666/73 231/654/73 229/555/73
f 229/555/73 227/575/73 225/660/73
f 225/660/73 223/543/73 221/545/73
f 221/545/73 217/672/73 245/573/73
f 245/573/73 241/662/73 237/566/73
f 237/566/73 233/666/73 229/555/73
f 229/555/73 225/660/73 221/545/73
f 221/545/73 245/573/73 237/566/73
f 253/579/228 226/667/99 222/580/99
f 237/566/73 286/565/73 284/581/73
f 292/583/229 294/2418/230 293/584/230
f 264/586/231 248/617/223 249/587/232
f 265/588/233 249/587/232 250/589/226
f 266/590/234 250/589/226 251/591/221
f 267/592/235 251/591/221 252/593/236
f 269/595/238 268/594/237 252/593/236
f 270/597/239 269/595/238 253/596/228
f 271/599/240 270/597/239 254/598/224
f 271/599/240 255/600/225 256/601/241
f 273/603/243 272/602/242 256/601/241
f 273/603/243 257/604/244 258/605/245
f 274/606/246 258/605/245 259/607/219
f 275/608/247 259/607/219 260/609/220
f 277/611/249 276/610/248 260/609/220
f 277/611/249 261/612/250 262/613/227
f 278/614/251 262/613/227 263/615/222
f 264/586/231 279/616/252 263/615/222
f 289/619/7 290/1814/7 292/583/229
f 288/620/253 290/1814/7 289/619/7
f 285/622/254 286/1815/254 288/620/253
f 283/623/255 284/1816/255 286/624/254
f 282/626/87 284/1816/255 283/623/255
f 280/628/256 282/626/87 281/627/87
f 220/630/257 280/628/256 218/629/256
f 224/632/258 220/2419/257 222/633/257
f 228/635/14 224/632/258 226/634/258
f 232/637/259 228/635/14 230/636/14
f 236/639/260 232/637/259 234/638/259
f 242/641/261 236/2420/260 238/642/260
f 240/644/141 242/641/261 244/643/261
f 294/646/230 296/649/262 295/647/262
f 296/649/262 240/644/141 246/645/141
f 239/564/73 241/662/73 290/650/73
f 255/563/225 218/562/99 281/652/99
f 231/654/73 233/666/73 282/655/73
f 252/656/236 251/549/221 234/551/99
f 260/548/220 289/547/99 291/658/99
f 225/660/73 228/670/73 232/661/73
f 241/662/73 243/671/73 292/663/73
f 257/664/244 256/653/241 281/652/99
f 235/582/73 284/581/73 282/655/73
f 253/579/228 252/656/236 230/657/99
f 261/659/250 291/658/99 293/668/99
f 248/560/223 246/559/99 244/572/99
f 227/575/73 224/576/73 228/670/73
f 243/671/73 245/573/73 294/574/73
f 217/672/73 219/568/73 242/567/73
f 258/673/245 257/664/244 283/665/99
f 304/674/73 313/793/73 317/675/73
f 340/677/219 368/701/99 370/678/99
f 332/680/221 331/702/226 319/681/99
f 328/683/73 298/804/73 321/684/73
f 310/686/73 312/786/73 361/687/73
f 344/689/222 376/709/99 327/690/99
f 335/692/224 303/711/99 299/693/99
f 320/695/73 369/783/73 367/696/73
f 302/676/73 317/675/73 323/698/73
f 340/677/219 339/805/245 366/700/99
f 331/702/226 330/801/232 325/703/99
f 326/704/73 328/683/73 377/685/73
f 308/706/73 310/686/73 301/688/73
f 343/708/227 374/800/99 376/709/99
f 302/676/73 300/699/73 298/804/73
f 298/804/73 328/683/73 326/704/73
f 326/704/73 324/803/73 322/794/73
f 322/794/73 320/695/73 318/697/73
f 318/697/73 316/713/73 314/798/73
f 314/798/73 312/786/73 310/686/73
f 310/686/73 308/706/73 306/792/73
f 306/792/73 304/674/73 302/676/73
f 302/676/73 298/804/73 326/704/73
f 326/704/73 322/794/73 318/697/73
f 318/697/73 314/798/73 310/686/73
f 310/686/73 306/792/73 302/676/73
f 302/676/73 326/704/73 318/697/73
f 335/692/224 334/799/228 307/710/99
f 318/697/73 367/696/73 365/712/73
f 373/714/229 375/2421/230 374/715/230
f 345/717/231 329/748/223 330/718/232
f 347/720/234 346/719/233 330/718/232
f 348/722/235 347/720/234 331/721/226
f 348/722/235 332/723/221 333/724/236
f 350/726/238 349/725/237 333/724/236
f 351/728/239 350/726/238 334/727/228
f 351/728/239 335/729/224 336/730/225
f 352/731/240 336/730/225 337/732/241
f 354/734/243 353/733/242 337/732/241
f 354/734/243 338/735/244 339/736/245
f 356/738/247 355/737/246 339/736/245
f 356/738/247 340/739/219 341/740/220
f 358/742/249 357/741/248 341/740/220
f 358/742/249 342/743/250 343/744/227
f 360/746/252 359/745/251 343/744/227
f 345/717/231 360/746/252 344/747/222
f 370/750/7 371/1817/7 373/714/229
f 369/751/253 371/1817/7 370/750/7
f 367/753/254 369/751/253 368/752/253
f 364/755/255 365/1818/255 367/756/254
f 363/758/87 365/1818/255 364/755/255
f 361/760/256 363/758/87 362/759/87
f 301/762/257 361/760/256 299/761/256
f 305/764/258 301/1819/257 303/765/257
f 309/767/14 305/764/258 307/766/258
f 313/769/259 309/767/14 311/768/14
f 317/771/260 313/769/259 315/770/259
f 323/773/261 317/2422/260 319/774/260
f 321/776/141 323/773/261 325/775/261
f 375/778/230 377/781/262 376/779/262
f 377/781/262 321/776/141 327/777/141
f 320/695/73 322/794/73 371/782/73
f 336/694/225 299/693/99 362/784/99
f 312/786/73 314/798/73 363/787/73
f 333/788/236 332/680/221 315/682/99
f 341/679/220 370/678/99 372/790/99
f 306/792/73 309/802/73 313/793/73
f 322/794/73 324/803/73 373/795/73
f 338/796/244 337/785/241 362/784/99
f 316/713/73 365/712/73 363/787/73
f 334/799/228 333/788/236 311/789/99
f 342/791/250 372/790/99 374/800/99
f 329/691/223 327/690/99 325/703/99
f 308/706/73 305/707/73 309/802/73
f 324/803/73 326/704/73 375/705/73
f 298/804/73 300/699/73 323/698/73
f 339/805/245 338/796/244 364/797/99
f 383/806/99 387/809/99 384/807/99
f 383/806/99 1705/1820/99 1707/808/99
f 378/464/197 379/816/99 385/810/99
f 382/812/99 381/811/263 385/810/99
f 382/812/99 386/813/99 1706/814/99
f 378/464/197 380/463/196 384/807/99
f 188/465/198 189/827/198 384/817/198
f 28/462/195 378/464/197 381/811/263
f 170/820/265 1686/1821/266 1705/821/266
f 190/823/267 379/829/270 384/824/268
f 170/820/265 383/822/265 380/826/266
f 190/823/267 191/1822/269 385/828/269
f 388/531/271 389/530/271 209/830/212
f 391/832/14 393/2423/14 397/833/14
f 394/835/99 1710/2424/99 1711/836/99
f 396/838/99 394/835/99 395/837/99
f 392/840/87 396/854/87 397/841/87
f 394/843/141 401/2425/141 400/844/141
f 390/846/73 392/852/73 393/847/73
f 399/849/99 403/870/99 405/850/99
f 390/846/73 400/858/73 398/849/73
f 392/840/87 398/863/87 399/853/87
f 396/838/99 399/849/99 401/851/99
f 405/855/141 409/2426/141 408/856/141
f 400/858/73 404/871/73 402/859/73
f 412/860/7 1719/923/7 1718/861/7
f 398/863/87 402/868/87 403/864/87
f 407/865/99 411/886/99 413/866/99
f 402/868/87 406/880/87 407/869/87
f 403/870/99 407/865/99 409/867/99
f 404/871/73 408/875/73 406/865/73
f 413/872/141 417/2427/141 416/873/141
f 408/875/73 412/888/73 410/876/73
f 401/877/14 1712/2428/14 1713/878/14
f 406/880/87 410/885/87 411/881/87
f 414/882/87 418/905/87 419/883/87
f 410/885/87 414/882/87 415/884/87
f 411/886/99 415/889/99 417/887/99
f 412/888/73 416/893/73 414/889/73
f 419/890/99 423/901/99 425/891/99
f 415/889/99 419/890/99 421/892/99
f 416/893/73 420/900/73 418/890/73
f 409/894/14 1716/2429/14 1717/895/14
f 404/897/7 1715/2430/7 1714/898/7
f 420/900/73 424/911/73 422/901/73
f 421/902/141 425/2431/141 424/903/141
f 418/905/87 422/908/87 423/906/87
f 416/893/73 1721/2432/73 1723/907/73
f 422/908/87 426/2433/87 427/909/87
f 423/901/99 427/912/99 429/910/99
f 424/911/73 428/937/73 426/912/73
f 426/913/7 1726/2434/7 1727/914/7
f 417/899/14 1720/898/14 1721/916/14
f 420/918/7 1723/2435/7 1722/919/7
f 425/922/14 1724/2436/14 1725/923/14
f 405/850/99 1714/2437/99 1712/924/99
f 400/858/73 1713/2438/73 1715/925/73
f 413/866/99 1718/2439/99 1716/926/99
f 391/848/73 1709/2440/73 1708/927/73
f 408/875/73 1717/2441/73 1719/928/73
f 429/910/99 1727/2442/99 1724/929/99
f 394/930/7 390/1823/7 1708/931/7
f 421/933/99 1722/2443/99 1720/934/99
f 424/911/73 1725/2444/73 1726/936/73
f 395/834/14 1711/2445/14 1709/938/14
f 455/939/99 443/1824/99 433/940/99
f 449/942/273 433/1825/273 437/943/273
f 445/945/274 435/1826/274 441/946/274
f 435/948/275 431/1827/275 448/949/87
f 442/951/14 444/1828/14 434/952/14
f 443/951/7 431/953/7 435/954/7
f 454/956/73 447/1829/73 441/957/276
f 437/959/278 438/2446/284 452/960/279
f 434/962/281 440/2447/288 453/963/277
f 444/965/283 436/1830/283 439/966/283
f 444/965/283 446/967/283 440/968/283
f 438/970/284 447/1829/73 454/956/73
f 437/972/7 433/974/7 443/951/7
f 436/973/14 444/1828/14 442/951/14
f 445/945/274 447/947/274 438/975/274
f 431/977/99 443/1824/99 455/939/99
f 430/979/99 448/978/99 455/939/99
f 439/981/285 452/971/279 454/956/73
f 435/983/286 451/964/282 453/963/277
f 436/985/287 450/961/280 452/960/279
f 454/956/73 453/958/277 440/987/288
f 451/950/87 448/949/87 430/988/289
f 432/990/290 449/942/290 450/944/290
f 455/939/99 449/941/99 432/992/99
f 89/993/73 456/998/73 457/132/73
f 32/994/73 457/132/73 1675/995/73
f 89/993/73 1728/1831/73 1685/997/73
f 1730/999/73 458/2448/73 459/1000/73
f 89/1002/14 458/1832/14 1730/1003/14
f 32/1005/141 459/2449/141 458/1006/141
f 465/1008/291 461/2450/291 470/1009/291
f 1733/1011/291 1734/1833/291 465/1008/291
f 463/1012/292 476/2451/292 477/1013/292
f 460/1015/293 477/1834/14 472/1016/14
f 457/52/7 465/51/7 1734/1018/7
f 47/142/81 470/144/83 461/1020/295
f 463/1022/296 467/1030/296 466/1023/296
f 469/1025/296 462/1024/296 466/1023/296
f 468/1027/297 469/1025/1069 1732/1026/298
f 460/1029/300 470/2452/1070 467/1030/301
f 468/1031/303 1733/2453/304 464/1032/304
f 460/1015/293 471/1017/294 464/1032/304
f 474/1034/305 472/1037/305 473/1035/305
f 472/1037/305 477/2454/305 476/1038/305
f 469/1039/7 475/1835/7 473/1040/7
f 471/1017/294 472/1016/14 474/1042/14
f 469/1043/87 468/1836/87 474/1044/87
f 462/1041/7 473/1040/7 476/1046/7
f 491/1048/306 481/2455/306 497/1049/306
f 481/1051/141 485/2004/141 498/1052/141
f 482/1054/307 507/1115/356 506/1055/308
f 484/1057/309 492/1067/309 490/1058/310
f 481/1060/311 491/2456/311 493/1061/311
f 486/1063/312 494/1083/312 500/1064/312
f 484/1057/309 487/2457/313 495/1066/313
f 485/1062/314 493/1061/314 494/1068/314
f 498/1052/141 485/2004/141 486/1070/141
f 501/1072/315 479/2458/1071 491/1048/316
f 478/1073/318 490/1058/318 492/1067/319
f 479/1075/321 483/1082/328 493/1076/322
f 502/1078/323 488/2459/1072 495/1079/324
f 488/1080/326 482/1074/320 492/1067/319
f 489/1081/327 494/2460/327 493/1076/322
f 502/1078/329 500/1064/1073 494/1083/330
f 501/1072/332 496/1050/1074 490/1085/333
f 498/1052/141 499/1071/141 487/1087/141
f 499/1065/335 500/1064/335 495/1079/335
f 479/1090/336 501/1113/337 504/1091/337
f 480/1093/141 497/1053/141 498/1052/141
f 496/1050/339 497/1049/339 480/1094/339
f 483/1095/340 503/1108/352 510/1096/341
f 483/1095/340 479/2461/336 505/1107/338
f 488/1109/353 502/1117/353 508/1110/353
f 478/1112/354 506/2462/354 504/1091/354
f 482/1054/307 488/2463/355 509/1114/355
f 489/1116/342 510/2464/341 508/1110/357
f 525/1118/306 515/2465/306 531/1119/306
f 515/1121/141 519/2054/141 532/1122/141
f 516/1124/307 541/1185/367 540/1125/358
f 518/1127/309 526/1137/309 524/1128/310
f 515/1130/311 525/2466/311 527/1131/311
f 520/1133/312 528/1153/1075 534/1134/312
f 518/1127/309 521/2467/313 529/1136/313
f 519/1132/314 527/1131/314 528/1138/314
f 532/1122/141 519/2054/141 520/1140/141
f 535/1142/315 513/2468/1076 525/1118/316
f 512/1143/318 524/1128/318 526/1137/319
f 513/1145/361 517/1152/328 527/1146/322
f 536/1148/323 522/2469/1072 529/1149/324
f 522/1150/326 516/1144/320 526/1137/319
f 523/1151/327 528/2470/327 527/1146/322
f 536/1148/329 534/1134/1077 528/1153/330
f 535/1142/332 530/1120/1074 524/1155/333
f 532/1122/141 533/1141/141 521/1157/141
f 533/1135/335 534/1134/1078 529/1149/335
f 513/1160/336 535/1183/337 538/1161/337
f 514/1163/141 531/1123/141 532/1122/141
f 530/1120/339 531/1119/339 514/1164/339
f 517/1165/340 537/1178/364 544/1166/341
f 517/1165/340 513/2471/336 539/1177/338
f 522/1179/365 536/1187/365 542/1180/365
f 512/1182/366 540/2472/366 538/1161/354
f 516/1124/307 522/2473/355 543/1184/355
f 523/1186/342 544/2474/341 542/1180/357
f 548/1188/368 554/2092/368 557/1189/368
f 549/1190/369 553/2086/369 552/1191/369
f 552/1192/370 553/2087/370 551/1193/370
f 550/1195/371 551/2088/371 547/1196/371
f 548/1198/14 552/2089/14 550/1199/14
f 549/1201/7 547/1209/7 551/1202/7
f 557/1204/7 561/2475/7 560/1205/7
f 546/1197/372 547/1196/372 556/1207/372
f 549/1201/7 557/1204/7 556/1206/7
f 546/1200/14 555/2091/14 554/1210/14
f 560/1211/373 561/2090/373 558/1212/373
f 554/1210/14 555/2091/14 559/1214/14
f 557/1189/374 554/2092/374 558/1203/374
f 556/1207/375 560/2093/375 559/1217/375
f 574/1218/376 563/1244/389 565/1219/377
f 565/1221/368 591/2476/368 588/1222/368
f 569/1224/370 567/2096/370 577/1225/370
f 563/1227/379 571/2477/380 595/1228/380
f 589/1230/381 590/2097/382 562/1231/382
f 591/1233/383 565/2094/383 563/1227/379
f 593/1234/372 595/2095/372 571/1235/372
f 577/1225/370 567/2096/370 572/1237/370
f 574/1218/384 562/1254/392 570/1239/385
f 562/1231/382 590/2097/382 594/1241/387
f 574/1218/376 578/1240/1079 571/1243/388
f 577/1225/370 579/1238/370 573/1245/370
f 593/1234/372 578/1236/372 570/1247/372
f 582/1249/370 583/1226/370 577/1225/370
f 564/1250/390 585/2478/390 586/1251/390
f 574/1218/384 580/1220/386 581/1253/391
f 575/1255/368 564/1258/368 581/1256/368
f 568/1257/368 589/1260/368 581/1256/368
f 576/1259/368 588/1222/368 589/1260/368
f 575/1255/368 580/1223/368 588/1222/368
f 585/1261/368 584/2098/368 587/1262/368
f 575/1264/393 576/2099/393 587/1265/393
f 568/1267/370 586/2479/370 587/1268/370
f 564/1270/394 575/2100/394 584/1271/394
f 582/1273/370 589/1277/370 588/1274/370
f 582/1273/370 566/1286/370 590/1276/370
f 569/1278/370 591/1287/370 592/1279/370
f 573/1281/370 579/1288/370 593/1282/370
f 572/1284/370 567/1280/370 592/1279/370
f 573/1281/370 594/1283/370 590/1276/370
f 569/1278/370 583/1275/370 588/1274/370
f 572/1284/370 595/1285/370 593/1282/370
f 598/1289/368 604/1318/368 607/1290/368
f 598/1289/369 599/1291/369 603/1292/369
f 602/1294/370 603/2101/370 601/1295/370
f 601/1297/371 597/2103/371 596/1298/371
f 598/1300/14 602/2102/14 600/1301/14
f 599/1303/7 597/1311/7 601/1304/7
f 607/1306/7 611/2480/7 610/1307/7
f 596/1298/372 597/2103/372 606/1309/372
f 599/1303/7 607/1306/7 606/1308/7
f 596/1302/14 605/2105/14 604/1312/14
f 610/1313/373 611/2104/373 608/1314/373
f 604/1312/14 605/2105/14 609/1316/14
f 604/1318/374 608/2481/374 611/1319/374
f 606/1309/375 610/2106/375 609/1320/375
f 2/1321/395 763/5/3 625/58/35
f 22/1323/114 628/1330/114 762/1324/114
f 15/1325/397 762/1324/114 761/1326/398
f 20/1322/396 625/58/35 627/1328/400
f 2/1321/395 50/1327/399 761/1326/398
f 22/1323/114 52/1329/400 627/1328/400
f 618/1331/401 622/2107/114 623/1332/402
f 620/1334/404 618/1331/401 619/1333/403
f 20/1336/406 620/2482/406 621/1337/406
f 22/1339/407 622/2483/407 618/1340/408
f 20/1342/409 52/1341/408 618/1340/408
f 22/1344/410 15/2108/410 623/1345/410
f 612/1347/396 625/58/35 624/1348/35
f 615/1350/114 27/1354/114 626/1351/114
f 612/1347/396 617/1355/400 627/1328/400
f 84/1352/411 26/1349/396 624/1348/35
f 85/1353/412 630/1357/114 626/1351/114
f 615/1350/114 628/1330/114 627/1328/400
f 84/1352/411 629/62/35 88/232/115
f 85/1353/412 631/1356/413 88/232/115
f 634/1358/114 638/2484/114 636/1359/414
f 640/1361/416 634/2485/114 632/1362/415
f 635/1363/417 632/1362/415 633/1364/418
f 632/1360/415 636/1359/414 637/1366/396
f 26/1368/93 84/2109/92 639/1369/92
f 615/1370/420 638/2486/420 634/1371/420
f 84/1373/421 631/68/42 635/67/41
f 27/1372/420 634/1371/420 640/1375/420
f 699/1377/423 701/2487/424 700/1378/424
f 701/1380/424 703/1473/425 702/1381/425
f 655/1383/423 707/1448/423 706/1384/424
f 649/1386/14 687/1481/14 685/1387/14
f 695/1389/426 697/1469/99 696/1390/99
f 652/1392/427 710/2488/427 709/1393/426
f 693/1395/427 695/1389/426 694/1391/426
f 649/1397/428 713/1460/428 712/1398/87
f 656/1400/14 742/1478/14 703/1401/14
f 691/1403/429 693/2489/427 692/1404/427
f 646/1406/73 716/1463/73 715/1407/430
f 689/1409/87 691/1403/429 690/1405/429
f 737/1411/431 738/1568/431 718/1412/432
f 645/1414/14 646/1480/14 681/1415/14
f 687/1417/428 689/1409/87 688/1410/87
f 656/1419/424 706/2490/424 740/1420/425
f 653/1422/14 654/1479/14 697/1423/14
f 685/1425/433 687/1417/428 686/1418/428
f 653/1394/426 709/1393/426 708/1427/99
f 683/1429/430 685/2491/433 684/1430/433
f 650/1399/87 712/1398/87 711/1432/429
f 681/1434/73 683/1429/430 682/1431/430
f 647/1408/430 715/1407/430 714/1436/433
f 651/1438/14 691/1475/14 689/1439/14
f 679/1441/434 681/1434/73 680/1435/73
f 644/1443/432 718/2492/432 717/1444/434
f 677/1446/432 679/1441/434 678/1442/434
f 654/1428/99 708/1427/99 707/1448/423
f 674/1449/431 677/2493/432 676/1450/432
f 651/1433/429 711/1432/429 710/1452/427
f 737/1454/14 674/1477/14 675/1455/14
f 675/1457/141 674/1449/431 673/1451/431
f 648/1459/433 714/2494/433 713/1460/428
f 648/1388/14 685/1387/14 683/1461/14
f 645/1445/434 717/1444/434 716/1463/73
f 665/1464/429 727/1523/442 726/1465/435
f 655/1467/14 656/1400/14 701/1402/14
f 697/1469/99 699/1377/423 698/1379/423
f 746/1470/436 822/1598/437 749/1471/437
f 703/1473/425 675/1457/141 672/1458/141
f 652/1474/14 693/1482/14 691/1475/14
f 737/1454/14 644/1483/14 677/1476/14
f 642/1456/14 675/1455/14 703/1401/14
f 654/1479/14 655/1467/14 699/1468/14
f 647/1462/14 683/1461/14 681/1415/14
f 650/1440/14 689/1439/14 687/1481/14
f 652/1474/14 653/1422/14 695/1424/14
f 645/1414/14 679/1416/14 677/1476/14
f 641/1484/7 704/1515/7 740/1485/7
f 670/1487/7 671/1486/7 740/1485/7
f 670/1487/7 706/1488/7 707/1489/7
f 669/1490/7 707/1489/7 708/1491/7
f 667/1493/7 668/1492/7 708/1491/7
f 666/1495/7 667/1493/7 709/1494/7
f 666/1495/7 710/1496/7 711/1497/7
f 664/1499/7 665/1498/7 711/1497/7
f 664/1499/7 712/1500/7 713/1501/7
f 662/1503/7 663/1502/7 713/1501/7
f 662/1503/7 714/1504/7 715/1505/7
f 661/1506/7 715/1505/7 716/1507/7
f 660/1508/7 716/1507/7 717/1509/7
f 659/1510/7 717/1509/7 718/1511/7
f 658/1512/7 718/1511/7 738/1513/7
f 641/1484/7 53/1514/7 738/1513/7
f 731/1516/438 732/1545/453 817/1517/439
f 53/1519/431 735/1526/444 734/1520/441
f 664/1522/87 728/1528/446 727/1523/442
f 671/1524/425 721/1530/447 720/1525/443
f 641/1522/141 720/1525/443 735/1526/444
f 664/1522/87 663/1532/428 729/1527/445
f 670/1529/424 722/1561/448 721/1530/447
f 662/1531/433 730/1562/449 729/1527/445
f 669/1533/423 723/1540/450 722/1534/448
f 661/1536/430 731/1516/438 730/1537/449
f 668/1539/99 724/1543/451 723/1540/450
f 660/1541/73 732/1545/453 731/1516/438
f 667/1542/426 725/1547/454 724/1543/451
f 660/1541/73 659/1548/434 733/1544/452
f 666/1546/427 726/2111/435 725/1547/454
f 659/1548/434 658/2110/432 734/1549/441
f 725/1547/454 810/1552/457 809/1550/455
f 733/1544/452 818/1553/458 817/1517/439
f 725/1547/454 726/2111/435 811/1551/456
f 734/1549/441 819/2495/460 818/1553/458
f 726/1465/435 727/1523/442 812/1554/459
f 735/1526/444 820/1560/464 819/1556/460
f 727/1523/442 728/1528/446 813/1557/461
f 720/1525/443 721/1530/447 806/1558/462
f 720/1525/443 805/1559/463 820/1560/464
f 729/1527/445 814/1563/465 813/1557/461
f 722/1561/448 807/2112/467 806/1558/462
f 730/1562/449 815/2113/468 814/1563/465
f 722/1534/448 723/1540/450 808/1564/466
f 731/1516/438 816/1518/440 815/1566/468
f 724/1543/451 809/1550/455 808/1564/466
f 643/1567/469 719/1575/469 738/1568/431
f 705/1569/470 740/1420/425 704/1570/141
f 643/1567/469 737/1411/431 642/1572/141
f 657/1574/470 742/1421/425 740/1420/425
f 719/1575/469 739/1571/141 704/1570/141
f 657/1574/470 741/1573/141 642/1572/141
f 747/1576/471 821/1749/542 823/1577/472
f 746/1579/474 745/1578/473 823/1577/472
f 739/1581/7 744/1591/479 748/1582/476
f 705/1584/99 748/2117/477 747/1585/477
f 741/1587/14 657/2114/14 747/1576/471
f 643/1588/73 746/1470/436 743/1472/436
f 739/1581/7 719/2115/7 743/1590/478
f 741/1587/14 745/1578/473 746/1579/474
f 750/1593/87 824/1593/87 826/1594/480
f 753/1595/481 749/2116/1080 1842/1596/7
f 822/1598/437 1953/2496/73 1842/1599/73
f 752/1600/482 1845/2497/99 1955/1601/99
f 753/1595/481 1844/1597/7 1845/1603/7
f 748/1582/476 744/1591/479 753/1595/481
f 743/1590/478 749/2116/1080 753/1595/481
f 747/1585/477 748/2117/477 752/1600/482
f 24/1605/484 1664/2118/485 1875/1606/485
f 764/1608/487 767/1617/493 1859/1609/488
f 613/1611/489 616/1648/517 769/1612/490
f 4/1614/491 24/1605/484 778/1607/486
f 613/1616/492 771/2498/492 767/1617/493
f 755/1618/494 1733/2132/1081 1732/1619/495
f 756/1621/141 758/2133/141 757/1622/141
f 759/1624/14 1954/2303/14 1955/1625/14
f 614/1627/497 616/1639/508 761/1628/498
f 613/1630/500 764/1634/504 10/1631/501
f 1663/1633/503 1853/2499/514 10/1631/501
f 1669/1635/505 5/1638/507 765/1636/506
f 614/1627/497 762/1629/499 765/1636/506
f 613/1630/500 763/1632/502 761/1628/498
f 770/1640/509 768/1643/512 766/1641/510
f 768/1643/512 1861/2500/1082 1858/1644/513
f 766/1641/510 1858/1644/513 1859/1645/514
f 769/1642/511 766/1641/510 767/1646/515
f 616/1648/517 614/2307/518 770/1649/518
f 614/1650/519 5/77/48 768/79/50
f 4/1652/520 773/72/532 772/71/521
f 16/1654/523 18/1658/529 774/229/524
f 16/1654/523 775/233/525 776/1655/526
f 1670/1657/528 1870/230/1083 774/229/524
f 24/1653/522 772/71/521 1871/85/530
f 4/1652/520 51/1656/527 776/1655/526
f 777/1660/533 779/1664/536 782/1661/523
f 1874/1663/535 1877/2308/1051 779/1664/536
f 1875/1665/537 1874/1663/535 777/1660/533
f 778/1666/538 777/1660/533 780/1662/534
f 16/1668/540 51/46/30 780/45/29
f 18/156/91 779/155/90 1877/1670/541
f 72/70/14 1881/69/14 1674/7/5
f 800/89/33 54/104/14 1882/106/14
f 751/1746/14 821/1749/542 1955/1625/14
f 754/1594/14 1843/1750/14 1953/1748/14
f 751/1746/14 750/1593/14 823/1577/472
f 754/1594/14 822/1580/475 823/1577/472
f 824/1593/14 1960/1751/14 1961/1750/14
f 824/1593/14 825/1746/14 1962/1747/14
f 754/1594/73 826/1594/73 1961/1750/73
f 751/1746/543 825/1746/543 824/1593/87
f 1846/1747/99 1962/1747/99 825/1746/99
f 1883/1/1 840/34/14 845/55/14
f 947/3/1 933/2/1 905/1752/1
f 1883/1/1 845/55/14 947/3/1
f 869/4/544 917/6/549 1851/5/545
f 847/8/5 1668/2373/5 1674/7/5
f 839/11/548 843/29/548 1671/10/7
f 976/13/551 894/374/702 917/15/549
f 917/15/549 923/14/650 968/1753/550
f 895/17/552 979/2374/1084 994/16/553
f 1292/20/14 1732/2375/14 1668/19/5
f 865/22/555 916/24/1085 837/23/556
f 1012/25/558 1005/27/558 1004/26/558
f 1671/10/7 843/29/548 1854/1755/559
f 868/30/560 1866/32/628 837/31/561
f 1661/33/14 1672/35/14 840/34/14
f 843/29/548 1534/37/563 1850/36/563
f 1041/39/564 1040/451/704 1026/38/565
f 841/41/567 1529/43/567 1525/42/568
f 1878/45/569 1879/2376/570 830/44/570
f 1521/47/572 1544/49/572 1542/48/573
f 1291/51/7 1287/2377/7 855/50/7
f 839/11/548 1532/53/563 1534/37/563
f 851/54/33 827/56/33 845/55/14
f 869/4/544 1531/58/546 1530/1348/546
f 965/59/575 966/61/1086 956/60/576
f 864/57/574 1530/1348/546 1535/62/546
f 1536/64/563 1532/53/563 839/11/548
f 1541/67/579 1546/2378/580 911/66/580
f 1881/69/14 1661/33/14 1883/1/1
f 1865/71/582 832/84/589 837/23/583
f 912/65/548 839/11/548 1673/12/7
f 986/75/585 991/2379/586 834/74/586
f 831/77/587 1860/79/1040 1861/78/49
f 838/2380/613 847/8/5 1889/9/547
f 1889/9/547 904/81/33 934/1758/33
f 942/80/588 838/2380/613 1889/9/547
f 865/22/555 832/84/557 1667/82/52
f 1871/85/54 1667/82/54 832/84/589
f 1662/86/33 851/54/33 840/34/14
f 827/56/33 851/54/33 1900/89/33
f 1900/89/33 886/88/55 964/1759/55
f 969/87/33 827/56/33 1900/89/33
f 1694/92/7 1001/91/7 983/1760/7
f 1683/94/57 896/18/554 994/16/553
f 871/1761/590 829/1765/603 857/1762/591
f 1682/100/7 892/99/593 861/198/593
f 1894/101/62 835/127/63 833/2381/1059
f 973/103/63 957/102/63 887/1764/63
f 1894/101/62 833/2381/1059 973/103/63
f 1882/106/14 1676/105/62 1894/101/62
f 885/108/594 956/60/594 964/107/594
f 892/99/593 893/111/595 860/110/595
f 888/112/596 953/114/596 960/113/596
f 893/115/597 894/117/702 870/116/598
f 1697/119/14 1007/458/14 1010/118/14
f 1285/122/7 1731/2382/7 1729/121/7
f 1002/125/7 1695/2383/7 1698/124/7
f 1676/105/62 1666/128/63 835/127/63
f 897/130/600 981/2384/1087 979/129/601
f 1283/132/73 855/134/73 866/133/73
f 829/1765/603 862/1786/647 918/1766/604
f 973/137/605 971/138/1088 953/114/606
f 845/1767/608 827/1784/680 871/1761/590
f 851/54/33 1662/86/33 1677/141/33
f 873/142/609 1296/144/1089 1293/143/610
f 833/145/84 835/147/84 874/146/85
f 1666/148/84 1681/821/85 874/146/85
f 1293/149/14 1292/20/14 847/21/5
f 962/152/141 955/326/594 884/151/594
f 1876/155/615 1880/2385/616 842/154/616
f 1518/157/618 1543/159/618 1539/158/618
f 1542/48/573 1543/2386/619 1518/160/619
f 1525/42/568 1527/2387/620 828/162/620
f 1895/166/14 881/165/14 882/1770/96
f 1896/169/96 882/168/96 883/1771/97
f 883/171/97 884/174/98 1898/170/98
f 1898/170/98 884/174/98 885/176/99
f 885/176/99 886/175/100 1900/1772/100
f 972/180/622 954/345/655 960/113/623
f 887/183/105 888/186/73 1901/182/73
f 888/186/73 889/185/106 1902/188/106
f 889/185/106 890/2388/107 1903/187/107
f 1903/189/107 890/191/107 891/190/108
f 891/192/108 881/165/14 1895/166/14
f 917/6/549 894/117/702 893/115/597
f 836/194/625 1851/195/595 893/111/595
f 1853/196/7 836/194/625 892/99/593
f 870/116/598 897/130/600 895/131/602
f 861/198/593 896/18/554 1683/94/57
f 860/110/595 895/17/552 896/18/554
f 882/199/621 881/201/626 959/200/626
f 1884/207/14 899/206/14 900/209/96
f 900/209/96 901/2389/97 1886/208/97
f 1886/212/97 901/211/97 902/214/98
f 1887/210/98 902/214/98 903/216/99
f 903/216/99 904/2390/100 1889/215/100
f 905/218/105 906/221/73 1890/217/73
f 906/221/73 907/220/106 1891/222/106
f 907/220/106 908/223/107 1892/1774/107
f 908/225/107 909/227/108 1893/224/108
f 909/227/108 899/206/14 1884/207/14
f 1535/62/546 914/232/629 1869/228/627
f 1867/229/559 912/65/548 1684/73/7
f 914/232/629 1536/1357/630 1868/231/630
f 1868/233/563 1536/64/563 912/65/548
f 913/63/578 1535/62/546 1866/32/628
f 932/235/551 929/310/621 900/234/621
f 942/238/631 934/294/1090 936/237/632
f 944/240/634 943/239/633 936/237/632
f 941/241/636 944/240/634 939/242/635
f 951/243/551 868/331/560 916/245/562
f 916/245/562 921/244/663 940/1775/638
f 947/249/639 946/251/643 931/250/640
f 948/252/642 935/253/645 931/250/640
f 949/254/644 938/312/669 935/253/645
f 869/255/544 864/246/574 950/247/621
f 950/247/621 945/256/662 922/1776/646
f 1017/257/99 1018/2391/99 1014/259/99
f 1014/259/99 1015/258/99 1016/1777/99
f 925/261/73 865/2392/73 1679/260/73
f 1282/263/73 866/265/73 921/264/73
f 862/267/647 923/360/650 922/266/646
f 987/270/141 989/2393/141 926/269/141
f 1282/263/73 925/1778/73 1687/272/73
f 940/274/648 941/276/636 927/275/637
f 908/278/141 938/321/141 930/277/614
f 923/14/650 917/15/549 869/255/544
f 968/280/651 967/282/675 962/281/652
f 970/283/654 952/285/691 954/284/655
f 916/286/73 865/2392/73 925/261/73
f 1001/289/87 999/2394/87 984/288/87
f 992/292/656 988/2395/657 924/291/657
f 934/294/141 904/296/141 903/295/141
f 902/298/141 901/2396/141 927/297/141
f 932/235/551 899/236/626 909/299/621
f 935/253/141 907/301/141 906/300/141
f 901/305/141 900/2397/621 937/304/614
f 913/307/658 951/332/678 929/306/659
f 903/295/141 902/298/141 939/242/141
f 906/300/141 905/2398/141 933/311/141
f 938/312/141 908/313/141 907/301/141
f 949/314/661 918/268/604 922/266/646
f 921/315/663 866/316/665 941/276/664
f 866/317/665 855/318/667 944/240/666
f 855/318/667 873/319/609 943/239/668
f 838/320/611 942/238/1091 943/239/668
f 938/321/669 949/314/644 945/322/670
f 918/1766/604 949/2501/661 948/1779/672
f 857/1762/591 948/1779/672 946/1780/673
f 875/1763/592 946/1780/673 947/1781/674
f 967/327/675 965/59/575 955/326/577
f 913/307/658 932/308/660 928/328/676
f 950/329/677 928/328/676 930/330/671
f 937/333/649 929/306/659 951/332/678
f 966/1783/679 871/1761/590 827/1784/680
f 971/138/682 872/337/1092 854/336/683
f 959/338/626 881/339/626 891/177/621
f 952/285/614 891/341/621 890/340/685
f 862/1786/647 829/1765/603 965/1787/686
f 885/108/594 884/151/594 955/326/594
f 954/345/596 890/347/685 889/346/596
f 883/349/614 882/2401/621 963/348/614
f 888/112/596 887/2402/596 957/350/596
f 870/352/688 976/370/701 958/351/689
f 952/354/691 970/356/654 975/355/692
f 956/60/576 966/61/1086 969/359/694
f 923/360/650 862/267/647 967/282/687
f 829/1765/603 871/1761/590 966/1783/679
f 953/361/606 971/363/1088 974/362/624
f 985/364/696 970/283/1093 972/365/697
f 982/366/698 972/180/697 974/181/684
f 833/367/699 872/337/1092 971/138/682
f 975/203/551 970/2403/1093 985/369/696
f 985/369/696 981/368/1087 897/202/600
f 963/371/653 958/351/689 976/370/701
f 870/352/688 959/353/690 961/373/693
f 849/375/99 994/377/99 979/376/99
f 995/378/99 994/377/99 849/375/99
f 834/380/99 979/376/99 981/381/99
f 920/382/99 982/384/99 996/383/99
f 926/385/99 997/387/99 995/386/99
f 867/388/99 981/390/99 985/389/99
f 985/392/99 982/2404/99 920/391/99
f 919/394/99 996/396/99 997/395/99
f 987/398/99 990/2405/99 991/397/99
f 993/401/99 989/2406/99 988/400/99
f 989/403/99 987/405/99 986/404/99
f 991/407/703 990/2407/703 849/406/703
f 926/409/141 989/411/141 993/410/141
f 988/413/657 986/2408/585 867/412/585
f 993/416/7 992/2409/7 920/415/7
f 849/418/141 990/420/141 987/419/141
f 1665/422/99 994/377/99 978/421/99
f 978/421/99 994/377/99 995/378/99
f 983/424/99 996/425/99 1686/148/99
f 980/426/99 995/386/99 997/387/99
f 997/395/99 996/396/99 983/427/99
f 1692/430/99 1691/2410/99 1000/429/99
f 1001/432/99 1694/434/99 1693/433/99
f 1692/436/99 998/2411/99 999/435/99
f 998/439/87 1000/2412/87 978/438/87
f 984/441/87 999/443/87 998/442/87
f 1000/446/14 1691/445/14 1688/1804/14
f 1697/448/188 1696/453/188 1003/447/188
f 1040/451/704 1038/539/724 1024/450/705
f 1696/453/191 1695/2413/191 1002/452/191
f 1008/454/706 1031/456/1094 1030/455/87
f 1024/459/14 856/458/14 1006/1805/14
f 1006/460/707 1005/27/707 1012/25/707
f 854/462/708 1204/464/727 1206/463/709
f 1707/466/198 1213/818/198 1014/465/198
f 1011/468/73 1019/470/73 1020/469/73
f 1704/472/199 1208/501/199 874/471/85
f 1025/474/73 1027/475/73 1019/470/73
f 1010/476/73 1022/478/73 1702/477/73
f 1022/479/711 1028/481/718 1029/480/712
f 1036/483/714 1039/534/1095 1025/482/715
f 1021/486/73 1026/2414/73 1024/485/73
f 1013/488/73 1703/498/73 1702/477/73
f 1027/475/73 1026/2414/73 1021/486/73
f 1021/486/73 1020/469/73 1019/470/73
f 1014/259/99 1018/2391/99 1700/489/99
f 1020/469/73 1021/486/73 1009/487/73
f 1010/492/717 1037/493/723 1028/481/718
f 1018/494/208 1212/496/208 1706/495/208
f 1703/498/73 1013/488/73 1008/497/73
f 874/471/85 1208/501/199 1207/500/719
f 1211/502/208 1212/496/208 1018/494/208
f 856/504/720 1035/506/725 1033/505/721
f 859/508/191 1023/2415/191 1004/507/191
f 1006/510/188 856/511/188 859/508/188
f 1011/514/7 1004/513/7 1023/1810/7
f 1039/517/7 1036/516/7 1030/1811/7
f 1035/518/212 1034/520/213 1032/519/188
f 1032/519/191 1030/2416/191 1036/521/191
f 1029/524/214 1041/2417/214 1039/523/214
f 1040/526/73 1041/2417/73 1029/524/73
f 1038/528/73 1040/526/73 1028/527/73
f 1214/531/14 1215/530/14 1038/1813/14
f 1010/492/717 1007/535/87 1034/533/87
f 1034/533/87 1214/532/87 1037/493/723
f 1025/482/715 1039/534/1095 1041/39/564
f 1032/536/87 1034/533/87 1007/535/87
f 856/504/720 1024/450/705 1038/539/724
f 1038/539/724 1215/538/141 1035/506/725
f 1029/480/712 1031/456/1094 1008/454/706
f 1033/505/721 1036/483/714 1023/484/716
f 1002/542/87 1030/455/87 1032/536/87
f 1062/544/73 1058/661/73 1049/543/73
f 1086/548/220 1115/547/99 1113/570/99
f 1077/549/228 1060/551/99 1064/550/99
f 1122/554/73 1066/553/73 1043/672/73
f 1055/555/73 1046/557/73 1106/556/73
f 1074/560/241 1072/559/99 1121/578/99
f 1044/562/99 1048/580/99 1080/561/226
f 1112/565/73 1114/651/73 1065/564/73
f 1045/568/73 1068/567/73 1062/544/73
f 1085/546/726 1113/570/99 1111/569/99
f 1064/550/99 1070/572/99 1075/669/225
f 1120/574/73 1122/554/73 1073/552/73
f 1053/575/73 1050/576/73 1046/557/73
f 1089/558/244 1121/578/99 1119/668/99
f 1043/672/73 1045/568/73 1047/545/73
f 1047/545/73 1049/543/73 1051/660/73
f 1051/660/73 1053/575/73 1055/555/73
f 1055/555/73 1057/654/73 1059/666/73
f 1059/666/73 1061/582/73 1063/566/73
f 1063/566/73 1065/564/73 1067/662/73
f 1067/662/73 1069/671/73 1071/573/73
f 1071/573/73 1073/552/73 1043/672/73
f 1043/672/73 1047/545/73 1051/660/73
f 1051/660/73 1055/555/73 1059/666/73
f 1059/666/73 1063/566/73 1067/662/73
f 1067/662/73 1071/573/73 1043/672/73
f 1043/672/73 1051/660/73 1059/666/73
f 1048/580/99 1052/667/99 1079/579/221
f 1110/581/73 1112/565/73 1063/566/73
f 1119/584/254 1120/2418/254 1118/583/253
f 1075/587/225 1074/617/241 1090/586/242
f 1092/590/239 1076/589/224 1075/587/225
f 1093/592/238 1077/591/228 1076/589/224
f 1094/594/237 1078/593/236 1077/591/228
f 1079/596/221 1078/593/236 1094/594/237
f 1096/597/234 1080/598/226 1079/596/221
f 1081/600/232 1080/598/226 1096/597/234
f 1098/602/231 1082/601/223 1081/600/232
f 1083/604/222 1082/601/223 1098/602/231
f 1084/605/227 1083/604/222 1099/603/252
f 1101/608/249 1085/607/726 1084/605/227
f 1086/609/220 1085/607/726 1101/608/249
f 1103/611/247 1087/612/219 1086/609/220
f 1088/613/245 1087/612/219 1103/611/247
f 1105/616/243 1089/615/244 1088/613/245
f 1090/586/242 1074/617/241 1089/615/244
f 1117/585/253 1118/583/253 1116/1814/7
f 1115/619/7 1116/1814/7 1114/620/229
f 1113/621/229 1114/620/229 1112/1815/230
f 1111/625/230 1112/624/230 1110/1816/262
f 1109/623/262 1110/1816/262 1108/626/141
f 1107/627/141 1108/626/141 1106/628/261
f 1048/631/260 1044/629/261 1106/628/261
f 1048/633/260 1046/2419/260 1050/632/259
f 1052/634/259 1050/632/259 1054/635/14
f 1056/636/14 1054/635/14 1058/637/258
f 1060/638/258 1058/637/258 1062/639/257
f 1064/642/257 1062/2420/257 1068/641/256
f 1070/643/256 1068/641/256 1066/644/87
f 1121/647/255 1122/649/255 1120/646/254
f 1072/645/87 1066/644/87 1122/649/255
f 1114/651/73 1116/650/73 1067/662/73
f 1107/652/99 1044/562/99 1081/563/232
f 1057/654/73 1106/556/73 1108/655/73
f 1078/656/236 1056/657/99 1060/551/99
f 1117/658/99 1115/547/99 1086/548/220
f 1058/661/73 1054/670/73 1051/660/73
f 1116/650/73 1118/663/73 1069/671/73
f 1083/664/222 1109/665/99 1107/652/99
f 1108/655/73 1110/581/73 1061/582/73
f 1052/667/99 1056/657/99 1078/656/236
f 1119/668/99 1117/658/99 1087/659/219
f 1075/669/225 1070/572/99 1072/559/99
f 1054/670/73 1050/576/73 1053/575/73
f 1069/671/73 1118/663/73 1120/574/73
f 1066/553/73 1068/567/73 1045/568/73
f 1084/673/227 1111/569/99 1109/665/99
f 1143/675/73 1139/793/73 1130/674/73
f 1196/678/99 1194/701/99 1166/677/250
f 1158/680/228 1141/682/99 1145/681/99
f 1154/683/73 1203/685/73 1147/684/73
f 1127/688/73 1187/687/73 1138/786/73
f 1153/690/99 1202/709/99 1170/689/244
f 1162/694/232 1125/693/99 1129/711/99
f 1144/697/73 1193/696/73 1195/783/73
f 1149/698/73 1143/675/73 1128/676/73
f 1194/701/99 1192/700/99 1165/805/227
f 1157/702/224 1145/681/99 1151/703/99
f 1152/704/73 1201/705/73 1203/685/73
f 1131/707/73 1127/688/73 1136/686/73
f 1202/709/99 1200/800/99 1169/708/245
f 1124/804/73 1126/699/73 1128/676/73
f 1128/676/73 1130/674/73 1132/792/73
f 1132/792/73 1134/706/73 1136/686/73
f 1136/686/73 1138/786/73 1140/798/73
f 1140/798/73 1142/713/73 1144/697/73
f 1144/697/73 1146/695/73 1148/794/73
f 1148/794/73 1150/803/73 1152/704/73
f 1152/704/73 1154/683/73 1124/804/73
f 1124/804/73 1128/676/73 1132/792/73
f 1132/792/73 1136/686/73 1140/798/73
f 1140/798/73 1144/697/73 1148/794/73
f 1148/794/73 1152/704/73 1124/804/73
f 1124/804/73 1132/792/73 1140/798/73
f 1161/692/226 1129/711/99 1133/710/99
f 1191/712/73 1193/696/73 1144/697/73
f 1200/715/254 1201/2421/254 1199/714/253
f 1172/719/240 1156/718/225 1155/748/241
f 1157/721/224 1156/718/225 1172/719/240
f 1174/722/238 1158/723/228 1157/721/224
f 1159/724/236 1158/723/228 1174/722/238
f 1160/727/221 1159/724/236 1175/725/237
f 1177/728/234 1161/729/226 1160/727/221
f 1162/730/232 1161/729/226 1177/728/234
f 1179/733/231 1163/732/223 1162/730/232
f 1180/734/252 1164/735/222 1163/732/223
f 1165/736/227 1164/735/222 1180/734/252
f 1166/739/250 1165/736/227 1181/737/251
f 1167/740/220 1166/739/250 1182/738/249
f 1184/742/247 1168/743/219 1167/740/220
f 1169/744/245 1168/743/219 1184/742/247
f 1186/746/243 1170/747/244 1169/744/245
f 1171/717/242 1155/748/241 1170/747/244
f 1198/716/253 1199/714/253 1197/1817/7
f 1196/750/7 1197/1817/7 1195/751/229
f 1194/752/229 1195/751/229 1193/753/230
f 1192/757/230 1193/756/230 1191/1818/262
f 1190/755/262 1191/1818/262 1189/758/141
f 1188/759/141 1189/758/141 1187/760/261
f 1129/763/260 1125/761/261 1187/760/261
f 1133/766/259 1129/765/260 1127/1819/260
f 1133/766/259 1131/764/259 1135/767/14
f 1137/768/14 1135/767/14 1139/769/258
f 1141/770/258 1139/769/258 1143/771/257
f 1145/774/257 1143/2422/257 1149/773/256
f 1151/775/256 1149/773/256 1147/776/87
f 1202/779/255 1203/781/255 1201/778/254
f 1153/777/87 1147/776/87 1203/781/255
f 1146/695/73 1195/783/73 1197/782/73
f 1163/785/223 1188/784/99 1125/693/99
f 1187/687/73 1189/787/73 1140/798/73
f 1159/788/236 1137/789/99 1141/682/99
f 1198/790/99 1196/678/99 1167/679/220
f 1139/793/73 1135/802/73 1132/792/73
f 1197/782/73 1199/795/73 1150/803/73
f 1164/796/222 1190/797/99 1188/784/99
f 1189/787/73 1191/712/73 1142/713/73
f 1160/799/221 1133/710/99 1137/789/99
f 1200/800/99 1198/790/99 1168/791/219
f 1156/801/225 1151/703/99 1153/690/99
f 1135/802/73 1131/707/73 1134/706/73
f 1150/803/73 1199/795/73 1201/705/73
f 1147/684/73 1149/698/73 1126/699/73
f 1165/805/227 1192/700/99 1190/797/99
f 1210/807/99 1213/809/99 1209/806/99
f 1209/806/99 1213/809/99 1707/808/99
f 1211/810/99 1205/816/99 1204/464/727
f 1208/812/99 1212/813/99 1211/810/99
f 1706/814/99 1212/813/99 1208/812/99
f 1204/464/727 1205/816/99 1210/807/99
f 1014/465/198 1213/818/198 1210/817/198
f 1207/811/728 1204/464/727 854/462/708
f 996/820/265 1209/822/265 1705/821/266
f 1210/824/730 1205/829/1096 1016/823/731
f 1206/826/265 1209/822/265 996/820/265
f 1016/823/731 1205/829/1096 1211/828/732
f 1034/831/213 1035/830/212 1215/530/271
f 1223/833/14 1219/2423/14 1217/832/14
f 1711/836/99 1710/2424/99 1220/835/99
f 1221/837/99 1220/835/99 1222/838/99
f 1223/841/141 1222/854/141 1218/840/141
f 1226/844/87 1227/2425/87 1220/843/87
f 1219/847/73 1218/852/73 1216/846/73
f 1231/850/99 1229/870/99 1225/849/99
f 1224/849/73 1226/858/73 1216/846/73
f 1225/853/141 1224/863/141 1218/840/141
f 1227/851/99 1225/849/99 1222/838/99
f 1234/856/87 1235/2426/87 1231/855/87
f 1228/859/73 1230/871/73 1226/858/73
f 1718/861/7 1719/923/7 1238/860/7
f 1229/864/141 1228/868/141 1224/863/141
f 1239/866/99 1237/886/99 1233/865/99
f 1233/869/141 1232/880/141 1228/868/141
f 1235/867/99 1233/865/99 1229/870/99
f 1232/865/73 1234/875/73 1230/871/73
f 1242/873/87 1243/2427/87 1239/872/87
f 1236/876/73 1238/888/73 1234/875/73
f 1713/878/14 1712/2428/14 1227/877/14
f 1237/881/141 1236/885/141 1232/880/141
f 1245/883/141 1244/905/141 1240/882/141
f 1241/884/141 1240/882/141 1236/885/141
f 1243/887/99 1241/889/99 1237/886/99
f 1240/889/73 1242/893/73 1238/888/73
f 1251/891/99 1249/901/99 1245/890/99
f 1247/892/99 1245/890/99 1241/889/99
f 1244/890/73 1246/900/73 1242/893/73
f 1717/895/14 1716/2429/14 1235/894/14
f 1714/898/7 1715/2430/7 1230/897/7
f 1248/901/73 1250/911/73 1246/900/73
f 1250/903/87 1251/2431/87 1247/902/87
f 1249/906/141 1248/908/141 1244/905/141
f 1723/907/73 1721/2432/73 1242/893/73
f 1253/909/141 1252/2433/141 1248/908/141
f 1255/910/99 1253/912/99 1249/901/99
f 1252/912/73 1254/937/73 1250/911/73
f 1727/914/7 1726/2434/7 1252/913/7
f 1721/916/14 1720/898/14 1243/899/14
f 1722/919/7 1723/2435/7 1246/918/7
f 1725/923/14 1724/2436/14 1251/922/14
f 1712/924/99 1714/2437/99 1231/850/99
f 1715/925/73 1713/2438/73 1226/858/73
f 1716/926/99 1718/2439/99 1239/866/99
f 1708/927/73 1709/2440/73 1217/848/73
f 1719/928/73 1717/2441/73 1234/875/73
f 1724/929/99 1727/2442/99 1255/910/99
f 1710/932/7 1708/931/7 1216/1823/7
f 1720/934/99 1722/2443/99 1247/933/99
f 1726/936/73 1725/2444/73 1250/911/73
f 1709/938/14 1711/2445/14 1221/834/14
f 1281/939/99 1275/941/99 1259/940/99
f 1276/944/733 1263/943/733 1259/1825/733
f 1271/945/274 1273/947/274 1267/946/274
f 1277/950/141 1274/949/141 1257/1827/734
f 1256/953/14 1260/952/14 1270/1828/14
f 1271/955/7 1261/954/7 1257/953/7
f 1280/956/73 1279/958/739 1267/957/735
f 1278/960/736 1264/2446/742 1263/959/737
f 1279/963/739 1266/2447/746 1260/962/740
f 1270/965/283 1272/967/283 1265/966/283
f 1266/968/283 1272/967/283 1270/965/283
f 1280/956/73 1273/1829/73 1264/970/742
f 1271/955/7 1269/951/7 1259/974/7
f 1258/974/14 1268/951/14 1270/1828/14
f 1264/975/274 1273/947/274 1271/945/274
f 1281/939/99 1269/1824/99 1257/977/99
f 1256/979/99 1268/980/99 1281/939/99
f 1265/981/743 1272/982/73 1280/956/73
f 1261/983/744 1267/984/735 1279/963/739
f 1262/985/745 1265/986/743 1278/960/736
f 1266/987/746 1279/958/739 1280/956/73
f 1260/989/747 1256/988/747 1274/949/141
f 1262/991/748 1276/944/748 1275/942/748
f 1258/992/99 1275/941/99 1281/939/99
f 1283/132/73 1282/998/73 915/993/73
f 1675/995/73 1283/132/73 858/994/73
f 915/993/73 1282/998/73 1685/997/73
f 1285/1000/73 1284/2448/73 1730/999/73
f 1728/1004/14 1730/1003/14 1284/1832/14
f 1284/1006/87 1285/2449/87 858/1005/87
f 1296/1009/291 1287/2450/291 1291/1008/291
f 1290/1010/291 1291/1008/291 1734/1833/291
f 1303/1013/749 1302/2451/749 1289/1012/749
f 1297/1017/294 1298/1016/14 1303/1834/14
f 1734/1018/7 1291/51/7 1283/52/7
f 1287/1020/750 1296/144/1089 873/142/609
f 1292/1023/296 1293/1030/751 1289/1022/751
f 1295/1025/752 1732/1026/752 1292/1023/296
f 1294/1027/494 1733/1028/1081 1732/1026/495
f 1293/1030/753 1296/2452/1097 1286/1029/754
f 1290/1032/304 1733/2453/304 1294/1031/303
f 1286/1015/293 1296/1033/304 1290/1032/304
f 1299/1035/305 1298/1037/305 1300/1034/305
f 1302/1038/305 1303/2454/305 1298/1037/305
f 1288/1041/7 1299/1040/7 1301/1835/7
f 1300/1042/14 1298/1016/14 1297/1017/294
f 1295/1043/141 1301/1045/141 1300/1044/141
f 1302/1046/7 1299/1040/7 1288/1041/7
f 1741/1837/756 1743/1975/787 1304/1838/757
f 1743/1840/759 1305/1844/763 1306/1841/760
f 1307/1843/762 1308/1846/765 1306/1841/760
f 1309/1845/764 1310/1848/767 1308/1846/765
f 1311/1847/766 1312/1886/769 1310/1848/767
f 1313/1849/768 1314/1853/771 1312/1850/769
f 1315/1852/770 1316/1855/773 1314/1853/771
f 1317/1854/772 1318/1857/775 1316/1855/773
f 1319/1856/774 1320/1884/777 1318/1857/775
f 1319/1858/774 1321/1862/779 1322/1859/776
f 1323/1861/778 1324/1864/781 1322/1859/776
f 1323/1861/778 1325/1866/783 1326/1863/780
f 1767/1865/782 1327/1883/797 1326/1863/780
f 1353/1867/784 1352/2502/1098 1320/1860/777
f 1769/1868/785 1770/1888/800 1327/1869/786
f 1315/1852/770 1377/1965/815 1376/1871/788
f 1344/1872/789 1787/2503/1099 1742/1839/758
f 1950/1873/259 1949/1949/14 1340/1874/14
f 1349/1876/790 1348/2504/1100 1312/1850/769
f 1345/1877/791 1344/2505/1101 1304/1842/761
f 1354/1878/792 1353/1867/784 1322/1859/776
f 1316/1855/773 1350/1880/794 1349/1876/790
f 1308/1846/765 1346/1881/795 1345/1877/791
f 1355/1879/793 1354/1878/792 1324/1864/781
f 1318/1857/775 1351/1885/798 1350/1880/794
f 1310/1848/767 1347/1887/799 1346/1881/795
f 1356/1882/796 1355/1879/793 1326/1863/780
f 1320/1884/777 1352/2506/1098 1351/1885/798
f 1312/1886/769 1348/2507/1100 1347/1887/799
f 1770/1888/800 1802/2508/1102 1356/1889/801
f 1788/1890/73 1787/1893/73 1329/1891/73
f 1787/1893/73 1344/2509/73 1330/1894/73
f 1330/1894/73 1344/2509/73 1345/1895/73
f 1331/1896/73 1345/1895/73 1346/1897/73
f 1332/1898/73 1346/1897/73 1347/1899/73
f 1333/1900/73 1347/1899/73 1348/1901/73
f 1334/1902/73 1348/1901/73 1349/1903/73
f 1335/1904/73 1349/1903/73 1350/1905/73
f 1350/1905/73 1351/1908/73 1337/1907/73
f 1351/1908/73 1352/1910/73 1338/1909/73
f 1352/1910/73 1353/1912/73 1339/1911/73
f 1353/1912/73 1354/1914/73 1340/1913/73
f 1354/1914/73 1355/1916/73 1341/1915/73
f 1355/1916/73 1356/2510/73 1342/1917/73
f 1342/1917/73 1356/2510/73 1802/1918/73
f 1343/1919/73 1802/1918/73 1788/1890/73
f 1334/1920/254 1943/2226/254 1942/1921/253
f 1951/1923/260 1950/1873/259 1341/1875/259
f 1944/1925/255 1943/2511/254 1334/1926/254
f 1952/1928/261 1951/2230/260 1342/1929/260
f 1945/1931/87 1944/1925/255 1335/1927/255
f 1329/1933/262 1937/1938/262 1938/1934/141
f 1938/1934/141 1952/1928/261 1343/1930/261
f 1337/1936/256 1946/1940/256 1945/1931/87
f 1330/1937/230 1939/2512/230 1937/1938/262
f 1338/1939/257 1947/2513/257 1946/1940/256
f 1331/1941/229 1940/1948/229 1939/1942/230
f 1948/1944/258 1947/2514/257 1338/1945/257
f 1332/1947/7 1941/1950/7 1940/1948/229
f 1949/1949/14 1948/1944/258 1339/1946/258
f 1333/1922/253 1942/1921/253 1941/1950/7
f 1307/1843/762 1381/1957/808 1380/1951/802
f 1834/1952/803 1805/2515/804 1358/1953/804
f 1382/1955/806 1359/1970/822 1360/1956/807
f 1360/1956/807 1361/1958/809 1380/1951/802
f 1361/1958/809 1362/2516/811 1379/1959/810
f 1362/1960/811 1363/1974/826 1378/1961/812
f 1382/1955/806 1381/1957/808 1307/1843/762
f 1319/1858/774 1375/1981/819 1374/1963/813
f 1373/1964/814 1372/1968/820 1325/1866/783
f 1313/1849/768 1378/1961/812 1377/1965/815
f 1371/1966/816 1820/1973/825 1769/1868/817
f 1317/1854/772 1376/1871/788 1375/1967/819
f 1311/1851/766 1379/1962/810 1378/1961/812
f 1372/1968/820 1371/1985/833 1767/1865/782
f 1383/1969/821 1358/2517/1103 1359/1970/822
f 1364/1971/823 1365/1979/828 1376/1871/788
f 1371/1966/816 1370/2518/824 1819/1972/824
f 1321/1862/779 1374/1963/813 1373/1964/814
f 1363/1974/826 1364/1971/823 1377/1965/815
f 1741/1837/827 1834/1952/803 1383/1954/805
f 1804/1976/99 1819/2519/99 1370/2520/99
f 1370/2520/99 1369/2521/99 1368/2522/99
f 1368/2522/99 1367/2523/99 1366/2524/99
f 1366/2524/99 1365/2525/99 1364/1977/99
f 1364/1977/99 1363/2526/99 1362/2527/99
f 1362/2527/99 1361/2528/99 1360/1978/99
f 1360/1978/99 1359/2529/99 1358/2530/99
f 1358/2530/99 1805/2531/99 1804/1976/99
f 1804/1976/99 1370/2520/99 1368/2522/99
f 1368/2522/99 1366/2524/99 1364/1977/99
f 1364/1977/99 1362/2527/99 1360/1978/99
f 1360/1978/99 1358/2530/99 1804/1976/99
f 1804/1976/99 1368/2522/99 1364/1977/99
f 1365/1979/828 1366/2532/829 1375/1967/819
f 1366/1980/829 1367/1982/830 1374/1963/813
f 1309/1845/764 1380/1951/802 1379/1959/810
f 1367/1982/830 1368/2533/1022 1373/1964/814
f 1373/1964/814 1368/2533/1022 1369/1983/831
f 1743/1840/759 1383/1969/821 1382/1955/806
f 1372/1968/820 1369/1983/831 1370/1984/832
f 1403/1986/306 1387/2534/306 1397/1987/306
f 1404/1052/87 1391/2004/87 1387/1051/87
f 1412/1989/834 1413/2535/1104 1388/1990/835
f 1396/1992/310 1398/2001/309 1390/1993/309
f 1399/1995/311 1397/2536/311 1387/1996/311
f 1406/1998/312 1400/2017/312 1392/1999/312
f 1398/2001/309 1401/2537/313 1393/2002/313
f 1392/2003/314 1400/2538/314 1399/1995/314
f 1404/1052/87 1405/1071/87 1392/1070/87
f 1407/2005/836 1402/1988/1105 1397/1987/837
f 1398/2001/839 1396/1992/840 1384/2007/840
f 1385/2009/842 1397/2539/842 1399/2010/843
f 1408/2012/845 1406/1998/1106 1401/2013/846
f 1394/2015/848 1401/2537/848 1398/2001/839
f 1399/2010/843 1400/2540/849 1395/2016/849
f 1400/2017/850 1406/1998/1107 1408/2012/851
f 1396/2019/853 1402/1988/1108 1407/2005/854
f 1393/1087/87 1405/1071/87 1404/1052/87
f 1401/2013/335 1406/1998/335 1405/2000/335
f 1385/2022/856 1411/1105/870 1410/1103/857
f 1386/1093/87 1390/1088/87 1404/1052/87
f 1386/2024/339 1403/1986/339 1402/1988/339
f 1416/2025/858 1409/2541/1109 1389/2026/859
f 1389/2026/859 1409/2541/1109 1411/2028/870
f 1394/2030/871 1415/1098/871 1414/1099/871
f 1410/1103/872 1412/1104/872 1384/2032/872
f 1388/1990/835 1413/2535/1104 1415/2033/873
f 1414/1099/874 1416/1101/858 1395/2035/860
f 1437/2036/306 1421/2542/306 1431/2037/306
f 1438/1122/87 1425/2054/87 1421/1121/87
f 1446/2039/834 1447/2543/1110 1422/2040/835
f 1430/2042/310 1432/2051/309 1424/2043/309
f 1433/2045/311 1431/2544/311 1421/2046/311
f 1440/2048/312 1434/2067/312 1426/2049/312
f 1432/2051/309 1435/2545/313 1427/2052/313
f 1426/2053/314 1434/2546/314 1433/2045/314
f 1438/1122/87 1439/1141/87 1426/1140/87
f 1441/2055/836 1436/2038/1105 1431/2037/837
f 1432/2051/839 1430/2042/840 1418/2057/840
f 1419/2059/842 1431/2547/842 1433/2060/843
f 1442/2062/845 1440/2048/1106 1435/2063/875
f 1428/2065/848 1435/2545/848 1432/2051/839
f 1433/2060/843 1434/2548/849 1429/2066/849
f 1434/2067/876 1440/2048/1111 1442/2062/851
f 1430/2069/853 1436/2038/1108 1441/2055/854
f 1427/1157/87 1439/1141/87 1438/1122/87
f 1435/2063/335 1440/2048/1078 1439/2050/335
f 1419/2072/856 1445/1175/879 1444/1173/857
f 1420/1163/87 1424/1158/87 1438/1122/87
f 1420/2074/339 1437/2036/339 1436/2038/339
f 1450/2075/878 1443/2549/1112 1423/2076/859
f 1423/2076/859 1443/2549/1112 1445/2078/879
f 1428/2080/880 1449/1168/880 1448/1169/871
f 1444/1173/872 1446/1174/872 1418/2082/872
f 1422/2040/835 1447/2543/1110 1449/2083/881
f 1448/1169/874 1450/1171/878 1429/2085/860
f 1463/1189/882 1460/2092/882 1454/1188/882
f 1454/1188/883 1458/1191/883 1459/2086/883
f 1456/1194/884 1457/1193/884 1459/2087/884
f 1452/1197/885 1453/1196/885 1457/2088/885
f 1454/1198/14 1452/1200/14 1456/1199/14
f 1457/1202/7 1453/1209/7 1455/1201/7
f 1466/1205/7 1467/2475/7 1463/1204/7
f 1452/1197/886 1461/1208/886 1462/1207/886
f 1453/1209/7 1462/1206/7 1463/1204/7
f 1460/1210/14 1461/2091/14 1452/1200/14
f 1465/1213/887 1464/1212/887 1467/2090/887
f 1460/1210/14 1464/1215/14 1465/1214/14
f 1467/1216/888 1464/1203/888 1460/2092/888
f 1461/1208/889 1465/1217/889 1466/2093/889
f 1480/1218/890 1486/1220/1113 1471/1219/891
f 1494/1222/882 1497/2476/882 1471/1221/882
f 1483/1225/884 1473/2096/884 1475/1224/884
f 1501/1228/893 1477/2477/893 1469/1227/894
f 1468/1231/895 1496/2097/895 1495/1230/896
f 1497/1233/897 1498/1229/894 1469/1227/894
f 1499/1234/886 1484/1236/886 1477/1235/886
f 1483/1225/884 1485/1238/884 1478/1237/884
f 1480/1218/898 1484/1240/1114 1476/1239/899
f 1468/1231/895 1476/1242/901 1500/1241/901
f 1477/1243/902 1484/1240/1115 1480/1218/890
f 1479/1245/884 1485/1238/884 1483/1225/884
f 1476/1247/886 1484/1236/886 1499/1234/886
f 1488/1249/884 1472/1246/884 1483/1225/884
f 1492/1251/903 1491/2478/903 1470/1250/903
f 1487/1253/904 1486/1220/1114 1480/1218/898
f 1481/1255/882 1486/1223/882 1487/1256/882
f 1487/1256/882 1495/1260/882 1474/1257/882
f 1495/1260/882 1494/1222/882 1482/1259/882
f 1494/1222/882 1486/1223/882 1481/1255/882
f 1491/1261/882 1492/1263/882 1493/1262/882
f 1481/1264/905 1490/1266/905 1493/1265/905
f 1493/1268/884 1492/2479/884 1474/1267/884
f 1470/1270/906 1491/1272/906 1490/1271/906
f 1494/1274/884 1495/1277/884 1488/1273/884
f 1488/1273/884 1495/1277/884 1496/1276/884
f 1498/1279/884 1497/1287/884 1475/1278/884
f 1479/1281/884 1500/1283/884 1499/1282/884
f 1478/1284/884 1501/1285/884 1498/1279/884
f 1496/1276/884 1500/1283/884 1479/1281/884
f 1475/1278/884 1497/1287/884 1494/1274/884
f 1499/1282/884 1501/1285/884 1478/1284/884
f 1513/1290/882 1510/1318/882 1504/1289/882
f 1504/1289/883 1508/1293/883 1509/1292/883
f 1506/1296/884 1507/1295/884 1509/2101/884
f 1502/1298/885 1503/2103/885 1507/1297/885
f 1504/1300/14 1502/1302/14 1506/1301/14
f 1507/1304/7 1503/1311/7 1505/1303/7
f 1516/1307/7 1517/2480/7 1513/1306/7
f 1502/1298/886 1511/1310/886 1512/1309/886
f 1512/1308/7 1513/1306/7 1505/1303/7
f 1510/1312/14 1511/2105/14 1502/1302/14
f 1515/1315/887 1514/1314/887 1517/2104/887
f 1510/1312/14 1514/1317/14 1515/1316/14
f 1517/1319/888 1514/2481/888 1510/1318/888
f 1511/1310/889 1515/1320/889 1516/2106/889
f 1531/58/546 1851/5/545 828/1321/907
f 1850/1324/630 1534/1330/630 848/1323/630
f 1849/1326/910 1850/1324/630 841/1325/909
f 1533/1328/912 1531/58/546 846/1322/908
f 828/1321/907 1851/5/545 1849/1326/910
f 848/1323/630 1534/1330/630 1533/1328/912
f 1524/1331/913 1525/1333/916 1529/1332/914
f 1526/1334/915 1527/1335/1116 1525/1333/916
f 1527/1337/917 1526/2482/917 846/1336/917
f 1524/1340/918 1528/2483/919 848/1339/919
f 846/1342/920 1526/1343/920 1524/1340/918
f 848/1344/921 1528/1346/921 1529/1345/921
f 1530/1348/546 1531/58/546 1518/1347/908
f 1521/1350/630 1534/1330/630 1532/1351/630
f 1518/1347/908 1531/58/546 1533/1328/912
f 910/1352/922 1535/62/546 1530/1348/546
f 1532/1351/630 1536/1357/630 911/1353/923
f 1533/1328/912 1534/1330/630 1521/1350/630
f 914/232/629 1535/62/546 910/1352/922
f 911/1353/923 1536/1357/630 914/232/629
f 1542/1359/925 1544/2484/630 1540/1358/630
f 1538/1362/926 1540/2485/630 1546/1361/927
f 1539/1364/929 1538/1362/926 1541/1363/928
f 1543/1366/908 1542/1359/925 1538/1360/926
f 852/1368/618 1539/158/618 1545/1369/618
f 1540/1371/931 1544/2486/931 1521/1370/931
f 910/1373/932 1545/1374/932 1541/67/579
f 1546/1375/931 1540/1371/931 853/1372/931
f 1606/1378/427 1607/2487/427 1605/1377/426
f 1608/1381/429 1609/1473/429 1607/1380/427
f 1612/1384/427 1613/1448/426 1561/1383/426
f 1591/1387/14 1593/1481/14 1555/1386/14
f 1602/1390/99 1603/1469/99 1601/1389/423
f 1615/1393/423 1616/2488/424 1558/1392/424
f 1600/1391/423 1601/1389/423 1599/1395/424
f 1618/1398/141 1619/1460/431 1555/1397/431
f 1607/1402/14 1609/1401/14 1648/1478/14
f 1598/1404/424 1599/2489/424 1597/1403/425
f 1621/1407/434 1622/1463/73 1552/1406/73
f 1596/1405/425 1597/1403/425 1595/1409/141
f 1624/1412/433 1644/1568/428 1643/1411/428
f 1551/1414/14 1585/1416/14 1587/1415/14
f 1594/1410/141 1595/1409/141 1593/1417/431
f 1646/1420/429 1612/2490/427 1562/1419/427
f 1601/1424/14 1603/1423/14 1560/1479/14
f 1592/1418/431 1593/1417/431 1591/1425/432
f 1614/1427/99 1615/1393/423 1559/1394/423
f 1590/1430/432 1591/2491/432 1589/1429/434
f 1617/1432/425 1618/1398/141 1556/1399/141
f 1588/1431/434 1589/1429/434 1587/1434/73
f 1620/1436/432 1621/1407/434 1553/1408/434
f 1556/1440/14 1595/1439/14 1597/1475/14
f 1586/1435/73 1587/1434/73 1585/1441/430
f 1623/1444/430 1624/2492/433 1550/1443/433
f 1584/1442/430 1585/1441/430 1583/1446/433
f 1613/1448/426 1614/1427/99 1560/1428/99
f 1582/1450/433 1583/2493/433 1580/1449/428
f 1616/1452/424 1617/1432/425 1557/1433/425
f 1581/1455/14 1580/1477/14 1643/1454/14
f 1579/1451/428 1580/1449/428 1581/1457/87
f 1619/1460/431 1620/2494/432 1554/1459/432
f 1553/1462/14 1589/1461/14 1591/1387/14
f 1622/1463/73 1623/1444/430 1551/1445/430
f 1572/1466/424 1632/1465/448 1633/1523/447
f 1561/1467/14 1605/1468/14 1607/1402/14
f 1604/1379/426 1605/1377/426 1603/1469/99
f 1655/1471/934 1957/1598/934 1652/1470/935
f 1578/1458/87 1581/1457/87 1609/1473/429
f 1557/1438/14 1597/1475/14 1599/1482/14
f 1643/1454/14 1580/1477/14 1583/1476/14
f 1648/1478/14 1609/1401/14 1581/1455/14
f 1560/1479/14 1603/1423/14 1605/1468/14
f 1587/1415/14 1589/1461/14 1553/1462/14
f 1593/1481/14 1595/1439/14 1556/1440/14
f 1599/1482/14 1601/1424/14 1559/1422/14
f 1583/1476/14 1585/1416/14 1551/1414/14
f 1577/1486/7 1646/1485/7 1610/1515/7
f 1576/1487/7 1612/1488/7 1646/1485/7
f 1613/1489/7 1612/1488/7 1576/1487/7
f 1614/1491/7 1613/1489/7 1575/1490/7
f 1573/1493/7 1615/1494/7 1614/1491/7
f 1572/1495/7 1616/1496/7 1615/1494/7
f 1617/1497/7 1616/1496/7 1572/1495/7
f 1570/1499/7 1618/1500/7 1617/1497/7
f 1619/1501/7 1618/1500/7 1570/1499/7
f 1568/1503/7 1620/1504/7 1619/1501/7
f 1621/1505/7 1620/1504/7 1568/1503/7
f 1622/1507/7 1621/1505/7 1567/1506/7
f 1623/1509/7 1622/1507/7 1566/1508/7
f 1624/1511/7 1623/1509/7 1565/1510/7
f 1644/1513/7 1624/1511/7 1564/1512/7
f 1547/1484/7 1610/1515/7 1644/1513/7
f 1637/1516/452 1916/1518/458 1917/1517/439
f 1640/1520/449 1641/1526/445 879/1519/428
f 1633/1523/447 1634/1528/443 1570/1522/141
f 1626/1525/446 1627/1530/442 1577/1524/429
f 1641/1526/445 1626/1525/446 1547/1522/87
f 1634/1528/443 1635/1527/444 1569/1532/431
f 1627/1530/442 1628/1561/435 1576/1529/427
f 1635/1527/444 1636/1562/441 1568/1531/432
f 1628/1534/435 1629/1540/454 1575/1533/426
f 1636/1537/441 1637/1516/452 1567/1536/434
f 1629/1540/454 1630/1543/451 1574/1539/99
f 1637/1516/452 1638/1545/453 1566/1541/73
f 1630/1543/451 1631/1547/450 1573/1542/423
f 1638/1545/453 1639/1544/438 1565/1548/430
f 1631/1547/450 1632/2111/448 1572/1546/424
f 1639/1544/438 1640/1549/449 1564/2110/433
f 1909/1550/455 1910/1552/466 1631/1547/450
f 1917/1517/439 1918/1553/440 1639/1544/438
f 1631/1547/450 1910/1552/466 1911/1551/467
f 1918/1553/440 1919/2495/468 1640/1549/449
f 1632/1465/448 1911/1555/467 1912/1554/462
f 1919/1556/468 1920/1560/465 1641/1526/445
f 1912/1554/462 1913/1557/463 1634/1528/443
f 1626/1525/446 1905/1559/461 1906/1558/459
f 1641/1526/445 1920/1560/465 1905/1559/461
f 1913/1557/463 1914/1563/464 1635/1527/444
f 1627/1530/442 1906/1558/459 1907/2112/456
f 1635/1527/444 1914/1563/464 1915/2113/460
f 1907/1565/456 1908/1564/457 1629/1540/454
f 1915/1566/460 1916/1518/458 1637/1516/452
f 1908/1564/457 1909/1550/455 1630/1543/451
f 1549/1567/936 1643/1411/428 1644/1568/428
f 1610/1570/87 1646/1420/429 1611/1569/937
f 1548/1572/87 1643/1411/428 1549/1567/936
f 1646/1420/429 1648/1421/429 1563/1574/937
f 1625/1575/936 1644/1568/428 1610/1570/87
f 1563/1574/937 1648/1421/429 1548/1572/87
f 1958/1577/938 1956/1749/1117 1653/1576/939
f 1652/1579/941 1957/1580/1118 1958/1577/938
f 1654/1582/942 1650/1591/950 1645/1581/7
f 1653/1585/943 1654/2117/943 1611/1584/99
f 1647/1587/14 1651/1578/940 1653/1576/939
f 1649/1472/935 1652/1470/935 1549/1588/73
f 1645/1581/7 1650/1591/950 1649/1590/944
f 1652/1579/941 1651/1578/940 1647/1587/14
f 1964/1594/945 1959/1593/141 1656/1593/141
f 1659/1595/946 1844/1597/7 1842/1596/7
f 1842/1599/73 1953/2496/73 1957/1598/934
f 1960/1751/87 1961/1750/87 1843/1750/87
f 1955/1601/99 1845/2497/99 1658/1600/948
f 1845/1603/7 1844/1597/7 1659/1595/946
f 1654/1582/942 1658/1604/949 1659/1595/946
f 1659/1595/946 1655/2116/947 1649/1590/944
f 1956/1602/948 1658/1600/948 1654/2117/943
f 850/1605/951 1873/1607/957 1875/1606/485
f 1859/1609/488 1857/1617/958 1852/1608/952
f 1519/1611/953 1864/1613/953 1862/1612/954
f 830/1614/956 1879/1615/956 1873/1607/957
f 1857/1617/958 1864/2498/959 1519/1616/959
f 1710/2119/141 1708/2550/141 1709/2120/141
f 1712/2122/141 1714/2550/141 1715/2119/141
f 1716/2124/141 1718/2551/141 1719/2125/141
f 1720/2127/141 1722/2124/141 1723/2126/141
f 1724/2129/141 1727/2552/141 1726/2130/141
f 1735/1618/297 1736/1620/1069 1732/1619/298
f 1736/1621/87 1735/1623/87 1737/1622/87
f 1739/2134/141 1740/2177/141 1742/2135/141
f 1741/2136/960 1742/2135/986 1744/2137/961
f 1743/2139/963 1744/2553/1119 1746/2140/964
f 1746/2140/964 1748/2143/765 1747/2142/762
f 1748/2143/765 1750/2145/967 1749/2144/966
f 1750/2145/967 1752/2193/996 1751/2146/968
f 1751/2147/968 1752/2554/996 1754/2148/969
f 1753/2149/970 1754/2148/969 1756/2150/971
f 1756/2150/971 1758/2153/974 1757/2152/973
f 1758/2153/974 1760/2192/981 1759/2154/975
f 1759/2155/975 1760/2163/981 1762/2156/976
f 1761/2157/977 1762/2156/976 1764/2158/781
f 1764/2158/781 1766/2161/979 1765/2160/978
f 1766/2161/979 1768/2188/993 1767/2162/980
f 1760/2163/981 1797/2555/995 1798/2164/793
f 1768/2165/982 1770/2168/997 1769/2166/983
f 1770/2168/141 1740/2177/141 1739/2134/141
f 1755/2151/972 1757/2152/973 1826/2169/984
f 1742/2135/986 1787/2190/1120 1789/2171/987
f 1783/2172/14 1933/2255/14 1934/2173/258
f 1754/2148/969 1752/2554/996 1793/2175/988
f 1740/2177/141 1770/2168/141 1802/2178/141
f 1746/2140/964 1744/2553/1119 1789/2180/990
f 1762/2156/976 1798/2164/793 1799/2182/792
f 1754/2148/969 1794/2176/989 1795/2183/991
f 1748/2143/765 1746/2140/964 1790/2181/799
f 1764/2158/781 1799/2182/792 1800/2185/784
f 1756/2150/971 1795/2183/991 1796/2186/992
f 1750/2145/967 1748/2143/765 1791/2184/795
f 1768/2188/993 1766/2161/979 1800/2185/784
f 1740/2177/141 1788/2179/141 1787/2190/141
f 1758/2153/974 1796/2186/992 1797/2191/995
f 1752/2193/996 1750/2145/967 1792/2187/791
f 1770/2168/997 1768/2165/982 1801/2195/998
f 1772/2196/73 1787/1893/73 1788/1890/73
f 1773/2198/73 1789/2200/73 1787/1893/73
f 1773/2198/73 1774/2202/73 1790/2199/73
f 1775/2201/73 1791/2204/73 1790/2199/73
f 1776/2203/73 1792/2206/73 1791/2204/73
f 1777/2205/73 1793/2208/73 1792/2206/73
f 1778/2207/73 1794/2210/73 1793/2208/73
f 1779/2209/73 1795/2212/73 1794/2210/73
f 1780/2211/73 1796/2214/73 1795/2212/73
f 1781/2213/73 1797/2216/73 1796/2214/73
f 1781/2213/73 1782/2217/73 1798/2215/73
f 1782/2217/73 1783/2219/73 1799/2218/73
f 1783/2219/73 1784/2222/73 1800/2220/73
f 1785/2221/73 1801/2223/73 1800/2220/73
f 1785/2221/73 1786/2224/73 1802/1918/73
f 1786/2224/73 1771/2197/73 1788/1890/73
f 1777/1920/230 1776/2256/229 1926/2225/229
f 1784/2174/258 1934/2173/258 1935/2227/257
f 1778/2229/262 1777/1929/230 1927/2230/230
f 1785/2232/257 1935/2556/257 1936/2233/256
f 1779/2235/141 1778/2229/262 1928/2231/262
f 1771/2237/87 1922/2240/87 1921/2238/255
f 1786/2234/256 1936/2233/256 1922/2240/87
f 1779/2235/141 1929/2236/141 1930/2241/261
f 1773/2243/254 1772/2239/255 1921/2238/255
f 1780/2242/261 1930/2241/261 1931/2245/260
f 1773/2247/254 1923/2557/254 1924/2248/253
f 1781/2250/260 1931/2558/260 1932/2251/259
f 1775/2253/7 1774/2249/253 1924/2248/253
f 1783/2172/14 1782/2252/259 1932/2251/259
f 1775/2253/7 1925/2254/7 1926/2225/229
f 1747/2142/762 1749/2144/966 1830/2257/1000
f 1834/2259/1001 1833/2285/1019 1806/2260/1002
f 1832/2262/1003 1831/2258/808 1808/2263/807
f 1830/2257/1000 1809/2266/822 1808/2263/807
f 1829/2265/1004 1810/2559/1006 1809/2266/822
f 1828/2267/1005 1811/2284/1017 1810/2268/1006
f 1820/2270/141 1835/2273/141 1804/2271/141
f 1835/2273/141 1834/2259/141 1805/2261/141
f 1747/2142/762 1831/2258/808 1832/2262/1003
f 1759/2155/975 1761/2157/977 1824/2274/1007
f 1765/2160/978 1822/2279/1012 1823/2276/814
f 1753/2149/970 1755/2151/972 1827/2170/985
f 1769/2166/1009 1820/2270/1121 1821/2277/1010
f 1757/2152/973 1759/2154/975 1825/2278/1008
f 1751/2147/968 1753/2149/970 1828/2267/1005
f 1767/2162/980 1821/2560/1122 1822/2279/1012
f 1833/2280/1013 1832/2262/1003 1807/2264/809
f 1826/2169/984 1813/2288/1020 1812/2282/1015
f 1821/2277/1010 1820/2270/1121 1819/2272/1016
f 1761/2157/977 1763/2159/778 1823/2276/814
f 1827/2170/985 1812/2282/1015 1811/2284/1017
f 1741/2136/1018 1743/2138/1011 1833/2285/1019
f 1804/1976/99 1805/2531/99 1806/2561/99
f 1806/2561/99 1807/2562/99 1808/2563/99
f 1808/2563/99 1809/2564/99 1810/2565/99
f 1810/2565/99 1811/2566/99 1812/2286/99
f 1812/2286/99 1813/2567/99 1814/2568/99
f 1814/2568/99 1815/2569/99 1816/2287/99
f 1816/2287/99 1817/2570/99 1818/2571/99
f 1818/2571/99 1819/2519/99 1804/1976/99
f 1804/1976/99 1806/2561/99 1808/2563/99
f 1808/2563/99 1810/2565/99 1812/2286/99
f 1812/2286/99 1814/2568/99 1816/2287/99
f 1816/2287/99 1818/2571/99 1804/1976/99
f 1804/1976/99 1808/2563/99 1812/2286/99
f 1825/2278/1008 1814/2572/1021 1813/2288/1020
f 1739/2134/141 1835/2273/141 1820/2270/141
f 1824/2274/1007 1815/2290/831 1814/2289/1021
f 1749/2144/966 1751/2146/968 1829/2265/1004
f 1823/2276/814 1816/2292/1022 1815/2290/831
f 1741/2136/141 1834/2259/141 1835/2273/141
f 1823/2276/814 1822/2279/1012 1817/2291/830
f 1743/2139/963 1745/2141/965 1832/2262/1003
f 1822/2279/1012 1821/2560/1122 1818/2293/1023
f 1841/2294/141 1955/2302/141 1845/2295/141
f 1841/2294/141 1840/2296/141 1836/2297/141
f 1837/2298/141 1836/2297/141 1839/2299/141
f 1838/2300/141 1953/2304/141 1954/2301/141
f 1841/2294/141 1837/2298/141 1954/2301/141
f 1847/1624/14 1848/1626/14 1955/1625/14
f 1839/2299/141 1842/2306/141 1953/2304/141
f 1839/2299/141 1836/2297/141 1844/2305/141
f 1840/2296/141 1845/2295/141 1844/2305/141
f 1520/1627/1024 1850/1629/1123 1849/1628/1025
f 1519/1630/1027 1851/1632/1124 836/1631/1028
f 836/1631/1028 1853/2499/514 1663/1633/503
f 1669/1635/505 1855/1637/505 1854/1636/1030
f 1854/1636/1030 1850/1629/1123 1520/1627/1024
f 1849/1628/1025 1851/1632/1124 1519/1630/1027
f 1856/1641/1032 1860/1643/1035 1863/1640/1033
f 1858/1644/513 1861/2500/1082 1860/1643/1035
f 1859/1645/514 1858/1644/513 1856/1641/1032
f 1857/1646/1036 1856/1641/1032 1862/1642/1034
f 1522/1648/955 1862/1612/954 1863/1649/1038
f 1520/1650/1039 1863/1651/1039 1860/79/1040
f 1865/71/1041 1866/72/1125 830/1652/1042
f 842/1654/1044 1868/233/1126 1867/229/1045
f 1869/1655/1047 1868/233/1126 842/1654/1044
f 1867/229/1045 1870/230/1083 1670/1657/528
f 1871/85/530 1865/71/1041 850/1653/1043
f 830/1652/1042 1866/72/1125 1869/1655/1047
f 1872/1660/1049 1878/1662/1053 1880/1661/1044
f 1874/1663/535 1872/1660/1049 1876/1664/1050
f 1875/1665/537 1873/1666/1052 1872/1660/1049
f 1873/1666/1052 1879/1667/1127 1878/1662/1053
f 842/1668/1054 1880/1669/1054 1878/45/569
f 1877/1670/541 1876/155/615 844/156/617
f 1674/7/5 1881/69/14 898/70/14
f 1900/89/33 1677/141/33 1882/106/14
f 1955/1625/14 1956/1749/1117 1657/1746/14
f 1660/1594/14 1957/1580/1118 1953/1748/14
f 1657/1746/14 1956/1749/1117 1958/1577/938
f 1958/1577/938 1957/1580/1118 1660/1594/14
f 1961/1750/14 1960/1751/14 1959/1593/14
f 1959/1593/14 1960/1751/14 1962/1747/14
f 1961/1750/73 1964/1594/73 1660/1594/73
f 1962/1747/87 1960/1751/87 1954/1751/87
f 1959/1593/141 1963/1746/1055 1657/1746/1055
f 1963/1746/99 1962/1747/99 1846/1747/99
o whell.007
v -1.258985 0.331756 0.647852
v -1.258985 0.541954 0.904507
v -1.178546 0.525954 0.904507
v -1.110353 0.480388 0.904506
v -1.064788 0.412195 0.904506
v -1.048787 0.331756 0.904506
v -1.064788 0.251317 0.904507
v -1.110353 0.183124 0.904507
v -1.178546 0.137559 0.904507
v -1.258985 0.121559 0.904507
v -1.339424 0.137559 0.904507
v -1.407617 0.183124 0.904507
v -1.453182 0.251317 0.904507
v -1.469183 0.331756 0.904507
v -1.453182 0.412196 0.904507
v -1.407617 0.480389 0.904507
v -1.339424 0.525954 0.904507
v -1.258985 0.475421 0.836045
v -1.204007 0.464485 0.836045
v -1.157399 0.433343 0.836045
v -1.126256 0.386734 0.836045
v -1.115320 0.331756 0.836045
v -1.126256 0.276778 0.836045
v -1.157399 0.230170 0.836045
v -1.204007 0.199027 0.836045
v -1.258985 0.188091 0.836045
v -1.313963 0.199027 0.836045
v -1.360572 0.230170 0.836045
v -1.391714 0.276778 0.836045
v -1.402650 0.331756 0.836045
v -1.391714 0.386735 0.836045
v -1.360572 0.433343 0.836045
v -1.313963 0.464485 0.836045
v -1.258985 0.385839 0.866529
v -1.238289 0.381722 0.866529
v -1.220743 0.369998 0.866529
v -1.209020 0.352453 0.866529
v -1.204903 0.331756 0.866529
v -1.209020 0.311060 0.866529
v -1.220743 0.293514 0.866529
v -1.238289 0.281791 0.866529
v -1.258985 0.277674 0.866529
v -1.279681 0.281791 0.866529
v -1.297227 0.293514 0.866529
v -1.308950 0.311060 0.866529
v -1.313067 0.331756 0.866529
v -1.308950 0.352453 0.866529
v -1.297227 0.369998 0.866529
v -1.279681 0.381722 0.866529
v -1.258985 0.371708 0.878829
v -1.243696 0.368667 0.878829
v -1.230735 0.360007 0.878829
v -1.222074 0.347045 0.878829
v -1.219033 0.331756 0.878829
v -1.222074 0.316467 0.878829
v -1.230735 0.303506 0.878829
v -1.243696 0.294845 0.878829
v -1.258985 0.291804 0.878829
v -1.274274 0.294845 0.878829
v -1.287235 0.303506 0.878829
v -1.295896 0.316467 0.878829
v -1.298937 0.331756 0.878829
v -1.295896 0.347045 0.878829
v -1.287235 0.360007 0.878829
v -1.274274 0.368667 0.878829
v -1.258985 0.356392 0.869499
v -1.249557 0.354517 0.869499
v -1.241565 0.349176 0.869499
v -1.236225 0.341184 0.869499
v -1.234350 0.331756 0.869499
v -1.236225 0.322329 0.869499
v -1.241565 0.314336 0.869499
v -1.249557 0.308996 0.869499
v -1.258985 0.307121 0.869499
v -1.268413 0.308996 0.869499
v -1.276405 0.314336 0.869499
v -1.281745 0.322329 0.869499
v -1.283621 0.331756 0.869499
v -1.281745 0.341184 0.869499
v -1.276405 0.349176 0.869499
v -1.268413 0.354517 0.869499
v -1.258985 0.342115 0.879433
v -1.255021 0.341326 0.879433
v -1.251660 0.339081 0.879433
v -1.249415 0.335720 0.879433
v -1.248626 0.331756 0.879433
v -1.249415 0.327792 0.879433
v -1.251660 0.324432 0.879433
v -1.255021 0.322186 0.879433
v -1.258985 0.321398 0.879433
v -1.262949 0.322186 0.879433
v -1.266310 0.324432 0.879433
v -1.268555 0.327792 0.879433
v -1.269343 0.331756 0.879433
v -1.268555 0.335720 0.879433
v -1.266310 0.339081 0.879433
v -1.262949 0.341326 0.879433
v -1.150255 0.594254 0.904507
v -1.132028 0.638259 0.857790
v -1.258985 0.663513 0.857791
v -1.258985 0.615881 0.904507
v -1.058078 0.532663 0.904506
v -1.024398 0.566343 0.857790
v -0.996488 0.440486 0.904506
v -0.952482 0.458714 0.857790
v -0.974860 0.331756 0.904506
v -0.927229 0.331756 0.857790
v -0.996488 0.223026 0.904506
v -0.952482 0.204799 0.857790
v -1.058078 0.130850 0.904507
v -1.024398 0.097169 0.857790
v -1.150255 0.069259 0.904507
v -1.132028 0.025254 0.857790
v -1.258985 0.047631 0.904507
v -1.258985 0.000000 0.857791
v -1.367715 0.069259 0.904507
v -1.385943 0.025254 0.857791
v -1.459892 0.130850 0.904507
v -1.493572 0.097169 0.857791
v -1.521482 0.223026 0.904507
v -1.565488 0.204799 0.857791
v -1.543110 0.331756 0.904507
v -1.590741 0.331756 0.857791
v -1.521482 0.440486 0.904507
v -1.565488 0.458714 0.857791
v -1.459892 0.532663 0.904507
v -1.493572 0.566344 0.857791
v -1.367715 0.594254 0.904507
v -1.385943 0.638259 0.857791
v -1.258985 0.498472 0.875890
v -1.322784 0.485781 0.875890
v -1.195186 0.177731 0.875890
v -1.376871 0.449642 0.875890
v -1.141100 0.213871 0.875890
v -1.413010 0.395556 0.875890
v -1.104960 0.267957 0.875890
v -1.425700 0.331756 0.875890
v -1.092270 0.331756 0.875890
v -1.413010 0.267957 0.875890
v -1.104960 0.395556 0.875890
v -1.376871 0.213871 0.875890
v -1.141100 0.449642 0.875890
v -1.195186 0.485781 0.875890
v -1.322784 0.177731 0.875890
v -1.258985 0.165041 0.875890
v -1.258985 0.618471 0.647852
v -1.258985 0.663513 0.692028
v -1.132028 0.638259 0.692028
v -1.149264 0.596646 0.647852
v -1.024398 0.566343 0.692028
v -1.056247 0.534494 0.647852
v -0.952482 0.458714 0.692027
v -0.994095 0.441477 0.647852
v -0.927229 0.331756 0.692027
v -0.972270 0.331756 0.647852
v -0.952482 0.204799 0.692027
v -0.994095 0.222035 0.647852
v -1.024398 0.097169 0.692028
v -1.056247 0.129018 0.647852
v -1.132028 0.025253 0.692028
v -1.149264 0.066866 0.647852
v -1.258985 0.000000 0.692028
v -1.258985 0.045041 0.647852
v -1.385943 0.025253 0.692028
v -1.368706 0.066866 0.647852
v -1.493572 0.097169 0.692028
v -1.461723 0.129018 0.647852
v -1.565488 0.204799 0.692028
v -1.523875 0.222035 0.647852
v -1.590741 0.331756 0.692028
v -1.545700 0.331756 0.647852
v -1.565488 0.458714 0.692028
v -1.523875 0.441477 0.647852
v -1.493572 0.566344 0.692028
v -1.461723 0.534495 0.647852
v -1.385943 0.638259 0.692028
v -1.368706 0.596646 0.647852
vn -0.0000 -0.0000 -1.0000
vn -0.0000 -0.0000 1.0000
vn -0.0000 0.7131 0.7011
vn 0.3312 0.7997 0.5007
vn 0.2729 0.6588 0.7011
vn -0.0000 1.0000 -0.0000
vn 0.3827 0.9239 -0.0000
vn -0.0000 -0.5497 0.8353
vn 0.2729 -0.6588 0.7011
vn -0.0000 -0.7131 0.7011
vn -0.2976 0.1233 0.9467
vn -0.3396 0.3396 0.8772
vn -0.2278 0.2278 0.9467
vn -0.5042 -0.5042 0.7011
vn -0.3313 -0.7997 0.5007
vn -0.6121 -0.6121 0.5007
vn 0.5042 0.5042 0.7011
vn 0.6121 0.6121 0.5007
vn -0.6588 -0.2729 0.7011
vn -0.7997 -0.3312 0.5007
vn 0.6588 0.2729 0.7011
vn 0.7997 0.3312 0.5007
vn -0.7131 -0.0000 0.7011
vn -0.8656 -0.0000 0.5007
vn 0.8656 -0.0000 0.5007
vn 0.7131 -0.0000 0.7011
vn -0.6588 0.2729 0.7011
vn -0.7997 0.3312 0.5007
vn 0.7997 -0.3312 0.5007
vn 0.6588 -0.2729 0.7011
vn -0.6121 0.6121 0.5007
vn -0.5042 0.5042 0.7011
vn 0.6121 -0.6121 0.5007
vn 0.5042 -0.5042 0.7011
vn -0.3312 0.7997 0.5007
vn -0.2729 0.6588 0.7011
vn 0.3313 -0.7997 0.5007
vn -0.0000 0.8656 0.5007
vn -0.2729 -0.6588 0.7011
vn -0.0000 -0.8656 0.5007
vn -0.4437 -0.1838 0.8772
vn -0.6566 -0.0000 0.7543
vn -0.4802 -0.0000 0.8772
vn 0.2278 -0.2278 0.9467
vn 0.1838 -0.4437 0.8772
vn 0.1233 -0.2976 0.9467
vn -0.1233 0.2976 0.9467
vn -0.1838 0.4437 0.8772
vn -0.0000 -0.4802 0.8772
vn -0.0000 -0.3222 0.9467
vn 0.1233 0.2976 0.9467
vn -0.0000 0.4802 0.8772
vn 0.1838 0.4437 0.8772
vn -0.0000 0.3222 0.9467
vn -0.1838 -0.4437 0.8772
vn -0.1233 -0.2976 0.9467
vn 0.3396 0.3396 0.8772
vn 0.2278 0.2278 0.9467
vn -0.3396 -0.3396 0.8772
vn -0.2278 -0.2278 0.9467
vn 0.2976 0.1233 0.9467
vn 0.4437 0.1838 0.8772
vn -0.2976 -0.1233 0.9467
vn 0.4802 -0.0000 0.8772
vn 0.3222 -0.0000 0.9467
vn -0.3222 -0.0000 0.9467
vn 0.4437 -0.1838 0.8772
vn 0.2976 -0.1233 0.9467
vn -0.4437 0.1838 0.8772
vn 0.3396 -0.3396 0.8772
vn -0.1991 -0.4806 0.8540
vn -0.3679 -0.3679 0.8540
vn 0.6066 -0.2512 0.7543
vn -0.6066 0.2512 0.7543
vn 0.4643 -0.4643 0.7543
vn -0.4643 0.4643 0.7543
vn 0.2513 -0.6066 0.7543
vn -0.2512 0.6066 0.7543
vn -0.0000 -0.6566 0.7543
vn 0.2513 0.6066 0.7543
vn -0.0000 0.6566 0.7543
vn -0.2512 -0.6066 0.7543
vn 0.4643 0.4643 0.7543
vn -0.4643 -0.4643 0.7543
vn 0.6066 0.2512 0.7543
vn -0.6066 -0.2512 0.7543
vn 0.6566 -0.0000 0.7543
vn 0.2186 -0.5277 0.8208
vn 0.4039 -0.4039 0.8208
vn 0.1991 0.4806 0.8540
vn 0.3679 0.3679 0.8540
vn -0.4806 -0.1991 0.8540
vn 0.4806 0.1991 0.8540
vn -0.5202 -0.0000 0.8540
vn 0.5202 -0.0000 0.8540
vn -0.4806 0.1991 0.8540
vn 0.4806 -0.1991 0.8540
vn -0.3679 0.3679 0.8540
vn 0.3679 -0.3679 0.8540
vn 0.3679 -0.3678 0.8540
vn -0.1991 0.4806 0.8540
vn 0.1991 -0.4806 0.8540
vn -0.0000 0.5202 0.8540
vn -0.0000 -0.5202 0.8540
vn -0.4039 0.4039 0.8208
vn -0.2186 0.5277 0.8208
vn -0.0000 -0.5711 0.8209
vn -0.0000 -0.5711 0.8208
vn 0.2186 0.5277 0.8208
vn -0.0000 0.5711 0.8209
vn -0.0000 0.5711 0.8208
vn -0.2186 -0.5277 0.8208
vn 0.4039 0.4039 0.8208
vn -0.4039 -0.4039 0.8208
vn 0.5277 0.2186 0.8208
vn -0.5277 -0.2186 0.8208
vn 0.5712 -0.0000 0.8208
vn -0.5711 -0.0000 0.8208
vn 0.5277 -0.2186 0.8208
vn -0.5277 0.2186 0.8208
vn 0.2680 0.6469 0.7139
vn -0.0000 0.7002 0.7139
vn 0.4951 0.4951 0.7139
vn 0.6469 0.2680 0.7139
vn 0.7002 -0.0000 0.7139
vn 0.6469 -0.2680 0.7139
vn 0.4951 -0.4951 0.7139
vn 0.2680 -0.6469 0.7139
vn -0.0000 -0.7002 0.7139
vn -0.2680 -0.6469 0.7139
vn -0.4951 -0.4951 0.7139
vn -0.6469 -0.2680 0.7139
vn -0.7002 -0.0000 0.7139
vn -0.6469 0.2680 0.7139
vn -0.4951 0.4951 0.7139
vn -0.2680 0.6469 0.7139
vn -0.3827 0.9239 -0.0000
vn 0.7071 0.7071 -0.0000
vn 0.9239 0.3827 -0.0000
vn 1.0000 -0.0000 -0.0000
vn 0.9239 -0.3827 -0.0000
vn 0.7071 -0.7071 -0.0000
vn 0.3827 -0.9239 -0.0000
vn -0.0000 -1.0000 -0.0000
vn -0.3827 -0.9239 -0.0000
vn -0.7071 -0.7071 -0.0000
vn -0.9239 -0.3827 -0.0000
vn -1.0000 -0.0000 -0.0000
vn -0.9239 0.3827 -0.0000
vn -0.7071 0.7071 -0.0000
vn 0.2680 0.6469 -0.7139
vn -0.0000 0.7002 -0.7139
vn 0.4951 0.4951 -0.7139
vn 0.6469 0.2680 -0.7139
vn 0.7002 -0.0000 -0.7139
vn 0.6469 -0.2680 -0.7139
vn 0.4951 -0.4951 -0.7139
vn 0.2680 -0.6469 -0.7139
vn -0.0000 -0.7002 -0.7139
vn -0.2680 -0.6469 -0.7139
vn -0.4951 -0.4951 -0.7139
vn -0.6469 -0.2680 -0.7139
vn -0.7002 -0.0000 -0.7139
vn -0.6469 0.2680 -0.7139
vn -0.4951 0.4951 -0.7139
vn -0.2680 0.6469 -0.7139
vn -0.2104 -0.5079 0.8353
vn -0.2104 0.5079 0.8353
vn -0.0000 0.5497 0.8353
vn 0.2104 -0.5079 0.8353
vn -0.3887 0.3887 0.8353
vn 0.3887 -0.3887 0.8353
vn 0.5079 -0.2104 0.8353
vn -0.5079 0.2104 0.8353
vn 0.5079 0.2104 0.8353
vn 0.5497 -0.0000 0.8353
vn -0.5079 -0.2104 0.8353
vn -0.5497 -0.0000 0.8353
vn 0.3887 0.3887 0.8353
vn -0.3887 -0.3887 0.8353
vn 0.2104 0.5079 0.8353
vn 0.0001 -0.0000 1.0000
vt 0.096982 0.934810
vt 0.096630 0.934458
vt 0.097504 0.933875
vt 0.102705 0.930890
vt 0.102642 0.932020
vt 0.102063 0.931155
vt 0.103132 0.931529
vt 0.103507 0.932597
vt 0.104528 0.932107
vt 0.103773 0.931957
vt 0.105549 0.932597
vt 0.104528 0.932800
vt 0.105924 0.931529
vt 0.105284 0.931957
vt 0.106352 0.930890
vt 0.106415 0.932020
vt 0.107196 0.930135
vt 0.106993 0.931155
vt 0.106352 0.929381
vt 0.106502 0.930135
vt 0.105924 0.928741
vt 0.106993 0.929116
vt 0.105549 0.927673
vt 0.106415 0.928251
vt 0.104528 0.928164
vt 0.105284 0.928314
vt 0.103507 0.927673
vt 0.104528 0.927470
vt 0.103132 0.928741
vt 0.103773 0.928314
vt 0.206161 0.343275
vt 0.205787 0.342755
vt 0.206161 0.342675
vt 0.102705 0.929381
vt 0.102642 0.928251
vt 0.101860 0.930135
vt 0.102063 0.929115
vt 0.096506 0.937199
vt 0.096047 0.937389
vt 0.095842 0.936360
vt 0.131427 0.949033
vt 0.132985 0.950226
vt 0.131427 0.950226
vt 0.098534 0.934167
vt 0.098534 0.933670
vt 0.099564 0.933875
vt 0.099374 0.934334
vt 0.100437 0.934458
vt 0.100086 0.934809
vt 0.101021 0.935330
vt 0.100561 0.935521
vt 0.101226 0.936359
vt 0.100728 0.936359
vt 0.101021 0.937389
vt 0.100561 0.937198
vt 0.100437 0.938261
vt 0.100086 0.937910
vt 0.099564 0.938844
vt 0.099374 0.938385
vt 0.098534 0.939049
vt 0.098534 0.938552
vt 0.097504 0.938844
vt 0.097694 0.938385
vt 0.096630 0.938261
vt 0.096982 0.937910
vt 0.220369 0.322458
vt 0.220886 0.321860
vt 0.220767 0.322459
vt 0.097694 0.934334
vt 0.113448 0.875209
vt 0.113440 0.876111
vt 0.112961 0.875411
vt 0.218655 0.342254
vt 0.218280 0.342841
vt 0.218280 0.342410
vt 0.206161 0.342163
vt 0.205787 0.342314
vt 0.251329 0.333842
vt 0.250955 0.334197
vt 0.250955 0.333760
vt 0.239636 0.342608
vt 0.240010 0.342251
vt 0.240010 0.342690
vt 0.251329 0.333244
vt 0.250955 0.333244
vt 0.240010 0.343206
vt 0.239636 0.343207
vt 0.251329 0.332645
vt 0.250955 0.332728
vt 0.240010 0.343721
vt 0.239636 0.343805
vt 0.250955 0.332291
vt 0.251329 0.332138
vt 0.240010 0.344156
vt 0.239636 0.344310
vt 0.206161 0.344375
vt 0.205787 0.343786
vt 0.206161 0.343872
vt 0.218655 0.344465
vt 0.218280 0.343872
vt 0.218655 0.343951
vt 0.205787 0.343272
vt 0.218655 0.342754
vt 0.218280 0.343355
vt 0.218655 0.343350
vt 0.129506 0.925718
vt 0.129302 0.925773
vt 0.129323 0.925642
vt 0.114460 0.877651
vt 0.114144 0.876815
vt 0.114832 0.877280
vt 0.112589 0.875782
vt 0.113300 0.876251
vt 0.114220 0.876632
vt 0.115034 0.876794
vt 0.112387 0.876794
vt 0.113224 0.876434
vt 0.113224 0.876632
vt 0.112388 0.876268
vt 0.114220 0.876434
vt 0.115034 0.876268
vt 0.113300 0.876815
vt 0.112589 0.877280
vt 0.114144 0.876251
vt 0.114833 0.875782
vt 0.112961 0.877651
vt 0.113440 0.876955
vt 0.114460 0.875411
vt 0.114004 0.876111
vt 0.113623 0.877030
vt 0.113447 0.877853
vt 0.113821 0.876035
vt 0.113974 0.875209
vt 0.113821 0.877030
vt 0.113973 0.877853
vt 0.113623 0.876035
vt 0.114004 0.876955
vt 0.128861 0.926213
vt 0.129033 0.926268
vt 0.128917 0.926348
vt 0.129125 0.926637
vt 0.129302 0.926508
vt 0.129323 0.926637
vt 0.129125 0.925642
vt 0.129156 0.925773
vt 0.129437 0.926452
vt 0.129506 0.926561
vt 0.129020 0.925829
vt 0.128942 0.925718
vt 0.129646 0.926421
vt 0.129541 0.926348
vt 0.128802 0.925857
vt 0.128917 0.925932
vt 0.129722 0.926238
vt 0.129597 0.926213
vt 0.128726 0.926040
vt 0.128726 0.926238
vt 0.128861 0.926067
vt 0.129597 0.926067
vt 0.129722 0.926040
vt 0.128802 0.926421
vt 0.129541 0.925932
vt 0.129646 0.925857
vt 0.128942 0.926561
vt 0.129020 0.926452
vt 0.129437 0.925829
vt 0.129155 0.926508
vt 0.129417 0.926268
vt 0.129283 0.926221
vt 0.129310 0.926194
vt 0.129417 0.926011
vt 0.129097 0.926332
vt 0.129354 0.925947
vt 0.129180 0.926366
vt 0.129270 0.925913
vt 0.129270 0.926366
vt 0.129180 0.925913
vt 0.129354 0.926332
vt 0.129097 0.925947
vt 0.129033 0.926011
vt 0.129452 0.926185
vt 0.128998 0.926185
vt 0.128998 0.926094
vt 0.129452 0.926094
vt 0.129310 0.926086
vt 0.129148 0.926194
vt 0.129148 0.926086
vt 0.129324 0.926159
vt 0.129133 0.926121
vt 0.129133 0.926159
vt 0.129324 0.926121
vt 0.129175 0.926221
vt 0.129283 0.926059
vt 0.129210 0.926235
vt 0.129248 0.926045
vt 0.129248 0.926235
vt 0.129210 0.926045
vt 0.129175 0.926059
vt 0.101632 0.931326
vt 0.102308 0.932336
vt 0.103318 0.933011
vt 0.104511 0.933247
vt 0.105703 0.933011
vt 0.106713 0.932336
vt 0.107389 0.931327
vt 0.089847 0.948290
vt 0.089408 0.949322
vt 0.089408 0.948299
vt 0.089847 0.947104
vt 0.089408 0.947283
vt 0.106713 0.927936
vt 0.105703 0.927261
vt 0.104511 0.927024
vt 0.103318 0.927261
vt 0.102308 0.927935
vt 0.101632 0.928945
vt 0.101395 0.930136
vt 0.102554 0.930135
vt 0.132985 0.947845
vt 0.131427 0.947845
vt 0.131427 0.951244
vt 0.131509 0.919865
vt 0.133067 0.918851
vt 0.133067 0.919865
vt 0.131509 0.918851
vt 0.133067 0.917659
vt 0.131509 0.917659
vt 0.133067 0.916470
vt 0.131509 0.916470
vt 0.133067 0.915464
vt 0.089847 0.950508
vt 0.091405 0.949485
vt 0.091405 0.950508
vt 0.089847 0.949485
vt 0.091405 0.948290
vt 0.091405 0.947104
vt 0.091405 0.946108
vt 0.130869 0.903190
vt 0.132427 0.902180
vt 0.132427 0.903190
vt 0.130869 0.900989
vt 0.132427 0.900989
vt 0.132427 0.899799
vt 0.130869 0.899799
vt 0.132427 0.898789
vt 0.132985 0.946844
vt 0.131427 0.946844
vt 0.096506 0.935521
vt 0.096047 0.935331
vt 0.095638 0.935169
vt 0.095401 0.936359
vt 0.096313 0.934159
vt 0.097324 0.933484
vt 0.098516 0.933247
vt 0.099708 0.933484
vt 0.100719 0.934159
vt 0.091820 0.949331
vt 0.091820 0.948298
vt 0.101394 0.937550
vt 0.100719 0.938559
vt 0.098516 0.939471
vt 0.099708 0.939234
vt 0.097324 0.939234
vt 0.096313 0.938560
vt 0.095638 0.937550
vt 0.096339 0.936360
vt 0.220520 0.323213
vt 0.220886 0.323057
vt 0.224167 0.323213
vt 0.223898 0.322459
vt 0.224317 0.322458
vt 0.220520 0.321704
vt 0.221225 0.321353
vt 0.223739 0.323852
vt 0.223779 0.323057
vt 0.220947 0.321064
vt 0.221733 0.321014
vt 0.222931 0.323903
vt 0.223439 0.323564
vt 0.221588 0.320637
vt 0.222332 0.320895
vt 0.223098 0.324280
vt 0.222332 0.324022
vt 0.223098 0.320637
vt 0.222343 0.320487
vt 0.221588 0.324280
vt 0.222343 0.324430
vt 0.223739 0.321064
vt 0.222931 0.321014
vt 0.221225 0.323564
vt 0.221733 0.323903
vt 0.223779 0.321860
vt 0.223439 0.321353
vt 0.220947 0.323852
vt 0.224167 0.321704
vt 0.132985 0.949033
vt 0.251329 0.334350
vt 0.239636 0.342099
vt 0.205787 0.344220
vt 0.218280 0.344315
vt 0.107389 0.928945
vt 0.132985 0.951244
vt 0.131509 0.915464
vt 0.089847 0.946108
vt 0.130869 0.902180
vt 0.130869 0.898789
vt 0.101394 0.935168
vt 0.091820 0.947273
s 1
usemtl Material.car9
f 1965/2573/1128 2115/2574/1128 2117/2575/1128
f 1967/2576/1129 2066/2577/1129 2062/2578/1129
f 1968/2579/1129 2068/2580/1129 2066/2577/1129
f 1970/2581/1129 2068/2580/1129 1969/2582/1129
f 1970/2581/1129 2072/2583/1129 2070/2584/1129
f 1972/2585/1129 2072/2583/1129 1971/2586/1129
f 1973/2587/1129 2074/2588/1129 1972/2585/1129
f 1973/2587/1129 2078/2589/1129 2076/2590/1129
f 1975/2591/1129 2078/2589/1129 1974/2592/1129
f 1976/2593/1129 2080/2594/1129 1975/2591/1129
f 1976/2593/1129 2084/2595/1129 2082/2596/1129
f 1978/2597/1129 2084/2595/1129 1977/2598/1129
f 1978/2597/1129 2088/2599/1129 2086/2600/1129
f 1980/2601/1129 2088/2599/1129 1979/2602/1129
f 2109/2603/1130 1991/2604/1131 2108/2605/1132
f 1981/2606/1129 2090/2607/1129 1980/2601/1129
f 1981/2606/1129 2065/2608/1129 2092/2609/1129
f 1965/2610/1128 2141/2611/1128 2110/2612/1128
f 2111/2613/1133 2063/2614/1134 2112/2615/1134
f 1965/2616/1128 2119/2617/1128 2121/2618/1128
f 1965/2619/1128 2121/2618/1128 2123/2620/1128
f 1965/2621/1128 2123/2620/1128 2125/2622/1128
f 1965/2623/1128 2125/2622/1128 2127/2624/1128
f 1965/2625/1128 2127/2624/1128 2129/2626/1128
f 1965/2627/1128 2129/2626/1128 2131/2628/1128
f 1965/2629/1128 2131/2628/1128 2133/2630/1128
f 1965/2631/1128 2133/2630/1128 2135/2632/1128
f 1965/2633/1128 2135/2632/1128 2137/2634/1128
f 1965/2635/1128 2137/2634/1128 2139/2636/1128
f 1965/2637/1128 2139/2636/1128 2141/2611/1128
f 1966/2638/1135 2095/2639/1136 2094/2640/1137
f 1965/2641/1128 2117/2575/1128 2119/2617/1128
f 1995/2642/1138 2012/2643/1139 1996/2644/1140
f 2106/2645/1141 1983/2646/1142 1984/2647/1143
f 2105/2648/1144 1991/2604/1131 1992/2649/1145
f 2104/2650/1146 1984/2651/1143 1985/2652/1147
f 2103/2653/1148 1992/2654/1145 1993/2655/1149
f 2102/2656/1150 1985/2652/1147 1986/2657/1151
f 2103/2653/1148 1994/2658/1152 2101/2659/1153
f 2100/2660/1154 1986/2657/1151 1987/2661/1155
f 2101/2659/1153 1995/2662/1156 2099/2663/1157
f 2100/2660/1154 1988/2664/1158 2098/2665/1159
f 2099/2663/1157 1996/2666/1160 2097/2667/1161
f 2098/2668/1159 1989/2669/1162 2096/2670/1163
f 2097/2671/1161 1997/2672/1164 2095/2673/1136
f 2109/2603/1130 1989/2669/1162 1990/2674/1165
f 2107/2675/1166 1982/2676/1167 1983/2646/1142
f 2095/2673/1136 1982/2676/1167 2094/2677/1137
f 2009/2678/1168 2026/2679/1169 2010/2680/1170
f 1988/2681/1171 2005/2682/1172 1989/2683/1173
f 1997/2684/1174 2012/2643/1139 2013/2685/1175
f 1989/2683/1173 2006/2686/1176 1990/2687/1177
f 1983/2688/1178 1998/2689/1179 1999/2690/1180
f 1997/2684/1174 1998/2689/1179 1982/2691/1181
f 1990/2687/1177 2007/2692/1182 1991/2693/1183
f 1983/2688/1178 2000/2694/1184 1984/2695/1185
f 1991/2693/1183 2008/2696/1186 1992/2697/1187
f 1985/2698/1188 2000/2694/1184 2001/2699/1189
f 1993/2700/1190 2008/2696/1186 2009/2701/1168
f 1985/2698/1188 2002/2702/1191 1986/2703/1192
f 1993/2700/1190 2010/2704/1170 1994/2705/1193
f 1986/2703/1192 2003/2706/1194 1987/2707/1195
f 1995/2642/1138 2010/2704/1170 2011/2708/1196
f 1987/2707/1195 2004/2709/1197 1988/2681/1171
f 2015/2710/1198 2032/2711/1199 2016/2712/1199
f 2002/2713/1191 2019/2714/1200 2003/2715/1194
f 2011/2716/1196 2026/2679/1169 2027/2717/1201
f 2003/2715/1194 2020/2718/1202 2004/2719/1197
f 2011/2716/1196 2028/2720/1203 2012/2721/1139
f 2005/2722/1172 2020/2718/1202 2021/2723/1204
f 2013/2724/1175 2028/2720/1203 2029/2725/1205
f 2006/2726/1176 2021/2723/1204 2022/2727/1206
f 1998/2728/1179 2015/2710/1207 1999/2729/1180
f 1998/2728/1179 2029/2725/1205 2014/2730/1208
f 2006/2726/1176 2023/2731/1209 2007/2732/1182
f 1999/2729/1180 2016/2712/1210 2000/2733/1184
f 2007/2732/1182 2024/2734/1211 2008/2735/1186
f 2001/2736/1189 2016/2712/1210 2017/2737/1212
f 2009/2678/1168 2024/2734/1211 2025/2738/1213
f 2002/2713/1191 2017/2737/1212 2018/2739/1214
f 2037/2740/1215 2052/2741/1216 2053/2742/1215
f 2023/2731/1217 2040/2743/1218 2024/2734/1218
f 2017/2737/1219 2032/2711/1199 2033/2744/1219
f 2025/2738/1220 2040/2743/1218 2041/2745/1220
f 2018/2739/1221 2033/2744/1219 2034/2746/1221
f 2025/2738/1220 2042/2747/1222 2026/2679/1222
f 2018/2739/1221 2035/2748/1223 2019/2714/1223
f 2027/2717/1224 2042/2747/1222 2043/2749/1224
f 2019/2714/1223 2036/2750/1225 2020/2718/1225
f 2027/2717/1224 2044/2751/1226 2028/2720/1227
f 2021/2723/1228 2036/2750/1225 2037/2740/1228
f 2029/2725/1229 2044/2751/1226 2045/2752/1229
f 2022/2727/1230 2037/2740/1228 2038/2753/1230
f 2014/2730/1231 2031/2754/1198 2015/2710/1198
f 2029/2725/1229 2030/2755/1231 2014/2730/1231
f 2023/2731/1217 2038/2753/1230 2039/2756/1217
f 2056/2757/1129 2052/2741/1129 2048/2758/1129
f 2044/2751/1232 2061/2759/1233 2045/2752/1233
f 2037/2740/1215 2054/2760/1234 2038/2753/1235
f 2031/2754/1236 2046/2761/1237 2047/2762/1236
f 2030/2755/1238 2061/2759/1233 2046/2761/1237
f 2038/2753/1235 2055/2763/1239 2039/2756/1239
f 2031/2754/1236 2048/2758/1240 2032/2711/1240
f 2040/2743/1241 2055/2763/1239 2056/2757/1241
f 2033/2744/1242 2048/2758/1240 2049/2764/1242
f 2041/2745/1243 2056/2757/1241 2057/2765/1243
f 2034/2746/1244 2049/2764/1242 2050/2766/1244
f 2041/2745/1243 2058/2767/1245 2042/2747/1245
f 2035/2748/1246 2050/2766/1244 2051/2768/1246
f 2043/2749/1247 2058/2767/1245 2059/2769/1247
f 2035/2748/1246 2052/2741/1216 2036/2750/1216
f 2043/2749/1247 2060/2770/1232 2044/2751/1232
f 2063/2771/1248 2065/2608/1249 2062/2578/1248
f 2063/2771/1248 2066/2577/1250 2067/2772/1250
f 2067/2772/1250 2068/2580/1251 2069/2773/1251
f 2071/2774/1252 2068/2580/1251 2070/2584/1252
f 2073/2775/1253 2070/2584/1252 2072/2583/1253
f 2075/2776/1254 2072/2583/1253 2074/2588/1254
f 2077/2777/1255 2074/2588/1254 2076/2590/1255
f 2079/2778/1256 2076/2779/1255 2078/2780/1256
f 2081/2781/1257 2078/2780/1256 2080/2782/1257
f 2083/2783/1258 2080/2594/1257 2082/2596/1258
f 2085/2784/1259 2082/2596/1258 2084/2595/1259
f 2087/2785/1260 2084/2595/1259 2086/2600/1260
f 2089/2786/1261 2086/2600/1260 2088/2599/1261
f 2091/2787/1262 2088/2599/1261 2090/2607/1262
f 2093/2788/1263 2090/2607/1262 2092/2609/1263
f 2093/2788/1263 2065/2608/1249 2064/2789/1249
f 1967/2576/1129 2065/2608/1129 1966/2790/1129
f 2093/2791/1264 2111/2613/1133 2140/2792/1264
f 2063/2614/1134 2114/2793/1265 2112/2615/1134
f 2067/2794/1265 2116/2795/1266 2114/2796/1265
f 2069/2797/1266 2118/2798/1267 2116/2795/1266
f 2071/2799/1267 2120/2800/1268 2118/2798/1267
f 2073/2801/1268 2122/2802/1269 2120/2800/1268
f 2075/2803/1269 2124/2804/1270 2122/2805/1269
f 2077/2806/1270 2126/2807/1271 2124/2804/1270
f 2126/2807/1271 2081/2781/1272 2128/2808/1272
f 2081/2781/1272 2130/2809/1273 2128/2808/1272
f 2083/2810/1273 2132/2811/1274 2130/2812/1273
f 2132/2811/1274 2087/2813/1275 2134/2814/1275
f 2087/2813/1275 2136/2815/1276 2134/2814/1275
f 2089/2816/1276 2138/2817/1277 2136/2815/1276
f 2091/2818/1277 2140/2792/1264 2138/2819/1277
f 1965/2820/1128 2113/2821/1128 2115/2574/1128
f 2112/2822/1278 2110/2612/1279 2111/2823/1279
f 2114/2824/1280 2113/2821/1278 2112/2822/1278
f 2116/2825/1281 2115/2574/1280 2114/2824/1280
f 2118/2826/1282 2117/2575/1281 2116/2825/1281
f 2118/2826/1282 2121/2618/1283 2119/2617/1282
f 2120/2827/1283 2123/2620/1284 2121/2618/1283
f 2122/2828/1284 2125/2622/1285 2123/2620/1284
f 2126/2807/1286 2125/2829/1285 2124/2804/1285
f 2128/2808/1287 2127/2830/1286 2126/2807/1286
f 2128/2831/1287 2131/2628/1288 2129/2626/1287
f 2130/2832/1288 2133/2630/1289 2131/2628/1288
f 2134/2833/1290 2133/2630/1289 2132/2834/1289
f 2136/2835/1291 2135/2632/1290 2134/2833/1290
f 2138/2836/1292 2137/2634/1291 2136/2835/1291
f 2138/2836/1292 2141/2611/1293 2139/2636/1292
f 2140/2837/1293 2110/2612/1279 2141/2611/1293
f 1965/2838/1128 2110/2612/1128 2113/2821/1128
f 1967/2839/1294 2094/2640/1137 2107/2840/1166
f 1973/2841/1295 2109/2842/1130 1974/2843/1296
f 1981/2844/1297 2097/2845/1161 2095/2639/1136
f 1972/2846/1298 2096/2847/1163 1973/2841/1295
f 1980/2848/1299 2099/2849/1157 2097/2845/1161
f 1972/2846/1298 2100/2850/1154 2098/2851/1159
f 1979/2852/1300 2101/2853/1153 2099/2849/1157
f 1971/2854/1301 2102/2855/1150 2100/2850/1154
f 1977/2856/1302 2101/2853/1153 1978/2857/1303
f 1969/2858/1304 2102/2855/1150 1970/2859/1305
f 1976/2860/1306 2103/2861/1148 1977/2856/1302
f 1969/2858/1304 2106/2862/1141 2104/2863/1146
f 1976/2860/1306 2108/2864/1132 2105/2865/1144
f 1968/2866/1307 2107/2840/1166 2106/2862/1141
f 1974/2843/1296 2108/2864/1132 1975/2867/1308
f 1967/2576/1129 1968/2579/1129 2066/2577/1129
f 1968/2579/1129 1969/2582/1129 2068/2580/1129
f 1970/2581/1129 2070/2584/1129 2068/2580/1129
f 1970/2581/1129 1971/2586/1129 2072/2583/1129
f 1972/2585/1129 2074/2588/1129 2072/2583/1129
f 1973/2587/1129 2076/2590/1129 2074/2588/1129
f 1973/2587/1129 1974/2592/1129 2078/2589/1129
f 1975/2591/1129 2080/2594/1129 2078/2589/1129
f 1976/2593/1129 2082/2596/1129 2080/2594/1129
f 1976/2593/1129 1977/2598/1129 2084/2595/1129
f 1978/2597/1129 2086/2600/1129 2084/2595/1129
f 1978/2597/1129 1979/2602/1129 2088/2599/1129
f 1980/2601/1129 2090/2607/1129 2088/2599/1129
f 2109/2603/1130 1990/2674/1165 1991/2604/1131
f 1981/2606/1129 2092/2609/1129 2090/2607/1129
f 1981/2606/1129 1966/2790/1129 2065/2608/1129
f 2111/2613/1133 2064/2868/1133 2063/2614/1134
f 1966/2638/1135 1981/2844/1297 2095/2639/1136
f 1995/2642/1138 2011/2708/1196 2012/2643/1139
f 2106/2645/1141 2107/2675/1166 1983/2646/1142
f 2105/2648/1144 2108/2605/1132 1991/2604/1131
f 2104/2650/1146 2106/2869/1141 1984/2651/1143
f 2103/2653/1148 2105/2870/1144 1992/2654/1145
f 2102/2656/1150 2104/2650/1146 1985/2652/1147
f 2103/2653/1148 1993/2655/1149 1994/2658/1152
f 2100/2660/1154 2102/2656/1150 1986/2657/1151
f 2101/2659/1153 1994/2658/1152 1995/2662/1156
f 2100/2660/1154 1987/2661/1155 1988/2664/1158
f 2099/2663/1157 1995/2662/1156 1996/2666/1160
f 2098/2668/1159 1988/2871/1158 1989/2669/1162
f 2097/2671/1161 1996/2872/1160 1997/2672/1164
f 2109/2603/1130 2096/2670/1163 1989/2669/1162
f 2107/2675/1166 2094/2677/1137 1982/2676/1167
f 2095/2673/1136 1997/2672/1164 1982/2676/1167
f 2009/2678/1168 2025/2738/1213 2026/2679/1169
f 1988/2681/1171 2004/2709/1197 2005/2682/1172
f 1997/2684/1174 1996/2644/1140 2012/2643/1139
f 1989/2683/1173 2005/2682/1172 2006/2686/1176
f 1983/2688/1178 1982/2691/1181 1998/2689/1179
f 1997/2684/1174 2013/2685/1175 1998/2689/1179
f 1990/2687/1177 2006/2686/1176 2007/2692/1182
f 1983/2688/1178 1999/2690/1180 2000/2694/1184
f 1991/2693/1183 2007/2692/1182 2008/2696/1186
f 1985/2698/1188 1984/2695/1185 2000/2694/1184
f 1993/2700/1190 1992/2697/1187 2008/2696/1186
f 1985/2698/1188 2001/2699/1189 2002/2702/1191
f 1993/2700/1190 2009/2701/1168 2010/2704/1170
f 1986/2703/1192 2002/2702/1191 2003/2706/1194
f 1995/2642/1138 1994/2705/1193 2010/2704/1170
f 1987/2707/1195 2003/2706/1194 2004/2709/1197
f 2015/2710/1198 2031/2754/1198 2032/2711/1199
f 2002/2713/1191 2018/2739/1214 2019/2714/1200
f 2011/2716/1196 2010/2680/1170 2026/2679/1169
f 2003/2715/1194 2019/2714/1200 2020/2718/1202
f 2011/2716/1196 2027/2717/1201 2028/2720/1203
f 2005/2722/1172 2004/2719/1197 2020/2718/1202
f 2013/2724/1175 2012/2721/1139 2028/2720/1203
f 2006/2726/1176 2005/2722/1172 2021/2723/1204
f 1998/2728/1179 2014/2730/1208 2015/2710/1207
f 1998/2728/1179 2013/2724/1175 2029/2725/1205
f 2006/2726/1176 2022/2727/1206 2023/2731/1209
f 1999/2729/1180 2015/2710/1207 2016/2712/1210
f 2007/2732/1182 2023/2731/1209 2024/2734/1211
f 2001/2736/1189 2000/2733/1184 2016/2712/1210
f 2009/2678/1168 2008/2735/1186 2024/2734/1211
f 2002/2713/1191 2001/2736/1189 2017/2737/1212
f 2037/2740/1215 2036/2750/1216 2052/2741/1216
f 2023/2731/1217 2039/2756/1217 2040/2743/1218
f 2017/2737/1219 2016/2712/1199 2032/2711/1199
f 2025/2738/1220 2024/2734/1218 2040/2743/1218
f 2018/2739/1221 2017/2737/1219 2033/2744/1219
f 2025/2738/1220 2041/2745/1220 2042/2747/1222
f 2018/2739/1221 2034/2746/1221 2035/2748/1223
f 2027/2717/1224 2026/2679/1222 2042/2747/1222
f 2019/2714/1223 2035/2748/1223 2036/2750/1225
f 2027/2717/1224 2043/2749/1224 2044/2751/1226
f 2021/2723/1228 2020/2718/1225 2036/2750/1225
f 2029/2725/1229 2028/2720/1227 2044/2751/1226
f 2022/2727/1230 2021/2723/1228 2037/2740/1228
f 2014/2730/1231 2030/2755/1231 2031/2754/1198
f 2029/2725/1229 2045/2752/1229 2030/2755/1231
f 2023/2731/1217 2022/2727/1230 2038/2753/1230
f 2048/2758/1129 2047/2762/1129 2046/2761/1129
f 2046/2761/1129 2061/2759/1129 2060/2770/1129
f 2060/2770/1129 2059/2769/1129 2058/2767/1129
f 2058/2767/1129 2057/2765/1129 2056/2757/1129
f 2056/2757/1129 2055/2763/1129 2054/2760/1129
f 2054/2760/1129 2053/2742/1309 2052/2741/1129
f 2052/2741/1129 2051/2768/1129 2050/2766/1129
f 2050/2766/1129 2049/2764/1129 2048/2758/1129
f 2048/2758/1129 2046/2761/1129 2060/2770/1129
f 2060/2770/1129 2058/2767/1129 2056/2757/1129
f 2056/2757/1129 2054/2760/1129 2052/2741/1129
f 2052/2741/1129 2050/2766/1129 2048/2758/1129
f 2048/2758/1129 2060/2770/1129 2056/2757/1129
f 2044/2751/1232 2060/2770/1232 2061/2759/1233
f 2037/2740/1215 2053/2742/1215 2054/2760/1234
f 2031/2754/1236 2030/2755/1238 2046/2761/1237
f 2030/2755/1238 2045/2752/1233 2061/2759/1233
f 2038/2753/1235 2054/2760/1234 2055/2763/1239
f 2031/2754/1236 2047/2762/1236 2048/2758/1240
f 2040/2743/1241 2039/2756/1239 2055/2763/1239
f 2033/2744/1242 2032/2711/1240 2048/2758/1240
f 2041/2745/1243 2040/2743/1241 2056/2757/1241
f 2034/2746/1244 2033/2744/1242 2049/2764/1242
f 2041/2745/1243 2057/2765/1243 2058/2767/1245
f 2035/2748/1246 2034/2746/1244 2050/2766/1244
f 2043/2749/1247 2042/2747/1245 2058/2767/1245
f 2035/2748/1246 2051/2768/1246 2052/2741/1216
f 2043/2749/1247 2059/2769/1247 2060/2770/1232
f 2063/2771/1248 2064/2789/1249 2065/2608/1249
f 2063/2771/1248 2062/2578/1248 2066/2577/1250
f 2067/2772/1250 2066/2577/1250 2068/2580/1251
f 2071/2774/1252 2069/2773/1251 2068/2580/1251
f 2073/2775/1253 2071/2774/1252 2070/2584/1252
f 2075/2776/1254 2073/2775/1253 2072/2583/1253
f 2077/2777/1255 2075/2776/1254 2074/2588/1254
f 2079/2778/1256 2077/2806/1255 2076/2779/1255
f 2081/2781/1257 2079/2778/1256 2078/2780/1256
f 2083/2783/1258 2081/2873/1257 2080/2594/1257
f 2085/2784/1259 2083/2783/1258 2082/2596/1258
f 2087/2785/1260 2085/2784/1259 2084/2595/1259
f 2089/2786/1261 2087/2785/1260 2086/2600/1260
f 2091/2787/1262 2089/2786/1261 2088/2599/1261
f 2093/2788/1263 2091/2787/1262 2090/2607/1262
f 2093/2788/1263 2092/2609/1263 2065/2608/1249
f 1967/2576/1129 2062/2578/1129 2065/2608/1129
f 2093/2791/1264 2064/2868/1133 2111/2613/1133
f 2063/2614/1134 2067/2874/1265 2114/2793/1265
f 2067/2794/1265 2069/2797/1266 2116/2795/1266
f 2069/2797/1266 2071/2799/1267 2118/2798/1267
f 2071/2799/1267 2073/2801/1268 2120/2800/1268
f 2073/2801/1268 2075/2875/1269 2122/2802/1269
f 2075/2803/1269 2077/2806/1270 2124/2804/1270
f 2077/2806/1270 2079/2778/1271 2126/2807/1271
f 2126/2807/1271 2079/2778/1271 2081/2781/1272
f 2081/2781/1272 2083/2876/1273 2130/2809/1273
f 2083/2810/1273 2085/2877/1274 2132/2811/1274
f 2132/2811/1274 2085/2877/1274 2087/2813/1275
f 2087/2813/1275 2089/2816/1276 2136/2815/1276
f 2089/2816/1276 2091/2878/1277 2138/2817/1277
f 2091/2818/1277 2093/2791/1264 2140/2792/1264
f 2112/2822/1278 2113/2821/1278 2110/2612/1279
f 2114/2824/1280 2115/2574/1280 2113/2821/1278
f 2116/2825/1281 2117/2575/1281 2115/2574/1280
f 2118/2826/1282 2119/2617/1282 2117/2575/1281
f 2118/2826/1282 2120/2827/1283 2121/2618/1283
f 2120/2827/1283 2122/2828/1284 2123/2620/1284
f 2122/2828/1284 2124/2879/1285 2125/2622/1285
f 2126/2807/1286 2127/2830/1286 2125/2829/1285
f 2128/2808/1287 2129/2880/1287 2127/2830/1286
f 2128/2831/1287 2130/2832/1288 2131/2628/1288
f 2130/2832/1288 2132/2834/1289 2133/2630/1289
f 2134/2833/1290 2135/2632/1290 2133/2630/1289
f 2136/2835/1291 2137/2634/1291 2135/2632/1290
f 2138/2836/1292 2139/2636/1292 2137/2634/1291
f 2138/2836/1292 2140/2837/1293 2141/2611/1293
f 2140/2837/1293 2111/2823/1279 2110/2612/1279
f 1967/2839/1294 1966/2638/1135 2094/2640/1137
f 1973/2841/1295 2096/2847/1163 2109/2842/1130
f 1981/2844/1297 1980/2848/1299 2097/2845/1161
f 1972/2846/1298 2098/2851/1159 2096/2847/1163
f 1980/2848/1299 1979/2852/1300 2099/2849/1157
f 1972/2846/1298 1971/2854/1301 2100/2850/1154
f 1979/2852/1300 1978/2857/1303 2101/2853/1153
f 1971/2854/1301 1970/2859/1305 2102/2855/1150
f 1977/2856/1302 2103/2861/1148 2101/2853/1153
f 1969/2858/1304 2104/2863/1146 2102/2855/1150
f 1976/2860/1306 2105/2865/1144 2103/2861/1148
f 1969/2858/1304 1968/2866/1307 2106/2862/1141
f 1976/2860/1306 1975/2867/1308 2108/2864/1132
f 1968/2866/1307 1967/2839/1294 2107/2840/1166
f 1974/2843/1296 2109/2842/1130 2108/2864/1132
o whell.006
v 1.258986 0.331756 0.647850
v 1.258986 0.541954 0.904505
v 1.339425 0.525954 0.904505
v 1.407618 0.480388 0.904505
v 1.453183 0.412195 0.904505
v 1.469184 0.331756 0.904505
v 1.453183 0.251317 0.904505
v 1.407618 0.183124 0.904505
v 1.339425 0.137559 0.904505
v 1.258986 0.121559 0.904505
v 1.178547 0.137559 0.904505
v 1.110354 0.183124 0.904505
v 1.064789 0.251317 0.904505
v 1.048789 0.331756 0.904505
v 1.064789 0.412196 0.904505
v 1.110354 0.480389 0.904505
v 1.178547 0.525954 0.904505
v 1.258986 0.475421 0.836043
v 1.313964 0.464485 0.836043
v 1.360573 0.433343 0.836043
v 1.391715 0.386734 0.836043
v 1.402651 0.331756 0.836043
v 1.391715 0.276778 0.836043
v 1.360573 0.230170 0.836043
v 1.313964 0.199027 0.836043
v 1.258986 0.188091 0.836043
v 1.204008 0.199027 0.836043
v 1.157400 0.230170 0.836043
v 1.126257 0.276778 0.836043
v 1.115321 0.331756 0.836043
v 1.126257 0.386735 0.836043
v 1.157400 0.433343 0.836043
v 1.204008 0.464485 0.836043
v 1.258986 0.385839 0.866528
v 1.279683 0.381722 0.866528
v 1.297228 0.369998 0.866528
v 1.308952 0.352453 0.866528
v 1.313068 0.331756 0.866528
v 1.308952 0.311060 0.866528
v 1.297228 0.293514 0.866528
v 1.279683 0.281791 0.866528
v 1.258986 0.277674 0.866528
v 1.238290 0.281791 0.866528
v 1.220744 0.293514 0.866528
v 1.209021 0.311060 0.866528
v 1.204904 0.331756 0.866528
v 1.209021 0.352453 0.866528
v 1.220744 0.369998 0.866528
v 1.238290 0.381722 0.866528
v 1.258986 0.371708 0.878827
v 1.274275 0.368667 0.878827
v 1.287237 0.360007 0.878827
v 1.295897 0.347045 0.878827
v 1.298938 0.331756 0.878827
v 1.295897 0.316467 0.878827
v 1.287237 0.303506 0.878827
v 1.274275 0.294845 0.878827
v 1.258986 0.291804 0.878827
v 1.243697 0.294845 0.878827
v 1.230736 0.303506 0.878827
v 1.222075 0.316467 0.878827
v 1.219034 0.331756 0.878827
v 1.222075 0.347045 0.878827
v 1.230736 0.360007 0.878827
v 1.243697 0.368667 0.878827
v 1.258986 0.356392 0.869497
v 1.268414 0.354517 0.869497
v 1.276406 0.349176 0.869497
v 1.281746 0.341184 0.869497
v 1.283622 0.331756 0.869497
v 1.281746 0.322329 0.869497
v 1.276406 0.314336 0.869497
v 1.268414 0.308996 0.869497
v 1.258986 0.307121 0.869497
v 1.249559 0.308996 0.869497
v 1.241566 0.314336 0.869497
v 1.236226 0.322329 0.869497
v 1.234351 0.331756 0.869498
v 1.236226 0.341184 0.869497
v 1.241566 0.349176 0.869497
v 1.249559 0.354517 0.869497
v 1.258986 0.342115 0.879431
v 1.262950 0.341326 0.879431
v 1.266311 0.339081 0.879431
v 1.268556 0.335720 0.879431
v 1.269345 0.331756 0.879431
v 1.268556 0.327792 0.879431
v 1.266311 0.324432 0.879431
v 1.262950 0.322186 0.879431
v 1.258986 0.321398 0.879431
v 1.255022 0.322186 0.879431
v 1.251662 0.324432 0.879431
v 1.249416 0.327792 0.879431
v 1.248628 0.331756 0.879431
v 1.249416 0.335720 0.879431
v 1.251662 0.339081 0.879431
v 1.255022 0.341326 0.879431
v 1.367716 0.594254 0.904505
v 1.385944 0.638259 0.857789
v 1.258986 0.663513 0.857789
v 1.258986 0.615881 0.904505
v 1.459893 0.532663 0.904505
v 1.493573 0.566343 0.857789
v 1.521483 0.440486 0.904505
v 1.565489 0.458714 0.857789
v 1.543111 0.331756 0.904505
v 1.590742 0.331756 0.857789
v 1.521483 0.223026 0.904505
v 1.565489 0.204799 0.857789
v 1.459893 0.130850 0.904505
v 1.493573 0.097169 0.857789
v 1.367716 0.069259 0.904505
v 1.385944 0.025254 0.857789
v 1.258986 0.047631 0.904505
v 1.258986 0.000000 0.857789
v 1.150256 0.069259 0.904505
v 1.132028 0.025254 0.857789
v 1.058079 0.130850 0.904505
v 1.024399 0.097169 0.857789
v 0.996489 0.223026 0.904505
v 0.952483 0.204799 0.857789
v 0.974861 0.331756 0.904505
v 0.927230 0.331756 0.857789
v 0.996489 0.440486 0.904505
v 0.952483 0.458714 0.857789
v 1.058079 0.532663 0.904505
v 1.024399 0.566344 0.857789
v 1.150256 0.594254 0.904505
v 1.132028 0.638259 0.857789
v 1.258986 0.498472 0.875888
v 1.195187 0.485781 0.875889
v 1.322785 0.177731 0.875889
v 1.141101 0.449642 0.875889
v 1.376872 0.213871 0.875888
v 1.104961 0.395556 0.875889
v 1.413011 0.267957 0.875888
v 1.092271 0.331756 0.875889
v 1.425701 0.331756 0.875888
v 1.104961 0.267957 0.875889
v 1.413011 0.395556 0.875888
v 1.141101 0.213871 0.875889
v 1.376872 0.449642 0.875888
v 1.322785 0.485781 0.875888
v 1.195187 0.177731 0.875889
v 1.258986 0.165041 0.875889
v 1.258986 0.618471 0.647850
v 1.258986 0.663513 0.692026
v 1.385944 0.638259 0.692026
v 1.368707 0.596646 0.647850
v 1.493573 0.566343 0.692026
v 1.461724 0.534494 0.647850
v 1.565489 0.458714 0.692026
v 1.523876 0.441477 0.647850
v 1.590742 0.331756 0.692026
v 1.545701 0.331756 0.647850
v 1.565489 0.204799 0.692026
v 1.523876 0.222035 0.647850
v 1.493573 0.097169 0.692026
v 1.461724 0.129018 0.647850
v 1.385944 0.025253 0.692026
v 1.368707 0.066866 0.647850
v 1.258986 0.000000 0.692026
v 1.258986 0.045041 0.647850
v 1.132028 0.025253 0.692026
v 1.149265 0.066866 0.647850
v 1.024399 0.097169 0.692026
v 1.056248 0.129018 0.647850
v 0.952483 0.204799 0.692026
v 0.994096 0.222035 0.647850
v 0.927230 0.331756 0.692026
v 0.972271 0.331756 0.647850
v 0.952483 0.458714 0.692026
v 0.994096 0.441477 0.647850
v 1.024399 0.566344 0.692026
v 1.056248 0.534495 0.647850
v 1.132028 0.638259 0.692026
v 1.149265 0.596646 0.647850
vn -0.0000 -0.0000 -1.0000
vn -0.0000 -0.0000 1.0000
vn -0.0000 0.7131 0.7011
vn 0.3312 0.7997 0.5007
vn 0.2729 0.6588 0.7011
vn -0.0000 1.0000 -0.0000
vn 0.3827 0.9239 -0.0000
vn -0.0000 -0.5497 0.8353
vn 0.2729 -0.6588 0.7011
vn -0.0000 -0.7131 0.7011
vn -0.2976 0.1233 0.9467
vn -0.3396 0.3396 0.8772
vn -0.2278 0.2278 0.9467
vn -0.5042 -0.5042 0.7011
vn -0.3312 -0.7997 0.5007
vn -0.6121 -0.6121 0.5007
vn 0.5042 0.5042 0.7011
vn 0.6121 0.6121 0.5007
vn -0.6588 -0.2729 0.7011
vn -0.7997 -0.3312 0.5007
vn 0.6588 0.2729 0.7011
vn 0.7997 0.3312 0.5007
vn -0.7131 -0.0000 0.7011
vn -0.8656 -0.0000 0.5007
vn 0.8656 -0.0000 0.5007
vn 0.7131 -0.0000 0.7011
vn -0.7997 0.3312 0.5007
vn -0.6588 0.2729 0.7011
vn 0.6588 -0.2729 0.7011
vn 0.7997 -0.3312 0.5007
vn -0.6121 0.6121 0.5007
vn -0.5042 0.5042 0.7011
vn 0.6121 -0.6121 0.5007
vn 0.5042 -0.5042 0.7011
vn -0.3313 0.7997 0.5007
vn -0.2729 0.6588 0.7011
vn 0.3312 -0.7997 0.5007
vn -0.0000 0.8656 0.5007
vn -0.2729 -0.6588 0.7011
vn -0.0000 -0.8656 0.5007
vn -0.4437 -0.1838 0.8772
vn -0.6566 -0.0000 0.7543
vn -0.4802 -0.0000 0.8772
vn 0.2278 -0.2278 0.9467
vn 0.1838 -0.4437 0.8772
vn 0.1233 -0.2976 0.9467
vn -0.1838 0.4437 0.8772
vn -0.1233 0.2976 0.9467
vn -0.0000 -0.4802 0.8772
vn -0.0000 -0.3222 0.9467
vn -0.0000 0.3222 0.9467
vn 0.1838 0.4437 0.8772
vn 0.1233 0.2976 0.9467
vn -0.0000 0.4802 0.8772
vn -0.1838 -0.4437 0.8772
vn -0.1233 -0.2976 0.9467
vn 0.2278 0.2278 0.9467
vn 0.3396 0.3396 0.8772
vn -0.3396 -0.3396 0.8772
vn -0.2278 -0.2278 0.9467
vn 0.4437 0.1838 0.8772
vn 0.2976 0.1233 0.9467
vn -0.2976 -0.1233 0.9467
vn 0.4802 -0.0000 0.8772
vn 0.3222 -0.0000 0.9467
vn -0.3222 -0.0000 0.9467
vn 0.2976 -0.1233 0.9467
vn 0.4437 -0.1838 0.8772
vn -0.4437 0.1838 0.8772
vn 0.3396 -0.3396 0.8772
vn -0.3679 -0.3679 0.8540
vn -0.1991 -0.4806 0.8540
vn 0.6066 -0.2513 0.7543
vn -0.6066 0.2512 0.7543
vn 0.4643 -0.4643 0.7543
vn -0.4643 0.4643 0.7543
vn 0.2512 -0.6066 0.7543
vn -0.2513 0.6066 0.7543
vn -0.0000 -0.6566 0.7543
vn 0.2513 0.6066 0.7543
vn -0.0000 0.6566 0.7543
vn -0.2513 -0.6066 0.7543
vn 0.4643 0.4643 0.7543
vn -0.4643 -0.4643 0.7543
vn 0.6066 0.2513 0.7543
vn -0.6066 -0.2512 0.7543
vn 0.6566 -0.0000 0.7543
vn 0.2186 -0.5277 0.8208
vn 0.4039 -0.4039 0.8208
vn 0.1991 0.4806 0.8540
vn 0.3679 0.3678 0.8540
vn 0.3679 0.3679 0.8540
vn -0.4806 -0.1991 0.8540
vn 0.4806 0.1991 0.8540
vn -0.5202 -0.0000 0.8540
vn 0.5202 -0.0000 0.8540
vn -0.4806 0.1991 0.8540
vn 0.4806 -0.1991 0.8540
vn -0.3679 0.3679 0.8540
vn 0.3679 -0.3678 0.8540
vn 0.3679 -0.3679 0.8540
vn -0.1991 0.4806 0.8540
vn 0.1991 -0.4806 0.8540
vn -0.0000 0.5202 0.8540
vn -0.0000 -0.5202 0.8540
vn -0.4039 0.4039 0.8208
vn -0.2186 0.5277 0.8209
vn -0.2186 0.5277 0.8208
vn -0.0000 -0.5712 0.8208
vn -0.0000 -0.5711 0.8209
vn -0.0000 0.5711 0.8208
vn 0.2186 0.5277 0.8208
vn -0.2186 -0.5277 0.8209
vn -0.2186 -0.5277 0.8208
vn 0.4039 0.4039 0.8208
vn -0.4039 -0.4039 0.8209
vn -0.4039 -0.4039 0.8208
vn 0.5277 0.2186 0.8208
vn -0.5277 -0.2186 0.8208
vn 0.5712 -0.0000 0.8208
vn 0.5711 -0.0000 0.8208
vn -0.5711 -0.0000 0.8209
vn -0.5711 -0.0000 0.8208
vn 0.5277 -0.2186 0.8208
vn -0.5277 0.2186 0.8208
vn -0.4039 0.4038 0.8209
vn -0.0000 0.7002 0.7139
vn 0.2680 0.6469 0.7139
vn 0.4951 0.4951 0.7139
vn 0.6469 0.2680 0.7139
vn 0.7002 -0.0000 0.7139
vn 0.6469 -0.2680 0.7139
vn 0.4951 -0.4951 0.7139
vn 0.2680 -0.6469 0.7139
vn -0.0000 -0.7002 0.7139
vn -0.2680 -0.6469 0.7139
vn -0.4951 -0.4951 0.7139
vn -0.6469 -0.2680 0.7139
vn -0.7002 -0.0000 0.7139
vn -0.6469 0.2680 0.7139
vn -0.4951 0.4951 0.7139
vn -0.2680 0.6469 0.7139
vn -0.3827 0.9239 -0.0000
vn 0.7071 0.7071 -0.0000
vn 0.9239 0.3827 -0.0000
vn 1.0000 -0.0000 -0.0000
vn 0.9239 -0.3827 -0.0000
vn 0.7071 -0.7071 -0.0000
vn 0.3827 -0.9239 -0.0000
vn -0.0000 -1.0000 -0.0000
vn -0.3827 -0.9239 -0.0000
vn -0.7071 -0.7071 -0.0000
vn -0.9239 -0.3827 -0.0000
vn -1.0000 -0.0000 -0.0000
vn -0.9239 0.3827 -0.0000
vn -0.7071 0.7071 -0.0000
vn 0.2680 0.6469 -0.7139
vn -0.0000 0.7002 -0.7139
vn 0.4951 0.4951 -0.7139
vn 0.6469 0.2680 -0.7139
vn 0.7002 -0.0000 -0.7139
vn 0.6469 -0.2680 -0.7139
vn 0.4951 -0.4951 -0.7139
vn 0.2680 -0.6469 -0.7139
vn -0.0000 -0.7002 -0.7139
vn -0.2680 -0.6469 -0.7139
vn -0.4951 -0.4951 -0.7139
vn -0.6469 -0.2680 -0.7139
vn -0.7002 -0.0000 -0.7139
vn -0.6469 0.2680 -0.7139
vn -0.4951 0.4951 -0.7139
vn -0.2680 0.6469 -0.7139
vn -0.2104 -0.5079 0.8353
vn -0.2104 0.5079 0.8353
vn -0.0000 0.5497 0.8353
vn 0.2104 -0.5079 0.8353
vn -0.3887 0.3887 0.8353
vn 0.5079 -0.2104 0.8353
vn 0.3887 -0.3887 0.8353
vn -0.5079 0.2104 0.8353
vn 0.5079 0.2104 0.8353
vn 0.5497 -0.0000 0.8353
vn -0.5079 -0.2104 0.8353
vn -0.5497 -0.0000 0.8353
vn 0.2104 0.5079 0.8353
vn 0.3887 0.3887 0.8353
vn -0.3887 -0.3887 0.8353
vn -0.0001 -0.0000 1.0000
vn 0.0001 -0.0000 1.0000
vt 0.114574 0.934579
vt 0.114222 0.934228
vt 0.115096 0.933645
vt 0.090718 0.930890
vt 0.090655 0.932020
vt 0.090076 0.931155
vt 0.091146 0.931529
vt 0.091520 0.932597
vt 0.092541 0.932107
vt 0.091786 0.931957
vt 0.093562 0.932597
vt 0.092541 0.932800
vt 0.093937 0.931529
vt 0.093297 0.931957
vt 0.094365 0.930890
vt 0.094428 0.932020
vt 0.095209 0.930135
vt 0.095006 0.931155
vt 0.094365 0.929381
vt 0.094515 0.930135
vt 0.093937 0.928741
vt 0.095006 0.929116
vt 0.093562 0.927673
vt 0.094428 0.928251
vt 0.092541 0.928164
vt 0.093297 0.928314
vt 0.091520 0.927673
vt 0.092541 0.927470
vt 0.091146 0.928741
vt 0.091786 0.928314
vt 0.240010 0.343198
vt 0.240385 0.343718
vt 0.240010 0.343798
vt 0.090718 0.929381
vt 0.090655 0.928251
vt 0.089873 0.930135
vt 0.090076 0.929115
vt 0.114098 0.936968
vt 0.113639 0.937158
vt 0.113434 0.936129
vt 0.133507 0.891901
vt 0.131950 0.893095
vt 0.131950 0.891901
vt 0.116126 0.933937
vt 0.116126 0.933440
vt 0.117156 0.933644
vt 0.116966 0.934104
vt 0.118029 0.934227
vt 0.117678 0.934579
vt 0.118613 0.935100
vt 0.118153 0.935290
vt 0.118818 0.936129
vt 0.118320 0.936129
vt 0.118613 0.937158
vt 0.118153 0.936968
vt 0.118029 0.938030
vt 0.117678 0.937679
vt 0.117156 0.938613
vt 0.116966 0.938154
vt 0.116126 0.938818
vt 0.116126 0.938321
vt 0.115096 0.938614
vt 0.115286 0.938154
vt 0.114222 0.938031
vt 0.114574 0.937679
vt 0.208382 0.322458
vt 0.208899 0.321860
vt 0.208780 0.322459
vt 0.115286 0.934104
vt 0.084383 0.899145
vt 0.084391 0.898243
vt 0.084870 0.898944
vt 0.217906 0.342254
vt 0.217531 0.342841
vt 0.217531 0.342410
vt 0.240010 0.344310
vt 0.240385 0.344159
vt 0.239499 0.343733
vt 0.239125 0.344088
vt 0.239125 0.343651
vt 0.246897 0.342595
vt 0.247271 0.342238
vt 0.247271 0.342677
vt 0.239499 0.343135
vt 0.239125 0.343135
vt 0.247271 0.343193
vt 0.246897 0.343194
vt 0.239125 0.342619
vt 0.239499 0.342537
vt 0.246897 0.343792
vt 0.247271 0.343708
vt 0.239125 0.342182
vt 0.239499 0.342029
vt 0.247271 0.344143
vt 0.246897 0.344297
vt 0.240010 0.342099
vt 0.240385 0.342687
vt 0.240010 0.342602
vt 0.217906 0.344465
vt 0.217531 0.343872
vt 0.217906 0.343951
vt 0.240385 0.343201
vt 0.217906 0.343350
vt 0.217906 0.342754
vt 0.217531 0.343355
vt 0.099329 0.947850
vt 0.099533 0.947795
vt 0.099512 0.947925
vt 0.083371 0.896703
vt 0.083687 0.897540
vt 0.082999 0.897075
vt 0.084531 0.898103
vt 0.085242 0.898572
vt 0.083611 0.897723
vt 0.082797 0.897561
vt 0.085443 0.898086
vt 0.084607 0.897722
vt 0.085443 0.897560
vt 0.084607 0.897920
vt 0.083611 0.897921
vt 0.082797 0.898087
vt 0.085242 0.897074
vt 0.084531 0.897540
vt 0.083687 0.898103
vt 0.082999 0.898572
vt 0.084391 0.897400
vt 0.084870 0.896703
vt 0.083371 0.898944
vt 0.083827 0.898243
vt 0.084208 0.897324
vt 0.084383 0.896502
vt 0.083857 0.899145
vt 0.084010 0.898319
vt 0.083857 0.896502
vt 0.084010 0.897324
vt 0.084208 0.898319
vt 0.083827 0.897400
vt 0.099918 0.947219
vt 0.099837 0.947382
vt 0.099802 0.947299
vt 0.099710 0.946930
vt 0.099533 0.947060
vt 0.099512 0.946930
vt 0.099710 0.947925
vt 0.099679 0.947794
vt 0.099398 0.947115
vt 0.099329 0.947006
vt 0.099815 0.947739
vt 0.099893 0.947849
vt 0.099189 0.947146
vt 0.099294 0.947219
vt 0.099918 0.947635
vt 0.100033 0.947710
vt 0.099113 0.947329
vt 0.099238 0.947354
vt 0.100109 0.947527
vt 0.099974 0.947354
vt 0.100109 0.947329
vt 0.099974 0.947500
vt 0.099238 0.947500
vt 0.099113 0.947527
vt 0.100033 0.947146
vt 0.099189 0.947710
vt 0.099294 0.947635
vt 0.099893 0.947006
vt 0.099815 0.947115
vt 0.099398 0.947739
vt 0.099679 0.947059
vt 0.099417 0.947299
vt 0.099552 0.947346
vt 0.099525 0.947373
vt 0.099417 0.947556
vt 0.099738 0.947235
vt 0.099481 0.947620
vt 0.099655 0.947201
vt 0.099565 0.947654
vt 0.099565 0.947201
vt 0.099655 0.947654
vt 0.099481 0.947236
vt 0.099738 0.947620
vt 0.099802 0.947556
vt 0.099383 0.947383
vt 0.099837 0.947473
vt 0.099383 0.947473
vt 0.099525 0.947481
vt 0.099687 0.947373
vt 0.099687 0.947481
vt 0.099511 0.947408
vt 0.099701 0.947408
vt 0.099701 0.947446
vt 0.099511 0.947446
vt 0.099660 0.947346
vt 0.099552 0.947508
vt 0.099625 0.947332
vt 0.099587 0.947522
vt 0.099587 0.947332
vt 0.099625 0.947522
vt 0.099660 0.947508
vt 0.089408 0.930136
vt 0.089645 0.931326
vt 0.090321 0.932336
vt 0.091331 0.933011
vt 0.092524 0.933247
vt 0.093716 0.933011
vt 0.094726 0.932336
vt 0.095402 0.931327
vt 0.106040 0.948278
vt 0.105601 0.949311
vt 0.105601 0.948287
vt 0.105601 0.947272
vt 0.106040 0.947093
vt 0.094726 0.927936
vt 0.093716 0.927261
vt 0.092524 0.927024
vt 0.091331 0.927261
vt 0.090321 0.927935
vt 0.089645 0.928945
vt 0.090567 0.930135
vt 0.131950 0.890714
vt 0.133507 0.893095
vt 0.131950 0.894113
vt 0.131229 0.927835
vt 0.132787 0.928849
vt 0.131229 0.928849
vt 0.131229 0.930041
vt 0.132787 0.931230
vt 0.131229 0.931230
vt 0.132787 0.932235
vt 0.131229 0.932235
vt 0.107598 0.950496
vt 0.106040 0.949474
vt 0.107598 0.949474
vt 0.107598 0.948278
vt 0.107598 0.947093
vt 0.107598 0.946097
vt 0.130869 0.898789
vt 0.132427 0.897780
vt 0.132427 0.898789
vt 0.130869 0.896589
vt 0.132427 0.896589
vt 0.132427 0.895398
vt 0.130869 0.895398
vt 0.132427 0.894389
vt 0.131950 0.889713
vt 0.133507 0.890714
vt 0.114098 0.935290
vt 0.113639 0.935100
vt 0.113230 0.934938
vt 0.112993 0.936129
vt 0.113905 0.933928
vt 0.114916 0.933254
vt 0.116108 0.933017
vt 0.117300 0.933254
vt 0.118311 0.933928
vt 0.108013 0.949320
vt 0.108013 0.947262
vt 0.108013 0.948287
vt 0.118986 0.937319
vt 0.118311 0.938329
vt 0.116108 0.939240
vt 0.117300 0.939003
vt 0.114916 0.939003
vt 0.113230 0.937320
vt 0.113905 0.938329
vt 0.113931 0.936129
vt 0.208533 0.323213
vt 0.208899 0.323057
vt 0.212180 0.323213
vt 0.211911 0.322459
vt 0.212330 0.322458
vt 0.208533 0.321704
vt 0.209238 0.321353
vt 0.211752 0.323853
vt 0.211792 0.323057
vt 0.209601 0.320637
vt 0.208960 0.321064
vt 0.211111 0.324280
vt 0.211452 0.323564
vt 0.210345 0.320895
vt 0.209746 0.321014
vt 0.210345 0.324022
vt 0.210944 0.323903
vt 0.211111 0.320637
vt 0.210356 0.320487
vt 0.209601 0.324280
vt 0.210356 0.324430
vt 0.211452 0.321353
vt 0.210944 0.321014
vt 0.209238 0.323564
vt 0.209746 0.323903
vt 0.212180 0.321704
vt 0.211752 0.321064
vt 0.208960 0.323852
vt 0.211792 0.321860
vt 0.239499 0.344241
vt 0.246897 0.342086
vt 0.240385 0.342254
vt 0.217531 0.344315
vt 0.095402 0.928945
vt 0.133507 0.894113
vt 0.132787 0.927835
vt 0.132787 0.930041
vt 0.106040 0.950496
vt 0.106040 0.946097
vt 0.130869 0.897780
vt 0.130869 0.894389
vt 0.133507 0.889713
vt 0.118986 0.934938
s 1
usemtl Material.car9
f 2142/2881/1310 2292/2882/1310 2294/2883/1310
f 2144/2884/1311 2243/2885/1311 2239/2886/1311
f 2145/2887/1311 2245/2888/1311 2243/2885/1311
f 2147/2889/1311 2245/2888/1311 2146/2890/1311
f 2147/2889/1311 2249/2891/1311 2247/2892/1311
f 2149/2893/1311 2249/2891/1311 2148/2894/1311
f 2150/2895/1311 2251/2896/1311 2149/2893/1311
f 2150/2895/1311 2255/2897/1311 2253/2898/1311
f 2152/2899/1311 2255/2897/1311 2151/2900/1311
f 2153/2901/1311 2257/2902/1311 2152/2899/1311
f 2153/2901/1311 2261/2903/1311 2259/2904/1311
f 2155/2905/1311 2261/2903/1311 2154/2906/1311
f 2155/2905/1311 2265/2907/1311 2263/2908/1311
f 2157/2909/1311 2265/2907/1311 2156/2910/1311
f 2286/2911/1312 2168/2912/1313 2285/2913/1314
f 2158/2914/1311 2267/2915/1311 2157/2909/1311
f 2158/2914/1311 2242/2916/1311 2269/2917/1311
f 2142/2918/1310 2318/2919/1310 2287/2920/1310
f 2241/2921/1315 2289/2922/1316 2288/2923/1315
f 2142/2924/1310 2296/2925/1310 2298/2926/1310
f 2142/2927/1310 2298/2926/1310 2300/2928/1310
f 2142/2929/1310 2300/2928/1310 2302/2930/1310
f 2142/2931/1310 2302/2930/1310 2304/2932/1310
f 2142/2933/1310 2304/2932/1310 2306/2934/1310
f 2142/2935/1310 2306/2934/1310 2308/2936/1310
f 2142/2937/1310 2308/2936/1310 2310/2938/1310
f 2142/2939/1310 2310/2938/1310 2312/2940/1310
f 2142/2941/1310 2312/2940/1310 2314/2942/1310
f 2142/2943/1310 2314/2942/1310 2316/2944/1310
f 2142/2945/1310 2316/2944/1310 2318/2919/1310
f 2143/2946/1317 2272/2947/1318 2271/2948/1319
f 2142/2949/1310 2294/2883/1310 2296/2925/1310
f 2172/2950/1320 2189/2951/1321 2173/2952/1322
f 2283/2953/1323 2160/2954/1324 2161/2955/1325
f 2282/2956/1326 2168/2912/1313 2169/2957/1327
f 2281/2958/1328 2161/2959/1325 2162/2960/1329
f 2280/2961/1330 2169/2962/1327 2170/2963/1331
f 2279/2964/1332 2162/2960/1329 2163/2965/1333
f 2280/2961/1330 2171/2966/1334 2278/2967/1335
f 2279/2964/1332 2164/2968/1336 2277/2969/1337
f 2276/2970/1338 2171/2966/1334 2172/2971/1339
f 2277/2969/1337 2165/2972/1340 2275/2973/1341
f 2276/2970/1338 2173/2974/1342 2274/2975/1343
f 2275/2976/1341 2166/2977/1344 2273/2978/1345
f 2274/2979/1343 2174/2980/1346 2272/2981/1318
f 2273/2978/1345 2167/2982/1347 2286/2911/1312
f 2271/2983/1319 2160/2954/1324 2284/2984/1348
f 2271/2983/1319 2174/2980/1346 2159/2985/1349
f 2186/2986/1350 2203/2987/1351 2187/2988/1352
f 2165/2989/1353 2182/2990/1354 2166/2991/1355
f 2173/2952/1322 2190/2992/1356 2174/2993/1357
f 2166/2991/1355 2183/2994/1358 2167/2995/1359
f 2159/2996/1360 2176/2997/1361 2160/2998/1362
f 2174/2993/1357 2175/2999/1363 2159/2996/1360
f 2167/2995/1359 2184/3000/1364 2168/3001/1365
f 2161/3002/1366 2176/2997/1361 2177/3003/1367
f 2168/3001/1365 2185/3004/1368 2169/3005/1369
f 2161/3002/1366 2178/3006/1370 2162/3007/1371
f 2170/3008/1372 2185/3004/1368 2186/3009/1350
f 2162/3007/1371 2179/3010/1373 2163/3011/1374
f 2171/3012/1375 2186/3009/1350 2187/3013/1352
f 2164/3014/1376 2179/3010/1373 2180/3015/1377
f 2172/2950/1320 2187/3013/1352 2188/3016/1378
f 2164/3014/1376 2181/3017/1379 2165/2989/1353
f 2193/3018/1380 2208/3019/1381 2209/3020/1380
f 2179/3021/1373 2196/3022/1382 2180/3023/1377
f 2188/3024/1378 2203/2987/1351 2204/3025/1383
f 2180/3023/1377 2197/3026/1384 2181/3027/1379
f 2188/3024/1378 2205/3028/1385 2189/3029/1321
f 2182/3030/1354 2197/3026/1384 2198/3031/1386
f 2189/3029/1321 2206/3032/1387 2190/3033/1356
f 2183/3034/1358 2198/3031/1386 2199/3035/1388
f 2175/3036/1363 2192/3037/1389 2176/3038/1361
f 2175/3036/1363 2206/3032/1387 2191/3039/1390
f 2183/3034/1358 2200/3040/1391 2184/3041/1364
f 2177/3042/1367 2192/3037/1389 2193/3018/1392
f 2185/3043/1368 2200/3040/1391 2201/3044/1393
f 2178/3045/1370 2193/3018/1392 2194/3046/1394
f 2186/2986/1350 2201/3044/1393 2202/3047/1395
f 2179/3021/1373 2194/3046/1394 2195/3048/1396
f 2214/3049/1397 2229/3050/1398 2230/3051/1397
f 2200/3040/1399 2217/3052/1400 2201/3044/1401
f 2194/3046/1402 2209/3020/1380 2210/3053/1402
f 2202/3047/1403 2217/3052/1400 2218/3054/1403
f 2194/3046/1402 2211/3055/1404 2195/3048/1404
f 2203/2987/1405 2218/3054/1403 2219/3056/1405
f 2195/3048/1404 2212/3057/1406 2196/3022/1406
f 2203/2987/1405 2220/3058/1407 2204/3025/1407
f 2196/3022/1406 2213/3059/1408 2197/3026/1408
f 2204/3025/1407 2221/3060/1409 2205/3028/1410
f 2198/3031/1411 2213/3059/1408 2214/3049/1411
f 2205/3028/1410 2222/3061/1412 2206/3032/1412
f 2198/3031/1411 2215/3062/1413 2199/3035/1413
f 2191/3039/1414 2208/3019/1381 2192/3037/1381
f 2191/3039/1414 2222/3061/1412 2207/3063/1414
f 2199/3035/1413 2216/3064/1399 2200/3040/1399
f 2233/3065/1311 2229/3050/1311 2225/3066/1311
f 2221/3060/1415 2238/3067/1416 2222/3061/1417
f 2215/3062/1418 2230/3051/1397 2231/3068/1419
f 2207/3063/1420 2224/3069/1421 2208/3019/1421
f 2222/3061/1417 2223/3070/1420 2207/3063/1420
f 2215/3062/1418 2232/3071/1422 2216/3064/1423
f 2209/3020/1424 2224/3069/1421 2225/3066/1424
f 2216/3064/1423 2233/3065/1425 2217/3052/1426
f 2210/3053/1427 2225/3066/1424 2226/3072/1427
f 2218/3054/1428 2233/3065/1425 2234/3073/1428
f 2211/3055/1429 2226/3072/1427 2227/3074/1430
f 2219/3056/1431 2234/3073/1428 2235/3075/1432
f 2211/3055/1429 2228/3076/1433 2212/3057/1433
f 2219/3056/1431 2236/3077/1434 2220/3058/1434
f 2212/3057/1433 2229/3050/1398 2213/3059/1398
f 2220/3058/1434 2237/3078/1435 2221/3060/1415
f 2241/3079/1436 2239/2886/1437 2240/3080/1437
f 2244/3081/1438 2239/2886/1437 2243/2885/1438
f 2246/3082/1439 2243/2885/1438 2245/2888/1439
f 2246/3082/1439 2247/2892/1440 2248/3083/1440
f 2250/3084/1441 2247/2892/1440 2249/2891/1441
f 2252/3085/1442 2249/2891/1441 2251/2896/1442
f 2254/3086/1443 2251/2896/1442 2253/2898/1443
f 2256/3087/1444 2253/3088/1443 2255/3089/1444
f 2256/3087/1444 2257/3090/1445 2258/3091/1445
f 2260/3092/1446 2257/2902/1445 2259/2904/1446
f 2262/3093/1447 2259/2904/1446 2261/2903/1447
f 2262/3093/1447 2263/2908/1448 2264/3094/1448
f 2266/3095/1449 2263/2908/1448 2265/2907/1449
f 2266/3095/1449 2267/2915/1450 2268/3096/1450
f 2268/3096/1450 2269/2917/1451 2270/3097/1451
f 2241/3079/1436 2269/2917/1451 2242/2916/1436
f 2144/2884/1311 2242/2916/1311 2143/3098/1311
f 2317/3099/1452 2241/2921/1315 2288/2923/1315
f 2240/3100/1316 2291/3101/1453 2289/2922/1316
f 2291/3102/1453 2246/3103/1454 2293/3104/1454
f 2246/3103/1454 2295/3105/1455 2293/3104/1454
f 2295/3105/1455 2250/3106/1456 2297/3107/1456
f 2297/3107/1456 2252/3108/1457 2299/3109/1457
f 2299/3110/1457 2254/3111/1458 2301/3112/1458
f 2254/3111/1458 2303/3113/1459 2301/3112/1458
f 2256/3087/1459 2305/3114/1460 2303/3113/1459
f 2258/3091/1460 2307/3115/1461 2305/3114/1460
f 2260/3116/1461 2309/3117/1462 2307/3118/1461
f 2309/3117/1462 2264/3119/1463 2311/3120/1463
f 2264/3119/1463 2313/3121/1464 2311/3120/1463
f 2266/3122/1464 2315/3123/1465 2313/3121/1464
f 2315/3124/1465 2270/3125/1452 2317/3099/1452
f 2142/3126/1310 2290/3127/1310 2292/2882/1310
f 2289/3128/1466 2287/2920/1467 2288/3129/1467
f 2291/3130/1468 2290/3127/1466 2289/3128/1466
f 2293/3131/1469 2292/2882/1468 2291/3130/1468
f 2295/3132/1470 2294/2883/1469 2293/3131/1469
f 2297/3133/1471 2296/2925/1470 2295/3132/1470
f 2297/3133/1471 2300/2928/1472 2298/2926/1471
f 2299/3134/1472 2302/2930/1473 2300/2928/1472
f 2303/3113/1474 2302/3135/1473 2301/3112/1473
f 2303/3113/1474 2306/3136/1475 2304/3137/1474
f 2305/3138/1475 2308/2936/1476 2306/2934/1475
f 2307/3139/1476 2310/2938/1477 2308/2936/1476
f 2311/3140/1478 2310/2938/1477 2309/3141/1477
f 2311/3140/1478 2314/2942/1479 2312/2940/1478
f 2313/3142/1479 2316/2944/1480 2314/2942/1479
f 2317/3143/1481 2316/2944/1480 2315/3144/1480
f 2288/3129/1467 2318/2919/1481 2317/3143/1481
f 2142/3145/1310 2287/2920/1310 2290/3127/1310
f 2144/3146/1482 2271/2948/1319 2284/3147/1348
f 2150/3148/1483 2286/3149/1312 2151/3150/1484
f 2158/3151/1485 2274/3152/1343 2272/2947/1318
f 2149/3153/1486 2273/3154/1345 2150/3148/1483
f 2156/3155/1487 2274/3152/1343 2157/3156/1488
f 2148/3157/1489 2275/3158/1341 2149/3153/1486
f 2156/3155/1487 2278/3159/1335 2276/3160/1338
f 2148/3157/1489 2279/3161/1332 2277/3162/1337
f 2154/3163/1490 2278/3159/1335 2155/3164/1491
f 2146/3165/1492 2279/3161/1332 2147/3166/1493
f 2154/3163/1490 2282/3167/1326 2280/3168/1330
f 2146/3165/1492 2283/3169/1323 2281/3170/1328
f 2152/3171/1494 2282/3167/1326 2153/3172/1495
f 2145/3173/1496 2284/3147/1348 2283/3169/1323
f 2151/3150/1484 2285/3174/1314 2152/3171/1494
f 2144/2884/1311 2145/2887/1311 2243/2885/1311
f 2145/2887/1311 2146/2890/1311 2245/2888/1311
f 2147/2889/1311 2247/2892/1311 2245/2888/1311
f 2147/2889/1311 2148/2894/1311 2249/2891/1311
f 2149/2893/1311 2251/2896/1311 2249/2891/1311
f 2150/2895/1311 2253/2898/1311 2251/2896/1311
f 2150/2895/1311 2151/2900/1311 2255/2897/1311
f 2152/2899/1311 2257/2902/1311 2255/2897/1311
f 2153/2901/1311 2259/2904/1311 2257/2902/1311
f 2153/2901/1311 2154/2906/1311 2261/2903/1311
f 2155/2905/1311 2263/2908/1311 2261/2903/1311
f 2155/2905/1311 2156/2910/1311 2265/2907/1311
f 2157/2909/1311 2267/2915/1311 2265/2907/1311
f 2286/2911/1312 2167/2982/1347 2168/2912/1313
f 2158/2914/1311 2269/2917/1311 2267/2915/1311
f 2158/2914/1311 2143/3098/1311 2242/2916/1311
f 2241/2921/1315 2240/3100/1316 2289/2922/1316
f 2143/2946/1317 2158/3151/1485 2272/2947/1318
f 2172/2950/1320 2188/3016/1378 2189/2951/1321
f 2283/2953/1323 2284/2984/1348 2160/2954/1324
f 2282/2956/1326 2285/2913/1314 2168/2912/1313
f 2281/2958/1328 2283/3175/1323 2161/2959/1325
f 2280/2961/1330 2282/3176/1326 2169/2962/1327
f 2279/2964/1332 2281/2958/1328 2162/2960/1329
f 2280/2961/1330 2170/2963/1331 2171/2966/1334
f 2279/2964/1332 2163/2965/1333 2164/2968/1336
f 2276/2970/1338 2278/2967/1335 2171/2966/1334
f 2277/2969/1337 2164/2968/1336 2165/2972/1340
f 2276/2970/1338 2172/2971/1339 2173/2974/1342
f 2275/2976/1341 2165/3177/1340 2166/2977/1344
f 2274/2979/1343 2173/3178/1342 2174/2980/1346
f 2273/2978/1345 2166/2977/1344 2167/2982/1347
f 2271/2983/1319 2159/2985/1349 2160/2954/1324
f 2271/2983/1319 2272/2981/1318 2174/2980/1346
f 2186/2986/1350 2202/3047/1395 2203/2987/1351
f 2165/2989/1353 2181/3017/1379 2182/2990/1354
f 2173/2952/1322 2189/2951/1321 2190/2992/1356
f 2166/2991/1355 2182/2990/1354 2183/2994/1358
f 2159/2996/1360 2175/2999/1363 2176/2997/1361
f 2174/2993/1357 2190/2992/1356 2175/2999/1363
f 2167/2995/1359 2183/2994/1358 2184/3000/1364
f 2161/3002/1366 2160/2998/1362 2176/2997/1361
f 2168/3001/1365 2184/3000/1364 2185/3004/1368
f 2161/3002/1366 2177/3003/1367 2178/3006/1370
f 2170/3008/1372 2169/3005/1369 2185/3004/1368
f 2162/3007/1371 2178/3006/1370 2179/3010/1373
f 2171/3012/1375 2170/3008/1372 2186/3009/1350
f 2164/3014/1376 2163/3011/1374 2179/3010/1373
f 2172/2950/1320 2171/3012/1375 2187/3013/1352
f 2164/3014/1376 2180/3015/1377 2181/3017/1379
f 2193/3018/1380 2192/3037/1381 2208/3019/1381
f 2179/3021/1373 2195/3048/1396 2196/3022/1382
f 2188/3024/1378 2187/2988/1352 2203/2987/1351
f 2180/3023/1377 2196/3022/1382 2197/3026/1384
f 2188/3024/1378 2204/3025/1383 2205/3028/1385
f 2182/3030/1354 2181/3027/1379 2197/3026/1384
f 2189/3029/1321 2205/3028/1385 2206/3032/1387
f 2183/3034/1358 2182/3030/1354 2198/3031/1386
f 2175/3036/1363 2191/3039/1390 2192/3037/1389
f 2175/3036/1363 2190/3033/1356 2206/3032/1387
f 2183/3034/1358 2199/3035/1388 2200/3040/1391
f 2177/3042/1367 2176/3038/1361 2192/3037/1389
f 2185/3043/1368 2184/3041/1364 2200/3040/1391
f 2178/3045/1370 2177/3042/1367 2193/3018/1392
f 2186/2986/1350 2185/3043/1368 2201/3044/1393
f 2179/3021/1373 2178/3045/1370 2194/3046/1394
f 2214/3049/1397 2213/3059/1398 2229/3050/1398
f 2200/3040/1399 2216/3064/1399 2217/3052/1400
f 2194/3046/1402 2193/3018/1380 2209/3020/1380
f 2202/3047/1403 2201/3044/1401 2217/3052/1400
f 2194/3046/1402 2210/3053/1402 2211/3055/1404
f 2203/2987/1405 2202/3047/1403 2218/3054/1403
f 2195/3048/1404 2211/3055/1404 2212/3057/1406
f 2203/2987/1405 2219/3056/1405 2220/3058/1407
f 2196/3022/1406 2212/3057/1406 2213/3059/1408
f 2204/3025/1407 2220/3058/1407 2221/3060/1409
f 2198/3031/1411 2197/3026/1408 2213/3059/1408
f 2205/3028/1410 2221/3060/1409 2222/3061/1412
f 2198/3031/1411 2214/3049/1411 2215/3062/1413
f 2191/3039/1414 2207/3063/1414 2208/3019/1381
f 2191/3039/1414 2206/3032/1412 2222/3061/1412
f 2199/3035/1413 2215/3062/1413 2216/3064/1399
f 2225/3066/1311 2224/3069/1311 2223/3070/1311
f 2223/3070/1311 2238/3067/1311 2237/3078/1311
f 2237/3078/1311 2236/3077/1311 2235/3075/1311
f 2235/3075/1311 2234/3073/1497 2233/3065/1311
f 2233/3065/1311 2232/3071/1311 2231/3068/1311
f 2231/3068/1311 2230/3051/1311 2229/3050/1311
f 2229/3050/1311 2228/3076/1498 2227/3074/1311
f 2227/3074/1311 2226/3072/1311 2225/3066/1311
f 2225/3066/1311 2223/3070/1311 2237/3078/1311
f 2237/3078/1311 2235/3075/1311 2233/3065/1311
f 2233/3065/1311 2231/3068/1311 2229/3050/1311
f 2229/3050/1311 2227/3074/1311 2225/3066/1311
f 2225/3066/1311 2237/3078/1311 2233/3065/1311
f 2221/3060/1415 2237/3078/1435 2238/3067/1416
f 2215/3062/1418 2214/3049/1397 2230/3051/1397
f 2207/3063/1420 2223/3070/1420 2224/3069/1421
f 2222/3061/1417 2238/3067/1416 2223/3070/1420
f 2215/3062/1418 2231/3068/1419 2232/3071/1422
f 2209/3020/1424 2208/3019/1421 2224/3069/1421
f 2216/3064/1423 2232/3071/1422 2233/3065/1425
f 2210/3053/1427 2209/3020/1424 2225/3066/1424
f 2218/3054/1428 2217/3052/1426 2233/3065/1425
f 2211/3055/1429 2210/3053/1427 2226/3072/1427
f 2219/3056/1431 2218/3054/1428 2234/3073/1428
f 2211/3055/1429 2227/3074/1430 2228/3076/1433
f 2219/3056/1431 2235/3075/1432 2236/3077/1434
f 2212/3057/1433 2228/3076/1433 2229/3050/1398
f 2220/3058/1434 2236/3077/1434 2237/3078/1435
f 2241/3079/1436 2242/2916/1436 2239/2886/1437
f 2244/3081/1438 2240/3080/1437 2239/2886/1437
f 2246/3082/1439 2244/3081/1438 2243/2885/1438
f 2246/3082/1439 2245/2888/1439 2247/2892/1440
f 2250/3084/1441 2248/3083/1440 2247/2892/1440
f 2252/3085/1442 2250/3084/1441 2249/2891/1441
f 2254/3086/1443 2252/3085/1442 2251/2896/1442
f 2256/3087/1444 2254/3111/1443 2253/3088/1443
f 2256/3087/1444 2255/3089/1444 2257/3090/1445
f 2260/3092/1446 2258/3179/1445 2257/2902/1445
f 2262/3093/1447 2260/3092/1446 2259/2904/1446
f 2262/3093/1447 2261/2903/1447 2263/2908/1448
f 2266/3095/1449 2264/3094/1448 2263/2908/1448
f 2266/3095/1449 2265/2907/1449 2267/2915/1450
f 2268/3096/1450 2267/2915/1450 2269/2917/1451
f 2241/3079/1436 2270/3097/1451 2269/2917/1451
f 2144/2884/1311 2239/2886/1311 2242/2916/1311
f 2317/3099/1452 2270/3125/1452 2241/2921/1315
f 2240/3100/1316 2244/3180/1453 2291/3101/1453
f 2291/3102/1453 2244/3181/1453 2246/3103/1454
f 2246/3103/1454 2248/3182/1455 2295/3105/1455
f 2295/3105/1455 2248/3182/1455 2250/3106/1456
f 2297/3107/1456 2250/3106/1456 2252/3108/1457
f 2299/3110/1457 2252/3183/1457 2254/3111/1458
f 2254/3111/1458 2256/3087/1459 2303/3113/1459
f 2256/3087/1459 2258/3091/1460 2305/3114/1460
f 2258/3091/1460 2260/3184/1461 2307/3115/1461
f 2260/3116/1461 2262/3185/1462 2309/3117/1462
f 2309/3117/1462 2262/3185/1462 2264/3119/1463
f 2264/3119/1463 2266/3122/1464 2313/3121/1464
f 2266/3122/1464 2268/3186/1465 2315/3123/1465
f 2315/3124/1465 2268/3187/1465 2270/3125/1452
f 2289/3128/1466 2290/3127/1466 2287/2920/1467
f 2291/3130/1468 2292/2882/1468 2290/3127/1466
f 2293/3131/1469 2294/2883/1469 2292/2882/1468
f 2295/3132/1470 2296/2925/1470 2294/2883/1469
f 2297/3133/1471 2298/2926/1471 2296/2925/1470
f 2297/3133/1471 2299/3134/1472 2300/2928/1472
f 2299/3134/1472 2301/3188/1473 2302/2930/1473
f 2303/3113/1474 2304/3137/1474 2302/3135/1473
f 2303/3113/1474 2305/3114/1475 2306/3136/1475
f 2305/3138/1475 2307/3139/1476 2308/2936/1476
f 2307/3139/1476 2309/3141/1477 2310/2938/1477
f 2311/3140/1478 2312/2940/1478 2310/2938/1477
f 2311/3140/1478 2313/3142/1479 2314/2942/1479
f 2313/3142/1479 2315/3144/1480 2316/2944/1480
f 2317/3143/1481 2318/2919/1481 2316/2944/1480
f 2288/3129/1467 2287/2920/1467 2318/2919/1481
f 2144/3146/1482 2143/2946/1317 2271/2948/1319
f 2150/3148/1483 2273/3154/1345 2286/3149/1312
f 2158/3151/1485 2157/3156/1488 2274/3152/1343
f 2149/3153/1486 2275/3158/1341 2273/3154/1345
f 2156/3155/1487 2276/3160/1338 2274/3152/1343
f 2148/3157/1489 2277/3162/1337 2275/3158/1341
f 2156/3155/1487 2155/3164/1491 2278/3159/1335
f 2148/3157/1489 2147/3166/1493 2279/3161/1332
f 2154/3163/1490 2280/3168/1330 2278/3159/1335
f 2146/3165/1492 2281/3170/1328 2279/3161/1332
f 2154/3163/1490 2153/3172/1495 2282/3167/1326
f 2146/3165/1492 2145/3173/1496 2283/3169/1323
f 2152/3171/1494 2285/3174/1314 2282/3167/1326
f 2145/3173/1496 2144/3146/1482 2284/3147/1348
f 2151/3150/1484 2286/3149/1312 2285/3174/1314
o whell.005
v 1.258985 0.331756 -0.647852
v 1.258985 0.541954 -0.904507
v 1.339424 0.525953 -0.904507
v 1.407617 0.480388 -0.904507
v 1.453182 0.412195 -0.904507
v 1.469183 0.331756 -0.904507
v 1.453182 0.251317 -0.904507
v 1.407617 0.183124 -0.904507
v 1.339424 0.137559 -0.904507
v 1.258985 0.121559 -0.904507
v 1.178546 0.137559 -0.904507
v 1.110353 0.183124 -0.904507
v 1.064788 0.251317 -0.904507
v 1.048787 0.331756 -0.904506
v 1.064788 0.412195 -0.904507
v 1.110353 0.480388 -0.904507
v 1.178546 0.525953 -0.904507
v 1.258985 0.475421 -0.836045
v 1.313963 0.464485 -0.836045
v 1.360572 0.433343 -0.836045
v 1.391714 0.386734 -0.836045
v 1.402650 0.331756 -0.836045
v 1.391714 0.276778 -0.836045
v 1.360572 0.230170 -0.836045
v 1.313963 0.199027 -0.836045
v 1.258985 0.188091 -0.836045
v 1.204007 0.199027 -0.836045
v 1.157398 0.230170 -0.836045
v 1.126256 0.276778 -0.836045
v 1.115320 0.331756 -0.836045
v 1.126256 0.386734 -0.836045
v 1.157398 0.433343 -0.836045
v 1.204007 0.464485 -0.836045
v 1.258985 0.385838 -0.866529
v 1.279681 0.381722 -0.866529
v 1.297227 0.369998 -0.866529
v 1.308950 0.352453 -0.866529
v 1.313067 0.331756 -0.866529
v 1.308950 0.311060 -0.866529
v 1.297227 0.293514 -0.866529
v 1.279681 0.281791 -0.866529
v 1.258985 0.277674 -0.866529
v 1.238289 0.281791 -0.866529
v 1.220743 0.293514 -0.866529
v 1.209020 0.311060 -0.866529
v 1.204903 0.331756 -0.866529
v 1.209020 0.352453 -0.866529
v 1.220743 0.369998 -0.866529
v 1.238289 0.381722 -0.866529
v 1.258985 0.371708 -0.878829
v 1.274274 0.368667 -0.878829
v 1.287235 0.360006 -0.878829
v 1.295896 0.347045 -0.878829
v 1.298937 0.331756 -0.878829
v 1.295896 0.316467 -0.878829
v 1.287235 0.303506 -0.878829
v 1.274274 0.294845 -0.878829
v 1.258985 0.291804 -0.878829
v 1.243696 0.294845 -0.878829
v 1.230735 0.303506 -0.878829
v 1.222074 0.316467 -0.878829
v 1.219033 0.331756 -0.878829
v 1.222074 0.347045 -0.878829
v 1.230735 0.360006 -0.878829
v 1.243696 0.368667 -0.878829
v 1.258985 0.356392 -0.869499
v 1.268413 0.354516 -0.869499
v 1.276405 0.349176 -0.869499
v 1.281745 0.341184 -0.869499
v 1.283620 0.331756 -0.869499
v 1.281745 0.322329 -0.869499
v 1.276405 0.314336 -0.869499
v 1.268413 0.308996 -0.869499
v 1.258985 0.307121 -0.869499
v 1.249557 0.308996 -0.869499
v 1.241565 0.314336 -0.869499
v 1.236225 0.322329 -0.869499
v 1.234349 0.331756 -0.869499
v 1.236225 0.341184 -0.869499
v 1.241565 0.349176 -0.869499
v 1.249557 0.354516 -0.869499
v 1.258985 0.342115 -0.879433
v 1.262949 0.341326 -0.879433
v 1.266310 0.339081 -0.879433
v 1.268555 0.335720 -0.879433
v 1.269343 0.331756 -0.879433
v 1.268555 0.327792 -0.879433
v 1.266310 0.324432 -0.879433
v 1.262949 0.322186 -0.879433
v 1.258985 0.321398 -0.879433
v 1.255021 0.322186 -0.879433
v 1.251660 0.324432 -0.879433
v 1.249415 0.327792 -0.879433
v 1.248627 0.331756 -0.879433
v 1.249415 0.335720 -0.879433
v 1.251660 0.339081 -0.879433
v 1.255021 0.341326 -0.879433
v 1.367715 0.594253 -0.904507
v 1.385943 0.638259 -0.857791
v 1.258985 0.663512 -0.857791
v 1.258985 0.615881 -0.904507
v 1.459892 0.532663 -0.904507
v 1.493572 0.566343 -0.857791
v 1.521482 0.440486 -0.904507
v 1.565488 0.458714 -0.857791
v 1.543110 0.331756 -0.904507
v 1.590741 0.331756 -0.857791
v 1.521482 0.223026 -0.904507
v 1.565488 0.204798 -0.857791
v 1.459892 0.130849 -0.904507
v 1.493572 0.097169 -0.857791
v 1.367715 0.069259 -0.904507
v 1.385943 0.025253 -0.857791
v 1.258985 0.047631 -0.904507
v 1.258985 -0.000000 -0.857791
v 1.150255 0.069259 -0.904507
v 1.132027 0.025253 -0.857790
v 1.058078 0.130849 -0.904507
v 1.024398 0.097169 -0.857790
v 0.996488 0.223026 -0.904506
v 0.952482 0.204798 -0.857790
v 0.974860 0.331756 -0.904506
v 0.927229 0.331756 -0.857790
v 0.996488 0.440486 -0.904507
v 0.952482 0.458714 -0.857790
v 1.058078 0.532663 -0.904507
v 1.024398 0.566343 -0.857790
v 1.150255 0.594253 -0.904507
v 1.132027 0.638259 -0.857791
v 1.258985 0.498471 -0.875890
v 1.195186 0.485781 -0.875890
v 1.322784 0.177731 -0.875890
v 1.141100 0.449642 -0.875890
v 1.376871 0.213871 -0.875890
v 1.104960 0.395555 -0.875890
v 1.413010 0.267957 -0.875890
v 1.092270 0.331756 -0.875890
v 1.425700 0.331756 -0.875890
v 1.104960 0.267957 -0.875890
v 1.413010 0.395555 -0.875890
v 1.141100 0.213870 -0.875890
v 1.376871 0.449642 -0.875890
v 1.322784 0.485781 -0.875890
v 1.195186 0.177731 -0.875890
v 1.258985 0.165041 -0.875890
v 1.258985 0.618471 -0.647852
v 1.258985 0.663512 -0.692028
v 1.385943 0.638259 -0.692028
v 1.368706 0.596646 -0.647852
v 1.493572 0.566343 -0.692028
v 1.461723 0.534494 -0.647852
v 1.565488 0.458714 -0.692028
v 1.523875 0.441477 -0.647852
v 1.590741 0.331756 -0.692028
v 1.545700 0.331756 -0.647852
v 1.565488 0.204799 -0.692028
v 1.523875 0.222035 -0.647852
v 1.493572 0.097169 -0.692028
v 1.461723 0.129018 -0.647852
v 1.385943 0.025253 -0.692028
v 1.368706 0.066866 -0.647852
v 1.258985 -0.000000 -0.692028
v 1.258985 0.045041 -0.647852
v 1.132027 0.025253 -0.692028
v 1.149264 0.066866 -0.647852
v 1.024398 0.097169 -0.692028
v 1.056247 0.129018 -0.647852
v 0.952482 0.204799 -0.692028
v 0.994095 0.222035 -0.647852
v 0.927229 0.331756 -0.692028
v 0.972270 0.331756 -0.647852
v 0.952482 0.458714 -0.692028
v 0.994095 0.441477 -0.647852
v 1.024398 0.566343 -0.692028
v 1.056247 0.534494 -0.647852
v 1.132027 0.638259 -0.692028
v 1.149264 0.596646 -0.647852
vn -0.0000 -0.0000 1.0000
vn -0.0000 -0.0000 -1.0000
vn 0.3312 0.7997 -0.5007
vn -0.0000 0.7131 -0.7011
vn 0.2729 0.6588 -0.7011
vn -0.0000 1.0000 -0.0000
vn 0.3827 0.9239 -0.0000
vn -0.0000 -0.5497 -0.8353
vn 0.2729 -0.6588 -0.7011
vn 0.2104 -0.5079 -0.8353
vn -0.3396 0.3396 -0.8772
vn -0.2976 0.1233 -0.9467
vn -0.2278 0.2278 -0.9467
vn -0.5042 -0.5042 -0.7011
vn -0.3313 -0.7997 -0.5007
vn -0.2729 -0.6588 -0.7011
vn 0.5042 0.5042 -0.7011
vn -0.6588 -0.2729 -0.7011
vn -0.6121 -0.6121 -0.5007
vn 0.6588 0.2729 -0.7011
vn 0.6121 0.6121 -0.5007
vn -0.7131 -0.0000 -0.7011
vn -0.7997 -0.3312 -0.5007
vn 0.8656 -0.0000 -0.5007
vn 0.7131 -0.0000 -0.7011
vn -0.7997 0.3312 -0.5007
vn -0.6588 0.2729 -0.7011
vn 0.6588 -0.2729 -0.7011
vn -0.5042 0.5042 -0.7011
vn 0.6121 -0.6121 -0.5007
vn 0.5042 -0.5042 -0.7011
vn -0.2729 0.6588 -0.7011
vn -0.6121 0.6121 -0.5007
vn 0.3312 -0.7997 -0.5007
vn -0.0000 0.8656 -0.5007
vn -0.0000 -0.8656 -0.5007
vn -0.0000 -0.7131 -0.7011
vn -0.6566 -0.0000 -0.7543
vn -0.4437 -0.1838 -0.8772
vn -0.4802 -0.0000 -0.8772
vn 0.1838 -0.4437 -0.8772
vn 0.2278 -0.2278 -0.9467
vn 0.1233 -0.2976 -0.9467
vn -0.1233 0.2976 -0.9467
vn -0.0000 -0.3222 -0.9467
vn 0.1838 0.4437 -0.8772
vn -0.0000 0.3222 -0.9467
vn 0.1233 0.2976 -0.9467
vn -0.1838 0.4437 -0.8772
vn -0.1838 -0.4437 -0.8772
vn -0.1233 -0.2976 -0.9467
vn 0.3396 0.3396 -0.8772
vn 0.2278 0.2278 -0.9467
vn -0.3396 -0.3396 -0.8772
vn -0.2278 -0.2278 -0.9467
vn 0.2976 0.1233 -0.9467
vn -0.2976 -0.1233 -0.9467
vn 0.3222 -0.0000 -0.9467
vn 0.4437 0.1838 -0.8772
vn -0.3222 -0.0000 -0.9467
vn 0.2976 -0.1233 -0.9467
vn 0.4802 -0.0000 -0.8772
vn -0.4437 0.1838 -0.8772
vn 0.3396 -0.3396 -0.8772
vn -0.3679 -0.3678 -0.8540
vn -0.1991 -0.4806 -0.8540
vn -0.3679 -0.3679 -0.8540
vn 0.4437 -0.1838 -0.8772
vn 0.6566 -0.0000 -0.7543
vn -0.6066 0.2512 -0.7543
vn 0.4643 -0.4643 -0.7543
vn -0.4643 0.4643 -0.7543
vn 0.2513 -0.6066 -0.7543
vn -0.0000 -0.4802 -0.8772
vn 0.2513 0.6066 -0.7543
vn -0.0000 0.4802 -0.8772
vn -0.2512 0.6066 -0.7543
vn -0.2512 -0.6066 -0.7543
vn -0.4643 -0.4643 -0.7543
vn 0.4643 0.4643 -0.7543
vn 0.6066 0.2513 -0.7543
vn 0.2186 -0.5277 -0.8208
vn 0.4039 -0.4039 -0.8208
vn 0.3679 0.3678 -0.8540
vn 0.1991 0.4806 -0.8540
vn -0.4806 -0.1991 -0.8540
vn 0.4806 0.1991 -0.8540
vn -0.5202 -0.0000 -0.8540
vn 0.5202 -0.0000 -0.8540
vn -0.4806 0.1991 -0.8540
vn 0.4806 -0.1991 -0.8540
vn -0.3679 0.3678 -0.8540
vn -0.3679 0.3679 -0.8540
vn 0.3679 -0.3678 -0.8540
vn -0.1991 0.4806 -0.8540
vn 0.1991 -0.4806 -0.8540
vn -0.0000 0.5202 -0.8540
vn -0.0000 -0.5202 -0.8540
vn -0.2186 0.5277 -0.8209
vn -0.4039 0.4039 -0.8208
vn -0.2186 0.5277 -0.8208
vn -0.0000 -0.5712 -0.8208
vn -0.0000 -0.5711 -0.8209
vn 0.2186 0.5277 -0.8208
vn -0.0000 0.5711 -0.8209
vn -0.0000 0.5711 -0.8208
vn -0.2186 -0.5277 -0.8209
vn 0.4039 0.4039 -0.8208
vn -0.4039 -0.4039 -0.8208
vn 0.5277 0.2186 -0.8208
vn -0.5277 -0.2186 -0.8208
vn 0.5712 -0.0000 -0.8208
vn -0.5712 -0.0000 -0.8208
vn 0.5277 -0.2186 -0.8208
vn 0.5711 -0.0000 -0.8208
vn -0.5277 0.2186 -0.8208
vn 0.2680 0.6469 -0.7139
vn -0.0000 0.7002 -0.7139
vn 0.4951 0.4951 -0.7139
vn 0.6469 0.2680 -0.7139
vn 0.7002 -0.0000 -0.7139
vn 0.6469 -0.2680 -0.7139
vn 0.4951 -0.4951 -0.7139
vn 0.2680 -0.6469 -0.7139
vn -0.0000 -0.7002 -0.7139
vn -0.2680 -0.6469 -0.7139
vn -0.4951 -0.4951 -0.7139
vn -0.6469 -0.2680 -0.7139
vn -0.7002 -0.0000 -0.7139
vn -0.6469 0.2680 -0.7139
vn -0.4951 0.4951 -0.7139
vn -0.2680 0.6469 -0.7139
vn -0.3827 0.9239 -0.0000
vn 0.7071 0.7071 -0.0000
vn 0.9239 0.3827 -0.0000
vn 1.0000 -0.0000 -0.0000
vn 0.9239 -0.3827 -0.0000
vn 0.7071 -0.7071 -0.0000
vn 0.3827 -0.9239 -0.0000
vn -0.0000 -1.0000 -0.0000
vn -0.3827 -0.9239 -0.0000
vn -0.7071 -0.7071 -0.0000
vn -0.9239 -0.3827 -0.0000
vn -1.0000 -0.0000 -0.0000
vn -0.9239 0.3827 -0.0000
vn -0.7071 0.7071 -0.0000
vn -0.0000 0.7002 0.7139
vn 0.2680 0.6469 0.7139
vn 0.4951 0.4951 0.7139
vn 0.6469 0.2680 0.7139
vn 0.7002 -0.0000 0.7139
vn 0.6469 -0.2680 0.7139
vn 0.4951 -0.4951 0.7139
vn 0.2680 -0.6469 0.7139
vn -0.0000 -0.7002 0.7139
vn -0.2680 -0.6469 0.7139
vn -0.4951 -0.4951 0.7139
vn -0.6469 -0.2680 0.7139
vn -0.7002 -0.0000 0.7139
vn -0.6469 0.2680 0.7139
vn -0.4951 0.4951 0.7139
vn -0.2680 0.6469 0.7139
vn -0.2104 -0.5079 -0.8353
vn -0.2104 0.5079 -0.8353
vn -0.0000 0.5497 -0.8353
vn 0.3887 -0.3887 -0.8353
vn -0.3887 0.3887 -0.8353
vn 0.5079 -0.2104 -0.8353
vn -0.5079 0.2104 -0.8353
vn 0.5497 -0.0000 -0.8353
vn -0.5497 -0.0000 -0.8353
vn 0.5079 0.2104 -0.8353
vn -0.5079 -0.2104 -0.8353
vn 0.3887 0.3887 -0.8353
vn -0.3887 -0.3887 -0.8353
vn 0.2104 0.5079 -0.8353
vn 0.7997 0.3313 -0.5007
vn -0.8656 -0.0000 -0.5007
vn 0.7997 -0.3312 -0.5007
vn -0.3313 0.7997 -0.5007
vn -0.6066 -0.2512 -0.7543
vn 0.6066 -0.2513 -0.7543
vn -0.0000 -0.6566 -0.7543
vn -0.0000 0.6566 -0.7543
vn -0.0001 -0.0000 -1.0000
vn -0.4039 0.4038 -0.8209
vn -0.2186 -0.5277 -0.8208
vt 0.114574 0.934579
vt 0.115096 0.933645
vt 0.114222 0.934228
vt 0.090718 0.930890
vt 0.090655 0.932020
vt 0.091146 0.931529
vt 0.091786 0.931957
vt 0.091520 0.932597
vt 0.092541 0.932107
vt 0.093562 0.932597
vt 0.093297 0.931957
vt 0.093937 0.931529
vt 0.094428 0.932020
vt 0.094365 0.930890
vt 0.095209 0.930135
vt 0.094515 0.930135
vt 0.094365 0.929381
vt 0.095006 0.929116
vt 0.093937 0.928741
vt 0.093562 0.927673
vt 0.093297 0.928314
vt 0.092541 0.928164
vt 0.091520 0.927673
vt 0.091786 0.928314
vt 0.091146 0.928741
vt 0.240385 0.343718
vt 0.240010 0.343198
vt 0.240010 0.343798
vt 0.090655 0.928251
vt 0.090718 0.929381
vt 0.089873 0.930135
vt 0.090567 0.930135
vt 0.114098 0.936968
vt 0.113434 0.936129
vt 0.113639 0.937158
vt 0.131950 0.891901
vt 0.133507 0.893095
vt 0.133507 0.891901
vt 0.116126 0.933937
vt 0.117156 0.933644
vt 0.116126 0.933440
vt 0.116966 0.934104
vt 0.118029 0.934227
vt 0.117678 0.934579
vt 0.118613 0.935100
vt 0.118153 0.935290
vt 0.118818 0.936129
vt 0.118320 0.936129
vt 0.118613 0.937158
vt 0.118153 0.936968
vt 0.118029 0.938030
vt 0.117678 0.937679
vt 0.117156 0.938613
vt 0.116966 0.938154
vt 0.116126 0.938818
vt 0.116126 0.938321
vt 0.115096 0.938614
vt 0.115286 0.938154
vt 0.114222 0.938031
vt 0.114574 0.937679
vt 0.208382 0.322458
vt 0.208899 0.321860
vt 0.208533 0.321704
vt 0.115286 0.934104
vt 0.084391 0.898243
vt 0.084383 0.899145
vt 0.084870 0.898944
vt 0.217906 0.342254
vt 0.217531 0.342841
vt 0.217906 0.342754
vt 0.240010 0.344310
vt 0.239499 0.343733
vt 0.239125 0.344088
vt 0.239499 0.344241
vt 0.246897 0.342595
vt 0.247271 0.342238
vt 0.246897 0.342086
vt 0.239499 0.343135
vt 0.239125 0.343651
vt 0.247271 0.343193
vt 0.246897 0.343194
vt 0.239125 0.342619
vt 0.239499 0.342537
vt 0.246897 0.343792
vt 0.239499 0.342029
vt 0.247271 0.344143
vt 0.246897 0.344297
vt 0.240010 0.342602
vt 0.240385 0.342254
vt 0.240010 0.342099
vt 0.217531 0.343872
vt 0.217906 0.344465
vt 0.217906 0.343951
vt 0.240385 0.343201
vt 0.217531 0.343355
vt 0.217906 0.343350
vt 0.099533 0.947795
vt 0.099329 0.947850
vt 0.099512 0.947925
vt 0.083687 0.897540
vt 0.083371 0.896703
vt 0.082999 0.897075
vt 0.085242 0.898572
vt 0.082797 0.897561
vt 0.084607 0.897722
vt 0.085443 0.898086
vt 0.085443 0.897560
vt 0.084531 0.898103
vt 0.083611 0.897921
vt 0.082797 0.898087
vt 0.084531 0.897540
vt 0.085242 0.897074
vt 0.083687 0.898103
vt 0.082999 0.898572
vt 0.084870 0.896703
vt 0.083371 0.898944
vt 0.084383 0.896502
vt 0.084391 0.897400
vt 0.083857 0.899145
vt 0.083827 0.898243
vt 0.083857 0.896502
vt 0.084208 0.897324
vt 0.084208 0.898319
vt 0.083827 0.897400
vt 0.099802 0.947299
vt 0.099974 0.947354
vt 0.099918 0.947219
vt 0.099512 0.946930
vt 0.099679 0.947059
vt 0.099710 0.946930
vt 0.099679 0.947794
vt 0.099710 0.947925
vt 0.099398 0.947115
vt 0.099329 0.947006
vt 0.099815 0.947739
vt 0.099893 0.947849
vt 0.099294 0.947219
vt 0.099189 0.947146
vt 0.100033 0.947710
vt 0.099113 0.947329
vt 0.100109 0.947527
vt 0.100109 0.947329
vt 0.099918 0.947635
vt 0.099238 0.947500
vt 0.099113 0.947527
vt 0.100033 0.947146
vt 0.099294 0.947635
vt 0.099189 0.947710
vt 0.099893 0.947006
vt 0.099815 0.947115
vt 0.099525 0.947373
vt 0.099481 0.947236
vt 0.099417 0.947299
vt 0.099417 0.947556
vt 0.099398 0.947739
vt 0.099655 0.947201
vt 0.099481 0.947620
vt 0.099565 0.947201
vt 0.099533 0.947060
vt 0.099655 0.947654
vt 0.099738 0.947620
vt 0.099802 0.947556
vt 0.099383 0.947383
vt 0.099238 0.947354
vt 0.099837 0.947473
vt 0.099974 0.947500
vt 0.099511 0.947408
vt 0.099587 0.947522
vt 0.099701 0.947446
vt 0.099687 0.947481
vt 0.099701 0.947408
vt 0.099837 0.947382
vt 0.099383 0.947473
vt 0.099525 0.947481
vt 0.099738 0.947235
vt 0.099687 0.947373
vt 0.099660 0.947346
vt 0.099565 0.947654
vt 0.099625 0.947332
vt 0.099552 0.947346
vt 0.099625 0.947522
vt 0.089645 0.931326
vt 0.089408 0.930136
vt 0.090321 0.932336
vt 0.091331 0.933011
vt 0.092541 0.932800
vt 0.092524 0.933247
vt 0.093716 0.933011
vt 0.094726 0.932336
vt 0.095006 0.931155
vt 0.095402 0.931327
vt 0.106040 0.948278
vt 0.105601 0.949311
vt 0.106040 0.949474
vt 0.105601 0.947272
vt 0.106040 0.947093
vt 0.094428 0.928251
vt 0.095402 0.928945
vt 0.094726 0.927936
vt 0.093716 0.927261
vt 0.092524 0.927024
vt 0.091331 0.927261
vt 0.090321 0.927935
vt 0.089645 0.928945
vt 0.090076 0.929115
vt 0.133507 0.890714
vt 0.131950 0.890714
vt 0.131950 0.893095
vt 0.133507 0.894113
vt 0.131229 0.928849
vt 0.132787 0.927835
vt 0.131229 0.927835
vt 0.131229 0.930041
vt 0.132787 0.928849
vt 0.131229 0.931230
vt 0.132787 0.930041
vt 0.131229 0.932235
vt 0.132787 0.931230
vt 0.107598 0.949474
vt 0.106040 0.950496
vt 0.107598 0.950496
vt 0.107598 0.948278
vt 0.107598 0.946097
vt 0.107598 0.947093
vt 0.132427 0.898789
vt 0.130869 0.897780
vt 0.130869 0.898789
vt 0.132427 0.897780
vt 0.130869 0.896589
vt 0.132427 0.895398
vt 0.132427 0.896589
vt 0.130869 0.894389
vt 0.130869 0.895398
vt 0.133507 0.889713
vt 0.131950 0.889713
vt 0.114098 0.935290
vt 0.113639 0.935100
vt 0.112993 0.936129
vt 0.113230 0.934938
vt 0.113905 0.933928
vt 0.114916 0.933254
vt 0.116108 0.933017
vt 0.117300 0.933254
vt 0.118311 0.933928
vt 0.118986 0.934938
vt 0.108013 0.948287
vt 0.108013 0.947262
vt 0.118311 0.938329
vt 0.118986 0.937319
vt 0.117300 0.939003
vt 0.116108 0.939240
vt 0.114916 0.939003
vt 0.113905 0.938329
vt 0.113230 0.937320
vt 0.113931 0.936129
vt 0.208533 0.323213
vt 0.208780 0.322459
vt 0.211911 0.322459
vt 0.212180 0.323213
vt 0.212330 0.322458
vt 0.208960 0.321064
vt 0.211792 0.323057
vt 0.211752 0.323853
vt 0.209746 0.321014
vt 0.209601 0.320637
vt 0.210944 0.323903
vt 0.211111 0.324280
vt 0.210356 0.320487
vt 0.210356 0.324430
vt 0.210345 0.320895
vt 0.211111 0.320637
vt 0.210345 0.324022
vt 0.209601 0.324280
vt 0.210944 0.321014
vt 0.211752 0.321064
vt 0.209238 0.323564
vt 0.208960 0.323852
vt 0.211792 0.321860
vt 0.212180 0.321704
vt 0.090076 0.931155
vt 0.092541 0.927470
vt 0.217531 0.342410
vt 0.240385 0.344159
vt 0.247271 0.342677
vt 0.239125 0.343135
vt 0.247271 0.343708
vt 0.239125 0.342182
vt 0.240385 0.342687
vt 0.217531 0.344315
vt 0.083611 0.897723
vt 0.084607 0.897920
vt 0.084010 0.898319
vt 0.084010 0.897324
vt 0.099587 0.947332
vt 0.099511 0.947446
vt 0.099552 0.947508
vt 0.099660 0.947508
vt 0.105601 0.948287
vt 0.131950 0.894113
vt 0.132787 0.932235
vt 0.106040 0.946097
vt 0.132427 0.894389
vt 0.108013 0.949320
vt 0.208899 0.323057
vt 0.209238 0.321353
vt 0.211452 0.323564
vt 0.209746 0.323903
vt 0.211452 0.321353
s 1
usemtl Material.car9
f 2319/3189/1499 2471/3190/1499 2469/3191/1499
f 2321/3192/1500 2420/3193/1500 2322/3194/1500
f 2420/3193/1500 2323/3195/1500 2322/3194/1500
f 2422/3196/1500 2324/3197/1500 2323/3195/1500
f 2324/3197/1500 2426/3198/1500 2325/3199/1500
f 2426/3198/1500 2326/3200/1500 2325/3199/1500
f 2428/3201/1500 2327/3202/1500 2326/3200/1500
f 2327/3202/1500 2432/3203/1500 2328/3204/1500
f 2432/3203/1500 2329/3205/1500 2328/3204/1500
f 2434/3206/1500 2330/3207/1500 2329/3205/1500
f 2330/3207/1500 2438/3208/1500 2331/3209/1500
f 2438/3208/1500 2332/3210/1500 2331/3209/1500
f 2332/3210/1500 2442/3211/1500 2333/3212/1500
f 2442/3211/1500 2334/3213/1500 2333/3212/1500
f 2345/3214/1501 2463/3215/1502 2462/3216/1503
f 2444/3217/1500 2335/3218/1500 2334/3213/1500
f 2335/3218/1500 2419/3219/1500 2320/3220/1500
f 2319/3221/1499 2464/3222/1499 2495/3223/1499
f 2465/3224/1504 2417/3225/1505 2418/3226/1504
f 2319/3227/1499 2475/3228/1499 2473/3229/1499
f 2319/3230/1499 2477/3231/1499 2475/3228/1499
f 2319/3232/1499 2479/3233/1499 2477/3231/1499
f 2319/3234/1499 2481/3235/1499 2479/3233/1499
f 2319/3236/1499 2483/3237/1499 2481/3235/1499
f 2319/3238/1499 2485/3239/1499 2483/3237/1499
f 2319/3240/1499 2487/3241/1499 2485/3239/1499
f 2319/3242/1499 2489/3243/1499 2487/3241/1499
f 2319/3244/1499 2491/3245/1499 2489/3243/1499
f 2319/3246/1499 2493/3247/1499 2491/3245/1499
f 2319/3248/1499 2495/3223/1499 2493/3247/1499
f 2320/3249/1506 2449/3250/1507 2335/3251/1508
f 2319/3252/1499 2473/3229/1499 2471/3190/1499
f 2366/3253/1509 2349/3254/1510 2350/3255/1511
f 2460/3256/1512 2337/3257/1513 2461/3258/1514
f 2459/3259/1515 2345/3214/1501 2462/3216/1503
f 2458/3260/1516 2338/3261/1517 2460/3262/1512
f 2457/3263/1518 2346/3264/1519 2459/3265/1515
f 2456/3266/1520 2339/3267/1521 2458/3260/1516
f 2348/3268/1522 2457/3263/1518 2455/3269/1523
f 2341/3270/1524 2456/3266/1520 2454/3271/1525
f 2453/3272/1526 2348/3268/1522 2455/3269/1523
f 2452/3273/1527 2341/3270/1524 2454/3271/1525
f 2350/3274/1528 2453/3272/1526 2451/3275/1529
f 2450/3276/1530 2342/3277/1531 2452/3278/1527
f 2351/3279/1532 2451/3280/1529 2449/3281/1507
f 2344/3282/1533 2450/3276/1530 2463/3215/1502
f 2461/3258/1514 2336/3283/1534 2448/3284/1535
f 2448/3284/1535 2351/3279/1532 2449/3281/1507
f 2380/3285/1536 2363/3286/1537 2364/3287/1538
f 2359/3288/1539 2342/3289/1540 2343/3290/1541
f 2351/3291/1542 2366/3253/1509 2350/3255/1511
f 2344/3292/1543 2359/3288/1539 2343/3290/1541
f 2353/3293/1544 2336/3294/1545 2337/3295/1546
f 2336/3294/1545 2367/3296/1547 2351/3291/1542
f 2361/3297/1548 2344/3292/1543 2345/3298/1549
f 2354/3299/1550 2337/3295/1546 2338/3300/1551
f 2362/3301/1552 2345/3298/1549 2346/3302/1553
f 2339/3303/1554 2354/3299/1550 2338/3300/1551
f 2347/3304/1555 2362/3301/1552 2346/3302/1553
f 2340/3305/1556 2355/3306/1557 2339/3303/1554
f 2348/3307/1558 2363/3308/1537 2347/3304/1555
f 2341/3309/1559 2356/3310/1560 2340/3305/1556
f 2365/3311/1561 2348/3307/1558 2349/3254/1510
f 2358/3312/1562 2341/3309/1559 2342/3289/1540
f 2386/3313/1563 2369/3314/1564 2370/3315/1565
f 2357/3316/1566 2372/3317/1567 2356/3318/1560
f 2381/3319/1568 2364/3287/1538 2365/3320/1561
f 2374/3321/1569 2357/3316/1566 2358/3322/1562
f 2382/3323/1570 2365/3320/1561 2366/3324/1509
f 2375/3325/1571 2358/3322/1562 2359/3326/1539
f 2367/3327/1547 2382/3323/1570 2366/3324/1509
f 2360/3328/1572 2375/3325/1571 2359/3326/1539
f 2369/3314/1573 2352/3329/1574 2353/3330/1544
f 2352/3329/1574 2383/3331/1575 2367/3327/1547
f 2377/3332/1576 2360/3328/1572 2361/3333/1548
f 2354/3334/1550 2369/3314/1573 2353/3330/1544
f 2378/3335/1577 2361/3333/1548 2362/3336/1552
f 2355/3337/1557 2370/3315/1578 2354/3334/1550
f 2363/3286/1537 2378/3335/1577 2362/3336/1552
f 2356/3318/1560 2371/3338/1579 2355/3337/1557
f 2407/3339/1580 2390/3340/1581 2391/3341/1580
f 2394/3342/1582 2377/3332/1583 2378/3335/1582
f 2371/3338/1584 2386/3313/1563 2370/3315/1565
f 2379/3343/1585 2394/3342/1582 2378/3335/1582
f 2388/3344/1586 2371/3338/1584 2372/3317/1586
f 2380/3285/1587 2395/3345/1585 2379/3343/1585
f 2389/3346/1588 2372/3317/1586 2373/3347/1588
f 2397/3348/1589 2380/3285/1587 2381/3319/1589
f 2390/3340/1590 2373/3347/1588 2374/3321/1591
f 2398/3349/1592 2381/3319/1589 2382/3323/1592
f 2391/3341/1593 2374/3321/1591 2375/3325/1593
f 2399/3350/1594 2382/3323/1592 2383/3331/1594
f 2392/3351/1595 2375/3325/1593 2376/3352/1595
f 2369/3314/1564 2384/3353/1596 2368/3354/1596
f 2368/3354/1596 2399/3350/1594 2383/3331/1594
f 2377/3332/1583 2392/3351/1595 2376/3352/1595
f 2408/3355/1500 2412/3356/1500 2400/3357/1500
f 2415/3358/1597 2398/3349/1598 2399/3350/1599
f 2408/3355/1600 2391/3341/1580 2392/3351/1601
f 2401/3359/1602 2384/3353/1603 2385/3360/1602
f 2400/3357/1604 2399/3350/1599 2384/3353/1603
f 2393/3361/1605 2408/3355/1600 2392/3351/1601
f 2386/3313/1606 2401/3359/1602 2385/3360/1602
f 2410/3362/1607 2393/3361/1605 2394/3342/1607
f 2387/3363/1608 2402/3364/1606 2386/3313/1606
f 2395/3345/1609 2410/3362/1607 2394/3342/1607
f 2388/3344/1610 2403/3365/1608 2387/3363/1608
f 2412/3356/1611 2395/3345/1609 2396/3366/1611
f 2389/3346/1612 2404/3367/1613 2388/3344/1610
f 2397/3348/1614 2412/3356/1611 2396/3366/1611
f 2406/3368/1581 2389/3346/1612 2390/3340/1581
f 2398/3349/1598 2413/3369/1614 2397/3348/1614
f 2417/3370/1615 2419/3219/1616 2418/3371/1616
f 2420/3193/1617 2417/3370/1615 2421/3372/1617
f 2423/3373/1618 2420/3193/1617 2421/3372/1617
f 2424/3374/1619 2423/3373/1618 2425/3375/1619
f 2427/3376/1620 2424/3374/1619 2425/3375/1619
f 2428/3201/1621 2427/3376/1620 2429/3377/1621
f 2430/3378/1622 2429/3377/1621 2431/3379/1622
f 2433/3380/1623 2430/3381/1622 2431/3382/1622
f 2434/3383/1624 2433/3380/1623 2435/3384/1624
f 2436/3385/1625 2435/3386/1624 2437/3387/1625
f 2438/3208/1626 2437/3387/1625 2439/3388/1626
f 2441/3389/1627 2438/3208/1626 2439/3388/1626
f 2442/3211/1628 2441/3389/1627 2443/3390/1628
f 2445/3391/1629 2442/3211/1628 2443/3390/1628
f 2447/3392/1630 2444/3217/1629 2445/3391/1629
f 2418/3371/1616 2446/3393/1630 2447/3392/1630
f 2419/3219/1500 2321/3192/1500 2320/3220/1500
f 2465/3224/1504 2447/3394/1631 2494/3395/1631
f 2466/3396/1505 2421/3397/1632 2417/3225/1505
f 2470/3398/1633 2421/3399/1632 2468/3400/1632
f 2472/3401/1634 2423/3402/1633 2470/3398/1633
f 2474/3403/1635 2425/3404/1634 2472/3401/1634
f 2476/3405/1636 2427/3406/1635 2474/3403/1635
f 2478/3407/1637 2429/3408/1636 2476/3409/1636
f 2480/3410/1638 2431/3382/1637 2478/3407/1637
f 2480/3410/1638 2435/3384/1639 2433/3380/1638
f 2484/3411/1640 2435/3384/1639 2482/3412/1639
f 2484/3413/1640 2439/3414/1641 2437/3415/1640
f 2486/3416/1641 2441/3417/1642 2439/3414/1641
f 2490/3418/1643 2441/3417/1642 2488/3419/1642
f 2490/3418/1643 2445/3420/1644 2443/3421/1643
f 2494/3395/1631 2445/3422/1644 2492/3423/1644
f 2319/3424/1499 2469/3191/1499 2467/3425/1499
f 2465/3426/1645 2467/3425/1646 2466/3427/1646
f 2466/3427/1646 2469/3191/1647 2468/3428/1647
f 2469/3191/1647 2470/3429/1648 2468/3428/1647
f 2471/3190/1648 2472/3430/1649 2470/3429/1648
f 2472/3430/1649 2475/3228/1650 2474/3431/1650
f 2475/3228/1650 2476/3432/1651 2474/3431/1650
f 2476/3432/1651 2479/3233/1652 2478/3433/1652
f 2478/3407/1652 2481/3434/1653 2480/3410/1653
f 2480/3410/1653 2483/3435/1654 2482/3412/1654
f 2483/3237/1654 2484/3436/1655 2482/3437/1654
f 2485/3239/1655 2486/3438/1656 2484/3436/1655
f 2487/3241/1656 2488/3439/1657 2486/3438/1656
f 2488/3439/1657 2491/3245/1658 2490/3440/1658
f 2490/3440/1658 2493/3247/1659 2492/3441/1659
f 2493/3247/1659 2494/3442/1660 2492/3441/1659
f 2494/3442/1660 2464/3222/1645 2465/3426/1645
f 2319/3443/1499 2467/3425/1499 2464/3222/1499
f 2321/3444/1661 2448/3445/1535 2320/3249/1506
f 2463/3446/1502 2327/3447/1662 2328/3448/1663
f 2449/3250/1507 2334/3449/1664 2335/3251/1508
f 2450/3450/1530 2326/3451/1665 2327/3447/1662
f 2334/3449/1664 2453/3452/1526 2333/3453/1666
f 2326/3451/1665 2454/3454/1525 2325/3455/1667
f 2453/3452/1526 2332/3456/1668 2333/3453/1666
f 2454/3454/1525 2324/3457/1669 2325/3455/1667
f 2455/3458/1523 2331/3459/1670 2332/3456/1668
f 2456/3460/1520 2323/3461/1671 2324/3457/1669
f 2457/3462/1518 2330/3463/1672 2331/3459/1670
f 2323/3461/1671 2460/3464/1512 2322/3465/1673
f 2330/3463/1672 2462/3466/1503 2329/3467/1674
f 2460/3464/1512 2321/3444/1661 2322/3465/1673
f 2462/3466/1503 2328/3448/1663 2329/3467/1674
f 2321/3192/1500 2416/3468/1500 2420/3193/1500
f 2420/3193/1500 2422/3196/1500 2323/3195/1500
f 2422/3196/1500 2424/3374/1500 2324/3197/1500
f 2324/3197/1500 2424/3374/1500 2426/3198/1500
f 2426/3198/1500 2428/3201/1500 2326/3200/1500
f 2428/3201/1500 2430/3378/1500 2327/3202/1500
f 2327/3202/1500 2430/3378/1500 2432/3203/1500
f 2432/3203/1500 2434/3206/1500 2329/3205/1500
f 2434/3206/1500 2436/3385/1500 2330/3207/1500
f 2330/3207/1500 2436/3385/1500 2438/3208/1500
f 2438/3208/1500 2440/3469/1500 2332/3210/1500
f 2332/3210/1500 2440/3469/1500 2442/3211/1500
f 2442/3211/1500 2444/3217/1500 2334/3213/1500
f 2345/3214/1501 2344/3282/1533 2463/3215/1502
f 2444/3217/1500 2446/3393/1500 2335/3218/1500
f 2335/3218/1500 2446/3393/1500 2419/3219/1500
f 2465/3224/1504 2466/3396/1505 2417/3225/1505
f 2320/3249/1506 2448/3445/1535 2449/3250/1507
f 2366/3253/1509 2365/3311/1561 2349/3254/1510
f 2460/3256/1512 2338/3470/1517 2337/3257/1513
f 2459/3259/1515 2346/3471/1519 2345/3214/1501
f 2458/3260/1516 2339/3267/1521 2338/3261/1517
f 2457/3263/1518 2347/3472/1675 2346/3264/1519
f 2456/3266/1520 2340/3473/1676 2339/3267/1521
f 2348/3268/1522 2347/3472/1675 2457/3263/1518
f 2341/3270/1524 2340/3473/1676 2456/3266/1520
f 2453/3272/1526 2349/3474/1677 2348/3268/1522
f 2452/3273/1527 2342/3475/1531 2341/3270/1524
f 2350/3274/1528 2349/3474/1677 2453/3272/1526
f 2450/3276/1530 2343/3476/1678 2342/3277/1531
f 2351/3279/1532 2350/3477/1528 2451/3280/1529
f 2344/3282/1533 2343/3476/1678 2450/3276/1530
f 2461/3258/1514 2337/3257/1513 2336/3283/1534
f 2448/3284/1535 2336/3283/1534 2351/3279/1532
f 2380/3285/1536 2379/3343/1679 2363/3286/1537
f 2359/3288/1539 2358/3312/1562 2342/3289/1540
f 2351/3291/1542 2367/3296/1547 2366/3253/1509
f 2344/3292/1543 2360/3478/1572 2359/3288/1539
f 2353/3293/1544 2352/3479/1574 2336/3294/1545
f 2336/3294/1545 2352/3479/1574 2367/3296/1547
f 2361/3297/1548 2360/3478/1572 2344/3292/1543
f 2354/3299/1550 2353/3293/1544 2337/3295/1546
f 2362/3301/1552 2361/3297/1548 2345/3298/1549
f 2339/3303/1554 2355/3306/1557 2354/3299/1550
f 2347/3304/1555 2363/3308/1537 2362/3301/1552
f 2340/3305/1556 2356/3310/1560 2355/3306/1557
f 2348/3307/1558 2364/3480/1538 2363/3308/1537
f 2341/3309/1559 2357/3481/1566 2356/3310/1560
f 2365/3311/1561 2364/3480/1538 2348/3307/1558
f 2358/3312/1562 2357/3481/1566 2341/3309/1559
f 2386/3313/1563 2385/3360/1564 2369/3314/1564
f 2357/3316/1566 2373/3347/1680 2372/3317/1567
f 2381/3319/1568 2380/3285/1536 2364/3287/1538
f 2374/3321/1569 2373/3347/1680 2357/3316/1566
f 2382/3323/1570 2381/3319/1568 2365/3320/1561
f 2375/3325/1571 2374/3321/1569 2358/3322/1562
f 2367/3327/1547 2383/3331/1575 2382/3323/1570
f 2360/3328/1572 2376/3352/1681 2375/3325/1571
f 2369/3314/1573 2368/3354/1682 2352/3329/1574
f 2352/3329/1574 2368/3354/1682 2383/3331/1575
f 2377/3332/1576 2376/3352/1681 2360/3328/1572
f 2354/3334/1550 2370/3315/1578 2369/3314/1573
f 2378/3335/1577 2377/3332/1576 2361/3333/1548
f 2355/3337/1557 2371/3338/1579 2370/3315/1578
f 2363/3286/1537 2379/3343/1679 2378/3335/1577
f 2356/3318/1560 2372/3317/1567 2371/3338/1579
f 2407/3339/1580 2406/3368/1581 2390/3340/1581
f 2394/3342/1582 2393/3361/1583 2377/3332/1583
f 2371/3338/1584 2387/3363/1584 2386/3313/1563
f 2379/3343/1585 2395/3345/1585 2394/3342/1582
f 2388/3344/1586 2387/3363/1584 2371/3338/1584
f 2380/3285/1587 2396/3366/1587 2395/3345/1585
f 2389/3346/1588 2388/3344/1586 2372/3317/1586
f 2397/3348/1589 2396/3366/1587 2380/3285/1587
f 2390/3340/1590 2389/3346/1588 2373/3347/1588
f 2398/3349/1592 2397/3348/1589 2381/3319/1589
f 2391/3341/1593 2390/3340/1590 2374/3321/1591
f 2399/3350/1594 2398/3349/1592 2382/3323/1592
f 2392/3351/1595 2391/3341/1593 2375/3325/1593
f 2369/3314/1564 2385/3360/1564 2384/3353/1596
f 2368/3354/1596 2384/3353/1596 2399/3350/1594
f 2377/3332/1583 2393/3361/1583 2392/3351/1595
f 2400/3357/1500 2401/3359/1500 2402/3364/1500
f 2402/3364/1500 2403/3365/1500 2404/3367/1500
f 2404/3367/1500 2405/3482/1500 2406/3368/1500
f 2406/3368/1500 2407/3339/1500 2408/3355/1500
f 2408/3355/1500 2409/3483/1683 2410/3362/1500
f 2410/3362/1500 2411/3484/1500 2412/3356/1500
f 2412/3356/1500 2413/3369/1500 2414/3485/1500
f 2414/3485/1500 2415/3358/1500 2400/3357/1500
f 2400/3357/1500 2402/3364/1500 2404/3367/1500
f 2404/3367/1500 2406/3368/1500 2408/3355/1500
f 2408/3355/1500 2410/3362/1500 2412/3356/1500
f 2412/3356/1500 2414/3485/1500 2400/3357/1500
f 2400/3357/1500 2404/3367/1500 2408/3355/1500
f 2415/3358/1597 2414/3485/1684 2398/3349/1598
f 2408/3355/1600 2407/3339/1580 2391/3341/1580
f 2401/3359/1602 2400/3357/1604 2384/3353/1603
f 2400/3357/1604 2415/3358/1597 2399/3350/1599
f 2393/3361/1605 2409/3483/1685 2408/3355/1600
f 2386/3313/1606 2402/3364/1606 2401/3359/1602
f 2410/3362/1607 2409/3483/1685 2393/3361/1605
f 2387/3363/1608 2403/3365/1608 2402/3364/1606
f 2395/3345/1609 2411/3484/1609 2410/3362/1607
f 2388/3344/1610 2404/3367/1613 2403/3365/1608
f 2412/3356/1611 2411/3484/1609 2395/3345/1609
f 2389/3346/1612 2405/3482/1612 2404/3367/1613
f 2397/3348/1614 2413/3369/1614 2412/3356/1611
f 2406/3368/1581 2405/3482/1612 2389/3346/1612
f 2398/3349/1598 2414/3485/1684 2413/3369/1614
f 2417/3370/1615 2416/3468/1615 2419/3219/1616
f 2420/3193/1617 2416/3468/1615 2417/3370/1615
f 2423/3373/1618 2422/3196/1618 2420/3193/1617
f 2424/3374/1619 2422/3196/1618 2423/3373/1618
f 2427/3376/1620 2426/3198/1620 2424/3374/1619
f 2428/3201/1621 2426/3198/1620 2427/3376/1620
f 2430/3378/1622 2428/3201/1621 2429/3377/1621
f 2433/3380/1623 2432/3486/1623 2430/3381/1622
f 2434/3383/1624 2432/3486/1623 2433/3380/1623
f 2436/3385/1625 2434/3206/1624 2435/3386/1624
f 2438/3208/1626 2436/3385/1625 2437/3387/1625
f 2441/3389/1627 2440/3469/1627 2438/3208/1626
f 2442/3211/1628 2440/3469/1627 2441/3389/1627
f 2445/3391/1629 2444/3217/1629 2442/3211/1628
f 2447/3392/1630 2446/3393/1630 2444/3217/1629
f 2418/3371/1616 2419/3219/1616 2446/3393/1630
f 2419/3219/1500 2416/3468/1500 2321/3192/1500
f 2465/3224/1504 2418/3226/1504 2447/3394/1631
f 2466/3396/1505 2468/3487/1632 2421/3397/1632
f 2470/3398/1633 2423/3402/1633 2421/3399/1632
f 2472/3401/1634 2425/3404/1634 2423/3402/1633
f 2474/3403/1635 2427/3406/1635 2425/3404/1634
f 2476/3405/1636 2429/3488/1636 2427/3406/1635
f 2478/3407/1637 2431/3382/1637 2429/3408/1636
f 2480/3410/1638 2433/3380/1638 2431/3382/1637
f 2480/3410/1638 2482/3412/1639 2435/3384/1639
f 2484/3411/1640 2437/3489/1640 2435/3384/1639
f 2484/3413/1640 2486/3416/1641 2439/3414/1641
f 2486/3416/1641 2488/3419/1642 2441/3417/1642
f 2490/3418/1643 2443/3421/1643 2441/3417/1642
f 2490/3418/1643 2492/3490/1644 2445/3420/1644
f 2494/3395/1631 2447/3394/1631 2445/3422/1644
f 2465/3426/1645 2464/3222/1645 2467/3425/1646
f 2466/3427/1646 2467/3425/1646 2469/3191/1647
f 2469/3191/1647 2471/3190/1648 2470/3429/1648
f 2471/3190/1648 2473/3229/1649 2472/3430/1649
f 2472/3430/1649 2473/3229/1649 2475/3228/1650
f 2475/3228/1650 2477/3231/1651 2476/3432/1651
f 2476/3432/1651 2477/3231/1651 2479/3233/1652
f 2478/3407/1652 2479/3491/1652 2481/3434/1653
f 2480/3410/1653 2481/3434/1653 2483/3435/1654
f 2483/3237/1654 2485/3239/1655 2484/3436/1655
f 2485/3239/1655 2487/3241/1656 2486/3438/1656
f 2487/3241/1656 2489/3243/1657 2488/3439/1657
f 2488/3439/1657 2489/3243/1657 2491/3245/1658
f 2490/3440/1658 2491/3245/1658 2493/3247/1659
f 2493/3247/1659 2495/3223/1660 2494/3442/1660
f 2494/3442/1660 2495/3223/1660 2464/3222/1645
f 2321/3444/1661 2461/3492/1514 2448/3445/1535
f 2463/3446/1502 2450/3450/1530 2327/3447/1662
f 2449/3250/1507 2451/3493/1529 2334/3449/1664
f 2450/3450/1530 2452/3494/1527 2326/3451/1665
f 2334/3449/1664 2451/3493/1529 2453/3452/1526
f 2326/3451/1665 2452/3494/1527 2454/3454/1525
f 2453/3452/1526 2455/3458/1523 2332/3456/1668
f 2454/3454/1525 2456/3460/1520 2324/3457/1669
f 2455/3458/1523 2457/3462/1518 2331/3459/1670
f 2456/3460/1520 2458/3495/1516 2323/3461/1671
f 2457/3462/1518 2459/3496/1515 2330/3463/1672
f 2323/3461/1671 2458/3495/1516 2460/3464/1512
f 2330/3463/1672 2459/3496/1515 2462/3466/1503
f 2460/3464/1512 2461/3492/1514 2321/3444/1661
f 2462/3466/1503 2463/3446/1502 2328/3448/1663
o whell.004
v -1.258986 0.331756 -0.647850
v -1.258986 0.541954 -0.904505
v -1.178547 0.525953 -0.904505
v -1.110354 0.480388 -0.904505
v -1.064789 0.412195 -0.904505
v -1.048789 0.331756 -0.904505
v -1.064789 0.251317 -0.904505
v -1.110354 0.183124 -0.904505
v -1.178547 0.137559 -0.904505
v -1.258986 0.121559 -0.904505
v -1.339425 0.137559 -0.904505
v -1.407618 0.183124 -0.904505
v -1.453183 0.251317 -0.904505
v -1.469184 0.331756 -0.904505
v -1.453183 0.412195 -0.904505
v -1.407618 0.480388 -0.904505
v -1.339425 0.525953 -0.904505
v -1.258986 0.475421 -0.836043
v -1.204008 0.464485 -0.836043
v -1.157400 0.433343 -0.836043
v -1.126257 0.386734 -0.836043
v -1.115321 0.331756 -0.836043
v -1.126257 0.276778 -0.836043
v -1.157400 0.230170 -0.836043
v -1.204008 0.199027 -0.836043
v -1.258986 0.188091 -0.836043
v -1.313964 0.199027 -0.836043
v -1.360573 0.230170 -0.836043
v -1.391715 0.276778 -0.836043
v -1.402651 0.331756 -0.836043
v -1.391715 0.386734 -0.836043
v -1.360573 0.433343 -0.836043
v -1.313964 0.464485 -0.836043
v -1.258986 0.385838 -0.866528
v -1.238290 0.381722 -0.866528
v -1.220744 0.369998 -0.866528
v -1.209021 0.352453 -0.866528
v -1.204904 0.331756 -0.866528
v -1.209021 0.311060 -0.866528
v -1.220744 0.293514 -0.866528
v -1.238290 0.281791 -0.866528
v -1.258986 0.277674 -0.866528
v -1.279683 0.281791 -0.866528
v -1.297228 0.293514 -0.866528
v -1.308952 0.311060 -0.866528
v -1.313069 0.331756 -0.866528
v -1.308952 0.352453 -0.866528
v -1.297228 0.369998 -0.866528
v -1.279683 0.381722 -0.866528
v -1.258986 0.371708 -0.878827
v -1.243697 0.368667 -0.878827
v -1.230736 0.360006 -0.878827
v -1.222075 0.347045 -0.878827
v -1.219034 0.331756 -0.878827
v -1.222075 0.316467 -0.878827
v -1.230736 0.303506 -0.878827
v -1.243697 0.294845 -0.878827
v -1.258986 0.291804 -0.878827
v -1.274275 0.294845 -0.878827
v -1.287237 0.303506 -0.878827
v -1.295897 0.316467 -0.878827
v -1.298938 0.331756 -0.878827
v -1.295897 0.347045 -0.878827
v -1.287237 0.360006 -0.878827
v -1.274275 0.368667 -0.878827
v -1.258986 0.356392 -0.869497
v -1.249559 0.354516 -0.869497
v -1.241566 0.349176 -0.869497
v -1.236226 0.341184 -0.869497
v -1.234351 0.331756 -0.869498
v -1.236226 0.322329 -0.869497
v -1.241566 0.314336 -0.869497
v -1.249559 0.308996 -0.869497
v -1.258986 0.307121 -0.869497
v -1.268414 0.308996 -0.869497
v -1.276406 0.314336 -0.869497
v -1.281747 0.322329 -0.869497
v -1.283622 0.331756 -0.869497
v -1.281747 0.341184 -0.869497
v -1.276406 0.349176 -0.869497
v -1.268414 0.354516 -0.869497
v -1.258986 0.342115 -0.879431
v -1.255022 0.341326 -0.879431
v -1.251662 0.339081 -0.879431
v -1.249416 0.335720 -0.879431
v -1.248628 0.331756 -0.879431
v -1.249416 0.327792 -0.879431
v -1.251662 0.324432 -0.879431
v -1.255022 0.322186 -0.879431
v -1.258986 0.321398 -0.879431
v -1.262950 0.322186 -0.879431
v -1.266311 0.324432 -0.879431
v -1.268556 0.327792 -0.879431
v -1.269345 0.331756 -0.879431
v -1.268556 0.335720 -0.879431
v -1.266311 0.339081 -0.879431
v -1.262950 0.341326 -0.879431
v -1.150256 0.594253 -0.904505
v -1.132029 0.638259 -0.857789
v -1.258986 0.663512 -0.857789
v -1.258986 0.615881 -0.904505
v -1.058080 0.532663 -0.904505
v -1.024399 0.566343 -0.857789
v -0.996489 0.440486 -0.904505
v -0.952483 0.458714 -0.857789
v -0.974861 0.331756 -0.904505
v -0.927230 0.331756 -0.857789
v -0.996489 0.223026 -0.904505
v -0.952483 0.204798 -0.857789
v -1.058080 0.130849 -0.904505
v -1.024399 0.097169 -0.857789
v -1.150256 0.069259 -0.904505
v -1.132029 0.025253 -0.857789
v -1.258986 0.047631 -0.904505
v -1.258986 -0.000000 -0.857789
v -1.367716 0.069259 -0.904505
v -1.385944 0.025253 -0.857789
v -1.459893 0.130849 -0.904505
v -1.493573 0.097169 -0.857789
v -1.521483 0.223026 -0.904505
v -1.565489 0.204798 -0.857789
v -1.543111 0.331756 -0.904505
v -1.590742 0.331756 -0.857789
v -1.521483 0.440486 -0.904505
v -1.565489 0.458714 -0.857789
v -1.459893 0.532663 -0.904505
v -1.493573 0.566343 -0.857789
v -1.367716 0.594253 -0.904505
v -1.385944 0.638259 -0.857789
v -1.258986 0.498471 -0.875889
v -1.322785 0.485781 -0.875889
v -1.195187 0.177731 -0.875889
v -1.376872 0.449642 -0.875889
v -1.141101 0.213871 -0.875889
v -1.413011 0.395555 -0.875889
v -1.104961 0.267957 -0.875889
v -1.425702 0.331756 -0.875889
v -1.092271 0.331756 -0.875889
v -1.413011 0.267957 -0.875889
v -1.104961 0.395555 -0.875889
v -1.376872 0.213870 -0.875889
v -1.141101 0.449642 -0.875889
v -1.195187 0.485781 -0.875889
v -1.322785 0.177731 -0.875889
v -1.258986 0.165041 -0.875889
v -1.258986 0.618471 -0.647850
v -1.258986 0.663512 -0.692026
v -1.132029 0.638259 -0.692026
v -1.149265 0.596646 -0.647850
v -1.024399 0.566343 -0.692026
v -1.056248 0.534494 -0.647850
v -0.952483 0.458714 -0.692026
v -0.994096 0.441477 -0.647850
v -0.927230 0.331756 -0.692026
v -0.972271 0.331756 -0.647850
v -0.952483 0.204799 -0.692026
v -0.994096 0.222035 -0.647850
v -1.024399 0.097169 -0.692026
v -1.056248 0.129018 -0.647850
v -1.132029 0.025253 -0.692026
v -1.149265 0.066866 -0.647850
v -1.258986 -0.000000 -0.692026
v -1.258986 0.045041 -0.647850
v -1.385944 0.025253 -0.692026
v -1.368707 0.066866 -0.647850
v -1.493573 0.097169 -0.692026
v -1.461724 0.129018 -0.647850
v -1.565489 0.204799 -0.692026
v -1.523876 0.222035 -0.647850
v -1.590742 0.331756 -0.692026
v -1.545701 0.331756 -0.647850
v -1.565489 0.458714 -0.692026
v -1.523876 0.441477 -0.647850
v -1.493573 0.566343 -0.692026
v -1.461724 0.534494 -0.647850
v -1.385944 0.638259 -0.692026
v -1.368707 0.596646 -0.647850
vn -0.0000 -0.0000 1.0000
vn -0.0000 -0.0000 -1.0000
vn 0.2729 0.6588 -0.7011
vn -0.0000 0.8656 -0.5007
vn -0.0000 0.7131 -0.7011
vn 0.3827 0.9239 -0.0000
vn -0.0000 1.0000 -0.0000
vn -0.0000 -0.7131 -0.7011
vn 0.2104 -0.5079 -0.8353
vn -0.0000 -0.5497 -0.8353
vn -0.3396 0.3396 -0.8772
vn -0.2976 0.1233 -0.9467
vn -0.2278 0.2278 -0.9467
vn -0.5042 -0.5042 -0.7011
vn -0.3313 -0.7997 -0.5007
vn -0.2729 -0.6588 -0.7011
vn 0.5042 0.5042 -0.7011
vn 0.3313 0.7997 -0.5007
vn -0.6588 -0.2729 -0.7011
vn -0.6121 -0.6121 -0.5007
vn 0.7997 0.3313 -0.5007
vn 0.6588 0.2729 -0.7011
vn -0.7131 -0.0000 -0.7011
vn -0.7997 -0.3312 -0.5007
vn 0.8656 -0.0000 -0.5007
vn 0.7131 -0.0000 -0.7011
vn -0.7997 0.3312 -0.5007
vn -0.6588 0.2729 -0.7011
vn 0.6588 -0.2729 -0.7011
vn -0.6121 0.6121 -0.5007
vn -0.5042 0.5042 -0.7011
vn 0.6121 -0.6121 -0.5007
vn 0.5042 -0.5042 -0.7011
vn -0.3313 0.7997 -0.5007
vn -0.2729 0.6588 -0.7011
vn 0.3313 -0.7997 -0.5007
vn 0.2729 -0.6588 -0.7011
vn -0.0000 -0.8656 -0.5007
vn -0.4802 -0.0000 -0.8772
vn -0.6066 -0.2512 -0.7543
vn -0.4437 -0.1838 -0.8772
vn 0.1838 -0.4437 -0.8772
vn 0.2278 -0.2278 -0.9467
vn 0.1233 -0.2976 -0.9467
vn -0.1838 0.4437 -0.8772
vn -0.1233 0.2976 -0.9467
vn -0.0000 -0.4802 -0.8772
vn -0.0000 -0.3222 -0.9467
vn 0.1838 0.4437 -0.8772
vn -0.0000 0.3222 -0.9467
vn 0.1233 0.2976 -0.9467
vn -0.0000 0.4802 -0.8772
vn -0.1838 -0.4437 -0.8772
vn -0.1233 -0.2976 -0.9467
vn 0.2278 0.2278 -0.9467
vn -0.3396 -0.3396 -0.8772
vn -0.2278 -0.2278 -0.9467
vn 0.4437 0.1838 -0.8772
vn 0.2976 0.1233 -0.9467
vn -0.2976 -0.1233 -0.9467
vn 0.3222 -0.0000 -0.9467
vn -0.3222 -0.0000 -0.9467
vn 0.2976 -0.1233 -0.9467
vn 0.4802 -0.0000 -0.8772
vn 0.3396 -0.3396 -0.8772
vn -0.3679 -0.3679 -0.8540
vn -0.1991 -0.4806 -0.8540
vn 0.6066 -0.2512 -0.7543
vn 0.4437 -0.1838 -0.8772
vn -0.4437 0.1838 -0.8772
vn -0.6566 -0.0000 -0.7543
vn 0.4643 -0.4643 -0.7543
vn -0.4643 0.4643 -0.7543
vn 0.2513 -0.6066 -0.7543
vn 0.2513 0.6066 -0.7543
vn -0.2513 0.6066 -0.7543
vn -0.2513 -0.6066 -0.7543
vn 0.3396 0.3396 -0.8772
vn -0.4643 -0.4643 -0.7543
vn 0.4643 0.4643 -0.7543
vn 0.6066 0.2512 -0.7543
vn 0.2186 -0.5277 -0.8208
vn 0.4039 -0.4039 -0.8208
vn 0.3679 0.3678 -0.8540
vn 0.1991 0.4806 -0.8540
vn 0.3678 0.3679 -0.8540
vn -0.4806 -0.1991 -0.8540
vn 0.4806 0.1991 -0.8540
vn -0.5202 -0.0000 -0.8540
vn 0.5202 -0.0000 -0.8540
vn -0.4806 0.1991 -0.8540
vn 0.4806 -0.1991 -0.8540
vn -0.3679 0.3678 -0.8540
vn -0.3679 0.3679 -0.8540
vn 0.3679 -0.3678 -0.8540
vn 0.3678 -0.3679 -0.8540
vn -0.1991 0.4806 -0.8540
vn 0.1991 -0.4806 -0.8540
vn -0.0000 0.5202 -0.8540
vn -0.0000 -0.5202 -0.8540
vn -0.2186 0.5277 -0.8208
vn -0.4039 0.4039 -0.8208
vn -0.0000 -0.5711 -0.8209
vn -0.0000 -0.5712 -0.8208
vn 0.2186 0.5277 -0.8208
vn -0.0000 0.5711 -0.8209
vn -0.0000 0.5711 -0.8208
vn -0.2186 -0.5277 -0.8208
vn 0.4039 0.4039 -0.8208
vn -0.4039 -0.4039 -0.8208
vn 0.5277 0.2186 -0.8208
vn -0.5277 -0.2186 -0.8208
vn -0.4039 -0.4039 -0.8209
vn 0.5712 -0.0000 -0.8208
vn 0.5711 -0.0000 -0.8208
vn -0.5711 -0.0000 -0.8209
vn -0.5711 -0.0000 -0.8208
vn 0.5277 -0.2186 -0.8208
vn -0.5277 0.2186 -0.8208
vn 0.2680 0.6469 -0.7139
vn -0.0000 0.7002 -0.7139
vn 0.4951 0.4951 -0.7139
vn 0.6469 0.2680 -0.7139
vn 0.7002 -0.0000 -0.7139
vn 0.6469 -0.2680 -0.7139
vn 0.4951 -0.4951 -0.7139
vn 0.2680 -0.6469 -0.7139
vn -0.0000 -0.7002 -0.7139
vn -0.2680 -0.6469 -0.7139
vn -0.4951 -0.4951 -0.7139
vn -0.6469 -0.2680 -0.7139
vn -0.7002 -0.0000 -0.7139
vn -0.6469 0.2680 -0.7139
vn -0.4951 0.4951 -0.7139
vn -0.2680 0.6469 -0.7139
vn -0.3827 0.9239 -0.0000
vn 0.7071 0.7071 -0.0000
vn 0.9239 0.3827 -0.0000
vn 1.0000 -0.0000 -0.0000
vn 0.9239 -0.3827 -0.0000
vn 0.7071 -0.7071 -0.0000
vn 0.3827 -0.9239 -0.0000
vn -0.0000 -1.0000 -0.0000
vn -0.3827 -0.9239 -0.0000
vn -0.7071 -0.7071 -0.0000
vn -0.9239 -0.3827 -0.0000
vn -1.0000 -0.0000 -0.0000
vn -0.9239 0.3827 -0.0000
vn -0.7071 0.7071 -0.0000
vn -0.0000 0.7002 0.7139
vn 0.2680 0.6469 0.7139
vn 0.4951 0.4951 0.7139
vn 0.6469 0.2680 0.7139
vn 0.7002 -0.0000 0.7139
vn 0.6469 -0.2680 0.7139
vn 0.4951 -0.4951 0.7139
vn 0.2680 -0.6469 0.7139
vn -0.0000 -0.7002 0.7139
vn -0.2680 -0.6469 0.7139
vn -0.4951 -0.4951 0.7139
vn -0.6469 -0.2680 0.7139
vn -0.7002 -0.0000 0.7139
vn -0.6469 0.2680 0.7139
vn -0.4951 0.4951 0.7139
vn -0.2680 0.6469 0.7139
vn -0.2104 -0.5079 -0.8353
vn -0.0000 0.5497 -0.8353
vn -0.2104 0.5079 -0.8353
vn 0.3887 -0.3887 -0.8353
vn -0.3887 0.3887 -0.8353
vn 0.5079 -0.2104 -0.8353
vn -0.5079 0.2104 -0.8353
vn 0.5497 -0.0000 -0.8353
vn -0.5497 -0.0000 -0.8353
vn 0.5079 0.2104 -0.8353
vn -0.5079 -0.2104 -0.8353
vn 0.3887 0.3887 -0.8353
vn -0.3887 -0.3887 -0.8353
vn 0.2104 0.5079 -0.8353
vn 0.6121 0.6121 -0.5007
vn -0.8656 -0.0000 -0.5007
vn 0.7997 -0.3313 -0.5007
vn 0.6566 -0.0000 -0.7543
vn -0.6066 0.2512 -0.7543
vn -0.0000 -0.6566 -0.7543
vn -0.0000 0.6566 -0.7543
vn 0.2186 -0.5277 -0.8209
vn 0.0001 -0.0000 -1.0000
vn -0.0001 -0.0000 -1.0000
vt 0.096982 0.934810
vt 0.097504 0.933875
vt 0.096630 0.934458
vt 0.102063 0.931155
vt 0.103132 0.931529
vt 0.102705 0.930890
vt 0.103507 0.932597
vt 0.103773 0.931957
vt 0.104528 0.932107
vt 0.105549 0.932597
vt 0.105284 0.931957
vt 0.105924 0.931529
vt 0.106415 0.932020
vt 0.106352 0.930890
vt 0.107196 0.930135
vt 0.106502 0.930135
vt 0.106352 0.929381
vt 0.106993 0.929116
vt 0.105924 0.928741
vt 0.105549 0.927673
vt 0.105284 0.928314
vt 0.104528 0.928164
vt 0.103507 0.927673
vt 0.103773 0.928314
vt 0.103132 0.928741
vt 0.206161 0.342675
vt 0.205787 0.343272
vt 0.206161 0.343275
vt 0.102063 0.929115
vt 0.102705 0.929381
vt 0.101860 0.930135
vt 0.102554 0.930135
vt 0.096506 0.937199
vt 0.095842 0.936360
vt 0.096047 0.937389
vt 0.131427 0.950226
vt 0.132985 0.949033
vt 0.131427 0.949033
vt 0.098534 0.934167
vt 0.099564 0.933875
vt 0.098534 0.933670
vt 0.099374 0.934334
vt 0.100437 0.934458
vt 0.100086 0.934809
vt 0.101021 0.935330
vt 0.100561 0.935521
vt 0.101226 0.936359
vt 0.100728 0.936359
vt 0.101021 0.937389
vt 0.100561 0.937198
vt 0.100437 0.938261
vt 0.100086 0.937910
vt 0.099564 0.938844
vt 0.099374 0.938385
vt 0.098534 0.939049
vt 0.098534 0.938552
vt 0.097504 0.938844
vt 0.097694 0.938385
vt 0.096630 0.938261
vt 0.096982 0.937910
vt 0.220767 0.322459
vt 0.220520 0.321704
vt 0.220369 0.322458
vt 0.097694 0.934334
vt 0.113440 0.876111
vt 0.113448 0.875209
vt 0.112961 0.875411
vt 0.218655 0.342254
vt 0.218280 0.342841
vt 0.218655 0.342754
vt 0.206161 0.342163
vt 0.205787 0.342755
vt 0.251329 0.333842
vt 0.250955 0.334197
vt 0.251329 0.334350
vt 0.240010 0.342690
vt 0.239636 0.342099
vt 0.239636 0.342608
vt 0.251329 0.333244
vt 0.250955 0.333760
vt 0.240010 0.343206
vt 0.239636 0.343207
vt 0.250955 0.332728
vt 0.251329 0.332645
vt 0.239636 0.343805
vt 0.250955 0.332291
vt 0.251329 0.332138
vt 0.240010 0.344156
vt 0.239636 0.344310
vt 0.205787 0.343786
vt 0.206161 0.344375
vt 0.206161 0.343872
vt 0.218280 0.343872
vt 0.218655 0.344465
vt 0.218655 0.343951
vt 0.218655 0.343350
vt 0.218280 0.343355
vt 0.129323 0.925642
vt 0.129437 0.925829
vt 0.129506 0.925718
vt 0.114144 0.876815
vt 0.114460 0.877651
vt 0.114832 0.877280
vt 0.113300 0.876251
vt 0.112589 0.875782
vt 0.114220 0.876632
vt 0.115034 0.876794
vt 0.113224 0.876632
vt 0.112388 0.876268
vt 0.112387 0.876794
vt 0.113224 0.876434
vt 0.114220 0.876434
vt 0.115034 0.876268
vt 0.112589 0.877280
vt 0.114144 0.876251
vt 0.114833 0.875782
vt 0.113440 0.876955
vt 0.112961 0.877651
vt 0.114460 0.875411
vt 0.113447 0.877853
vt 0.113821 0.876035
vt 0.113974 0.875209
vt 0.113973 0.877853
vt 0.113623 0.877030
vt 0.114004 0.876955
vt 0.129033 0.926268
vt 0.128861 0.926213
vt 0.128917 0.926348
vt 0.129302 0.926508
vt 0.129125 0.926637
vt 0.129323 0.926637
vt 0.129125 0.925642
vt 0.129302 0.925773
vt 0.129437 0.926452
vt 0.129506 0.926561
vt 0.129020 0.925829
vt 0.128942 0.925718
vt 0.129646 0.926421
vt 0.128802 0.925857
vt 0.129722 0.926238
vt 0.129541 0.926348
vt 0.128726 0.926040
vt 0.128726 0.926238
vt 0.128917 0.925932
vt 0.129597 0.926067
vt 0.129722 0.926040
vt 0.128802 0.926421
vt 0.129541 0.925932
vt 0.129646 0.925857
vt 0.128942 0.926561
vt 0.129020 0.926452
vt 0.129417 0.926268
vt 0.129283 0.926221
vt 0.129354 0.926332
vt 0.129417 0.926011
vt 0.129155 0.926508
vt 0.129097 0.926332
vt 0.129354 0.925947
vt 0.129180 0.926366
vt 0.129180 0.925913
vt 0.129156 0.925773
vt 0.129097 0.925947
vt 0.129597 0.926213
vt 0.128998 0.926094
vt 0.128861 0.926067
vt 0.129452 0.926185
vt 0.129324 0.926159
vt 0.129248 0.926045
vt 0.129133 0.926121
vt 0.129148 0.926086
vt 0.129033 0.926011
vt 0.128998 0.926185
vt 0.129324 0.926121
vt 0.129452 0.926094
vt 0.129148 0.926194
vt 0.129310 0.926086
vt 0.129210 0.926235
vt 0.129270 0.925913
vt 0.129248 0.926235
vt 0.129270 0.926366
vt 0.129175 0.926059
vt 0.101632 0.931326
vt 0.101395 0.930136
vt 0.102642 0.932020
vt 0.102308 0.932336
vt 0.103318 0.933011
vt 0.104511 0.933247
vt 0.105703 0.933011
vt 0.104528 0.932800
vt 0.106713 0.932336
vt 0.106993 0.931155
vt 0.107389 0.931327
vt 0.089408 0.948299
vt 0.089847 0.949485
vt 0.089847 0.948290
vt 0.089847 0.947104
vt 0.106713 0.927936
vt 0.107389 0.928945
vt 0.105703 0.927261
vt 0.104528 0.927470
vt 0.104511 0.927024
vt 0.103318 0.927261
vt 0.102308 0.927935
vt 0.101632 0.928945
vt 0.102642 0.928251
vt 0.131427 0.947845
vt 0.132985 0.947845
vt 0.131427 0.951244
vt 0.132985 0.950226
vt 0.133067 0.918851
vt 0.131509 0.919865
vt 0.133067 0.919865
vt 0.133067 0.917659
vt 0.131509 0.918851
vt 0.133067 0.916470
vt 0.131509 0.917659
vt 0.133067 0.915464
vt 0.131509 0.916470
vt 0.091405 0.949485
vt 0.089847 0.950508
vt 0.091405 0.950508
vt 0.091405 0.947104
vt 0.091405 0.948290
vt 0.091405 0.946108
vt 0.132427 0.903190
vt 0.130869 0.902180
vt 0.130869 0.903190
vt 0.132427 0.900989
vt 0.132427 0.902180
vt 0.130869 0.899799
vt 0.130869 0.900989
vt 0.132427 0.899799
vt 0.130869 0.898789
vt 0.132985 0.946844
vt 0.131427 0.946844
vt 0.096506 0.935521
vt 0.096047 0.935331
vt 0.095638 0.935169
vt 0.095401 0.936359
vt 0.096313 0.934159
vt 0.097324 0.933484
vt 0.098516 0.933247
vt 0.099708 0.933484
vt 0.100719 0.934159
vt 0.101394 0.935168
vt 0.091820 0.948298
vt 0.091820 0.947273
vt 0.101394 0.937550
vt 0.100719 0.938559
vt 0.099708 0.939234
vt 0.098516 0.939471
vt 0.097324 0.939234
vt 0.096313 0.938560
vt 0.095638 0.937550
vt 0.096339 0.936360
vt 0.220520 0.323213
vt 0.224317 0.322458
vt 0.223779 0.323057
vt 0.224167 0.323213
vt 0.220886 0.321860
vt 0.220947 0.321064
vt 0.223739 0.323852
vt 0.221225 0.321353
vt 0.221588 0.320637
vt 0.222931 0.323903
vt 0.223098 0.324280
vt 0.222332 0.320895
vt 0.222343 0.320487
vt 0.222332 0.324022
vt 0.222343 0.324430
vt 0.222931 0.321014
vt 0.223098 0.320637
vt 0.221588 0.324280
vt 0.223739 0.321064
vt 0.221733 0.323903
vt 0.220947 0.323852
vt 0.223439 0.321353
vt 0.224167 0.321704
vt 0.221225 0.323564
vt 0.223779 0.321860
vt 0.106415 0.928251
vt 0.113623 0.876035
vt 0.218280 0.342410
vt 0.205787 0.342314
vt 0.240010 0.342251
vt 0.250955 0.333244
vt 0.240010 0.343721
vt 0.205787 0.344220
vt 0.218280 0.344315
vt 0.113300 0.876815
vt 0.114004 0.876111
vt 0.113821 0.877030
vt 0.129310 0.926194
vt 0.129133 0.926159
vt 0.129175 0.926221
vt 0.129283 0.926059
vt 0.129210 0.926045
vt 0.089408 0.949322
vt 0.089408 0.947283
vt 0.132985 0.951244
vt 0.131509 0.915464
vt 0.089847 0.946108
vt 0.132427 0.898789
vt 0.091820 0.949331
vt 0.220886 0.323057
vt 0.223898 0.322459
vt 0.223439 0.323564
vt 0.221733 0.321014
s 1
usemtl Material.car9
f 2496/3497/1686 2648/3498/1686 2646/3499/1686
f 2593/3500/1687 2499/3501/1687 2498/3502/1687
f 2499/3501/1687 2599/3503/1687 2500/3504/1687
f 2599/3503/1687 2501/3505/1687 2500/3504/1687
f 2501/3505/1687 2603/3506/1687 2502/3507/1687
f 2603/3506/1687 2503/3508/1687 2502/3507/1687
f 2605/3509/1687 2504/3510/1687 2503/3508/1687
f 2504/3510/1687 2609/3511/1687 2505/3512/1687
f 2609/3511/1687 2506/3513/1687 2505/3512/1687
f 2611/3514/1687 2507/3515/1687 2506/3513/1687
f 2507/3515/1687 2615/3516/1687 2508/3517/1687
f 2615/3516/1687 2509/3518/1687 2508/3517/1687
f 2509/3518/1687 2619/3519/1687 2510/3520/1687
f 2619/3519/1687 2511/3521/1687 2510/3520/1687
f 2639/3522/1688 2521/3523/1689 2640/3524/1690
f 2511/3521/1687 2623/3525/1687 2512/3526/1687
f 2512/3526/1687 2596/3527/1687 2497/3528/1687
f 2496/3529/1686 2641/3530/1686 2672/3531/1686
f 2643/3532/1691 2595/3533/1692 2642/3534/1692
f 2496/3535/1686 2652/3536/1686 2650/3537/1686
f 2496/3538/1686 2654/3539/1686 2652/3536/1686
f 2496/3540/1686 2656/3541/1686 2654/3539/1686
f 2496/3542/1686 2658/3543/1686 2656/3541/1686
f 2496/3544/1686 2660/3545/1686 2658/3543/1686
f 2496/3546/1686 2662/3547/1686 2660/3545/1686
f 2496/3548/1686 2664/3549/1686 2662/3547/1686
f 2496/3550/1686 2666/3551/1686 2664/3549/1686
f 2496/3552/1686 2668/3553/1686 2666/3551/1686
f 2496/3554/1686 2670/3555/1686 2668/3553/1686
f 2496/3556/1686 2672/3531/1686 2670/3555/1686
f 2625/3557/1693 2512/3558/1694 2497/3559/1695
f 2496/3560/1686 2650/3537/1686 2648/3498/1686
f 2543/3561/1696 2526/3562/1697 2527/3563/1698
f 2637/3564/1699 2514/3565/1700 2638/3566/1701
f 2636/3567/1702 2522/3568/1703 2639/3522/1688
f 2635/3569/1704 2515/3570/1705 2637/3571/1699
f 2524/3572/1706 2636/3573/1702 2634/3574/1707
f 2633/3575/1708 2516/3576/1709 2635/3569/1704
f 2525/3577/1710 2634/3574/1707 2632/3578/1711
f 2518/3579/1712 2633/3575/1708 2631/3580/1713
f 2630/3581/1714 2525/3577/1710 2632/3578/1711
f 2519/3582/1715 2631/3580/1713 2629/3583/1716
f 2527/3584/1717 2630/3581/1714 2628/3585/1718
f 2520/3586/1719 2629/3587/1716 2627/3588/1720
f 2528/3589/1721 2628/3590/1718 2626/3591/1722
f 2640/3524/1690 2520/3586/1719 2627/3588/1720
f 2514/3565/1700 2625/3592/1693 2638/3566/1701
f 2513/3593/1723 2626/3591/1722 2625/3592/1693
f 2541/3594/1724 2556/3595/1725 2540/3596/1726
f 2536/3597/1727 2519/3598/1728 2520/3599/1729
f 2544/3600/1730 2527/3563/1698 2528/3601/1731
f 2537/3602/1732 2520/3599/1729 2521/3603/1733
f 2530/3604/1734 2513/3605/1735 2514/3606/1736
f 2529/3607/1737 2528/3601/1731 2513/3605/1735
f 2538/3608/1738 2521/3603/1733 2522/3609/1739
f 2515/3610/1740 2530/3604/1734 2514/3606/1736
f 2539/3611/1741 2522/3609/1739 2523/3612/1742
f 2532/3613/1743 2515/3610/1740 2516/3614/1744
f 2524/3615/1745 2539/3611/1741 2523/3612/1742
f 2517/3616/1746 2532/3613/1743 2516/3614/1744
f 2541/3617/1724 2524/3615/1745 2525/3618/1747
f 2518/3619/1748 2533/3620/1749 2517/3616/1746
f 2526/3562/1697 2541/3617/1724 2525/3618/1747
f 2535/3621/1750 2518/3619/1748 2519/3598/1728
f 2563/3622/1751 2546/3623/1752 2547/3624/1751
f 2550/3625/1753 2533/3626/1749 2534/3627/1754
f 2542/3628/1755 2557/3629/1756 2541/3594/1724
f 2551/3630/1757 2534/3627/1754 2535/3631/1750
f 2559/3632/1758 2542/3628/1755 2543/3633/1696
f 2536/3634/1727 2551/3630/1757 2535/3631/1750
f 2544/3635/1730 2559/3632/1758 2543/3633/1696
f 2537/3636/1732 2552/3637/1759 2536/3634/1727
f 2546/3623/1760 2529/3638/1737 2530/3639/1734
f 2529/3638/1737 2560/3640/1761 2544/3635/1730
f 2554/3641/1762 2537/3636/1732 2538/3642/1738
f 2531/3643/1763 2546/3623/1760 2530/3639/1734
f 2555/3644/1764 2538/3642/1738 2539/3645/1741
f 2532/3646/1743 2547/3624/1765 2531/3643/1763
f 2540/3596/1726 2555/3644/1764 2539/3645/1741
f 2533/3626/1749 2548/3647/1766 2532/3646/1743
f 2568/3648/1767 2583/3649/1768 2567/3650/1768
f 2571/3651/1769 2554/3641/1770 2555/3644/1771
f 2548/3647/1772 2563/3622/1751 2547/3624/1751
f 2556/3595/1773 2571/3651/1769 2555/3644/1771
f 2549/3652/1774 2564/3653/1772 2548/3647/1772
f 2557/3629/1775 2572/3654/1773 2556/3595/1773
f 2550/3625/1776 2565/3655/1774 2549/3652/1774
f 2574/3656/1777 2557/3629/1775 2558/3657/1777
f 2567/3650/1778 2550/3625/1776 2551/3630/1779
f 2575/3658/1780 2558/3657/1777 2559/3632/1781
f 2552/3637/1782 2567/3650/1778 2551/3630/1779
f 2560/3640/1783 2575/3658/1780 2559/3632/1781
f 2553/3659/1784 2568/3648/1782 2552/3637/1782
f 2546/3623/1752 2561/3660/1785 2545/3661/1785
f 2561/3660/1785 2560/3640/1783 2545/3661/1785
f 2554/3641/1770 2569/3662/1784 2553/3659/1784
f 2585/3663/1687 2589/3664/1687 2577/3665/1687
f 2592/3666/1786 2575/3658/1787 2576/3667/1786
f 2585/3663/1788 2568/3648/1767 2569/3662/1789
f 2562/3668/1790 2577/3665/1791 2561/3660/1792
f 2561/3660/1792 2592/3666/1786 2576/3667/1786
f 2586/3669/1793 2569/3662/1789 2570/3670/1793
f 2579/3671/1794 2562/3668/1790 2563/3622/1794
f 2571/3651/1795 2586/3669/1793 2570/3670/1793
f 2564/3653/1796 2579/3671/1794 2563/3622/1794
f 2572/3654/1797 2587/3672/1798 2571/3651/1795
f 2581/3673/1799 2564/3653/1796 2565/3655/1800
f 2589/3664/1801 2572/3654/1797 2573/3674/1802
f 2582/3675/1803 2565/3655/1800 2566/3676/1803
f 2574/3656/1804 2589/3664/1801 2573/3674/1802
f 2583/3649/1768 2566/3676/1803 2567/3650/1768
f 2591/3677/1787 2574/3656/1804 2575/3658/1787
f 2594/3678/1805 2596/3527/1806 2595/3679/1806
f 2597/3680/1807 2594/3678/1805 2598/3681/1807
f 2600/3682/1808 2597/3680/1807 2598/3681/1807
f 2602/3683/1809 2599/3503/1808 2600/3682/1808
f 2604/3684/1810 2601/3685/1809 2602/3683/1809
f 2605/3509/1811 2604/3684/1810 2606/3686/1811
f 2607/3687/1812 2606/3686/1811 2608/3688/1812
f 2609/3689/1813 2608/3690/1812 2610/3691/1813
f 2612/3692/1814 2609/3689/1813 2610/3691/1813
f 2614/3693/1815 2611/3514/1814 2612/3694/1814
f 2615/3516/1816 2614/3693/1815 2616/3695/1816
f 2617/3696/1817 2616/3695/1816 2618/3697/1817
f 2619/3519/1818 2618/3697/1817 2620/3698/1818
f 2622/3699/1819 2619/3519/1818 2620/3698/1818
f 2624/3700/1820 2621/3701/1819 2622/3699/1819
f 2596/3527/1806 2624/3700/1820 2595/3679/1806
f 2596/3527/1687 2498/3502/1687 2497/3528/1687
f 2671/3702/1821 2595/3533/1692 2624/3703/1821
f 2645/3704/1822 2594/3705/1691 2643/3532/1691
f 2647/3706/1823 2598/3707/1822 2645/3708/1822
f 2649/3709/1824 2600/3710/1823 2647/3706/1823
f 2651/3711/1825 2602/3712/1824 2649/3709/1824
f 2653/3713/1826 2604/3714/1825 2651/3711/1825
f 2655/3715/1827 2606/3716/1826 2653/3717/1826
f 2655/3715/1827 2610/3691/1828 2608/3690/1827
f 2659/3718/1829 2610/3691/1828 2657/3719/1828
f 2661/3720/1830 2612/3692/1829 2659/3718/1829
f 2661/3721/1830 2616/3722/1831 2614/3723/1830
f 2665/3724/1832 2616/3722/1831 2663/3725/1831
f 2665/3724/1832 2620/3726/1833 2618/3727/1832
f 2667/3728/1833 2622/3729/1834 2620/3726/1833
f 2671/3702/1821 2622/3730/1834 2669/3731/1834
f 2496/3732/1686 2646/3499/1686 2644/3733/1686
f 2641/3530/1835 2643/3734/1836 2642/3735/1835
f 2643/3734/1836 2646/3499/1837 2645/3736/1837
f 2646/3499/1837 2647/3737/1838 2645/3736/1837
f 2648/3498/1838 2649/3738/1839 2647/3737/1838
f 2649/3738/1839 2652/3536/1840 2651/3739/1840
f 2652/3536/1840 2653/3740/1841 2651/3739/1840
f 2654/3539/1841 2655/3741/1842 2653/3740/1841
f 2655/3715/1842 2658/3742/1843 2657/3719/1843
f 2657/3719/1843 2660/3743/1844 2659/3718/1844
f 2659/3744/1844 2662/3547/1845 2661/3745/1845
f 2661/3745/1845 2664/3549/1846 2663/3746/1846
f 2663/3746/1846 2666/3551/1847 2665/3747/1847
f 2666/3551/1847 2667/3748/1848 2665/3747/1847
f 2668/3553/1848 2669/3749/1849 2667/3748/1848
f 2670/3555/1849 2671/3750/1850 2669/3749/1849
f 2671/3750/1850 2641/3530/1835 2642/3735/1835
f 2496/3751/1686 2644/3733/1686 2641/3530/1686
f 2498/3752/1851 2625/3557/1693 2497/3559/1695
f 2505/3753/1852 2627/3754/1720 2504/3755/1853
f 2626/3756/1722 2511/3757/1854 2512/3558/1694
f 2627/3754/1720 2503/3758/1855 2504/3755/1853
f 2628/3759/1718 2510/3760/1856 2511/3757/1854
f 2503/3758/1855 2631/3761/1713 2502/3762/1857
f 2510/3760/1856 2632/3763/1711 2509/3764/1858
f 2502/3762/1857 2633/3765/1708 2501/3766/1859
f 2509/3764/1858 2634/3767/1707 2508/3768/1860
f 2633/3765/1708 2500/3769/1861 2501/3766/1859
f 2634/3767/1707 2507/3770/1862 2508/3768/1860
f 2635/3771/1704 2499/3772/1863 2500/3769/1861
f 2636/3773/1702 2506/3774/1864 2507/3770/1862
f 2637/3775/1699 2498/3752/1851 2499/3772/1863
f 2639/3776/1688 2505/3753/1852 2506/3774/1864
f 2593/3500/1687 2597/3680/1687 2499/3501/1687
f 2499/3501/1687 2597/3680/1687 2599/3503/1687
f 2599/3503/1687 2601/3685/1687 2501/3505/1687
f 2501/3505/1687 2601/3685/1687 2603/3506/1687
f 2603/3506/1687 2605/3509/1687 2503/3508/1687
f 2605/3509/1687 2607/3687/1687 2504/3510/1687
f 2504/3510/1687 2607/3687/1687 2609/3511/1687
f 2609/3511/1687 2611/3514/1687 2506/3513/1687
f 2611/3514/1687 2613/3777/1687 2507/3515/1687
f 2507/3515/1687 2613/3777/1687 2615/3516/1687
f 2615/3516/1687 2617/3696/1687 2509/3518/1687
f 2509/3518/1687 2617/3696/1687 2619/3519/1687
f 2619/3519/1687 2621/3701/1687 2511/3521/1687
f 2639/3522/1688 2522/3568/1703 2521/3523/1689
f 2511/3521/1687 2621/3701/1687 2623/3525/1687
f 2512/3526/1687 2623/3525/1687 2596/3527/1687
f 2643/3532/1691 2594/3705/1691 2595/3533/1692
f 2625/3557/1693 2626/3756/1722 2512/3558/1694
f 2543/3561/1696 2542/3778/1755 2526/3562/1697
f 2637/3564/1699 2515/3779/1705 2514/3565/1700
f 2636/3567/1702 2523/3780/1865 2522/3568/1703
f 2635/3569/1704 2516/3576/1709 2515/3570/1705
f 2524/3572/1706 2523/3781/1865 2636/3573/1702
f 2633/3575/1708 2517/3782/1866 2516/3576/1709
f 2525/3577/1710 2524/3572/1706 2634/3574/1707
f 2518/3579/1712 2517/3782/1866 2633/3575/1708
f 2630/3581/1714 2526/3783/1867 2525/3577/1710
f 2519/3582/1715 2518/3579/1712 2631/3580/1713
f 2527/3584/1717 2526/3783/1867 2630/3581/1714
f 2520/3586/1719 2519/3784/1715 2629/3587/1716
f 2528/3589/1721 2527/3785/1717 2628/3590/1718
f 2640/3524/1690 2521/3523/1689 2520/3586/1719
f 2514/3565/1700 2513/3593/1723 2625/3592/1693
f 2513/3593/1723 2528/3589/1721 2626/3591/1722
f 2541/3594/1724 2557/3629/1756 2556/3595/1725
f 2536/3597/1727 2535/3621/1750 2519/3598/1728
f 2544/3600/1730 2543/3561/1696 2527/3563/1698
f 2537/3602/1732 2536/3597/1727 2520/3599/1729
f 2530/3604/1734 2529/3607/1737 2513/3605/1735
f 2529/3607/1737 2544/3600/1730 2528/3601/1731
f 2538/3608/1738 2537/3602/1732 2521/3603/1733
f 2515/3610/1740 2531/3786/1763 2530/3604/1734
f 2539/3611/1741 2538/3608/1738 2522/3609/1739
f 2532/3613/1743 2531/3786/1763 2515/3610/1740
f 2524/3615/1745 2540/3787/1726 2539/3611/1741
f 2517/3616/1746 2533/3620/1749 2532/3613/1743
f 2541/3617/1724 2540/3787/1726 2524/3615/1745
f 2518/3619/1748 2534/3788/1754 2533/3620/1749
f 2526/3562/1697 2542/3778/1755 2541/3617/1724
f 2535/3621/1750 2534/3788/1754 2518/3619/1748
f 2563/3622/1751 2562/3668/1752 2546/3623/1752
f 2550/3625/1753 2549/3652/1868 2533/3626/1749
f 2542/3628/1755 2558/3657/1869 2557/3629/1756
f 2551/3630/1757 2550/3625/1753 2534/3627/1754
f 2559/3632/1758 2558/3657/1869 2542/3628/1755
f 2536/3634/1727 2552/3637/1759 2551/3630/1757
f 2544/3635/1730 2560/3640/1761 2559/3632/1758
f 2537/3636/1732 2553/3659/1870 2552/3637/1759
f 2546/3623/1760 2545/3661/1871 2529/3638/1737
f 2529/3638/1737 2545/3661/1871 2560/3640/1761
f 2554/3641/1762 2553/3659/1870 2537/3636/1732
f 2531/3643/1763 2547/3624/1765 2546/3623/1760
f 2555/3644/1764 2554/3641/1762 2538/3642/1738
f 2532/3646/1743 2548/3647/1766 2547/3624/1765
f 2540/3596/1726 2556/3595/1725 2555/3644/1764
f 2533/3626/1749 2549/3652/1868 2548/3647/1766
f 2568/3648/1767 2584/3789/1872 2583/3649/1768
f 2571/3651/1769 2570/3670/1770 2554/3641/1770
f 2548/3647/1772 2564/3653/1772 2563/3622/1751
f 2556/3595/1773 2572/3654/1773 2571/3651/1769
f 2549/3652/1774 2565/3655/1774 2564/3653/1772
f 2557/3629/1775 2573/3674/1775 2572/3654/1773
f 2550/3625/1776 2566/3676/1776 2565/3655/1774
f 2574/3656/1777 2573/3674/1775 2557/3629/1775
f 2567/3650/1778 2566/3676/1776 2550/3625/1776
f 2575/3658/1780 2574/3656/1777 2558/3657/1777
f 2552/3637/1782 2568/3648/1782 2567/3650/1778
f 2560/3640/1783 2576/3667/1783 2575/3658/1780
f 2553/3659/1784 2569/3662/1784 2568/3648/1782
f 2546/3623/1752 2562/3668/1752 2561/3660/1785
f 2561/3660/1785 2576/3667/1783 2560/3640/1783
f 2554/3641/1770 2570/3670/1770 2569/3662/1784
f 2577/3665/1687 2578/3790/1687 2579/3671/1687
f 2579/3671/1687 2580/3791/1687 2581/3673/1687
f 2581/3673/1687 2582/3675/1873 2583/3649/1687
f 2583/3649/1687 2584/3789/1687 2585/3663/1687
f 2585/3663/1687 2586/3669/1687 2587/3672/1687
f 2587/3672/1687 2588/3792/1874 2589/3664/1687
f 2589/3664/1687 2590/3793/1687 2591/3677/1687
f 2591/3677/1687 2592/3666/1687 2577/3665/1687
f 2577/3665/1687 2579/3671/1687 2581/3673/1687
f 2581/3673/1687 2583/3649/1687 2585/3663/1687
f 2585/3663/1687 2587/3672/1687 2589/3664/1687
f 2589/3664/1687 2591/3677/1687 2577/3665/1687
f 2577/3665/1687 2581/3673/1687 2585/3663/1687
f 2592/3666/1786 2591/3677/1787 2575/3658/1787
f 2585/3663/1788 2584/3789/1872 2568/3648/1767
f 2562/3668/1790 2578/3790/1790 2577/3665/1791
f 2561/3660/1792 2577/3665/1791 2592/3666/1786
f 2586/3669/1793 2585/3663/1788 2569/3662/1789
f 2579/3671/1794 2578/3790/1790 2562/3668/1790
f 2571/3651/1795 2587/3672/1798 2586/3669/1793
f 2564/3653/1796 2580/3791/1796 2579/3671/1794
f 2572/3654/1797 2588/3792/1797 2587/3672/1798
f 2581/3673/1799 2580/3791/1796 2564/3653/1796
f 2589/3664/1801 2588/3792/1797 2572/3654/1797
f 2582/3675/1803 2581/3673/1799 2565/3655/1800
f 2574/3656/1804 2590/3793/1804 2589/3664/1801
f 2583/3649/1768 2582/3675/1803 2566/3676/1803
f 2591/3677/1787 2590/3793/1804 2574/3656/1804
f 2594/3678/1805 2593/3500/1805 2596/3527/1806
f 2597/3680/1807 2593/3500/1805 2594/3678/1805
f 2600/3682/1808 2599/3503/1808 2597/3680/1807
f 2602/3683/1809 2601/3685/1809 2599/3503/1808
f 2604/3684/1810 2603/3506/1810 2601/3685/1809
f 2605/3509/1811 2603/3506/1810 2604/3684/1810
f 2607/3687/1812 2605/3509/1811 2606/3686/1811
f 2609/3689/1813 2607/3794/1812 2608/3690/1812
f 2612/3692/1814 2611/3795/1814 2609/3689/1813
f 2614/3693/1815 2613/3777/1815 2611/3514/1814
f 2615/3516/1816 2613/3777/1815 2614/3693/1815
f 2617/3696/1817 2615/3516/1816 2616/3695/1816
f 2619/3519/1818 2617/3696/1817 2618/3697/1817
f 2622/3699/1819 2621/3701/1819 2619/3519/1818
f 2624/3700/1820 2623/3525/1820 2621/3701/1819
f 2596/3527/1806 2623/3525/1820 2624/3700/1820
f 2596/3527/1687 2593/3500/1687 2498/3502/1687
f 2671/3702/1821 2642/3534/1692 2595/3533/1692
f 2645/3704/1822 2598/3796/1822 2594/3705/1691
f 2647/3706/1823 2600/3710/1823 2598/3707/1822
f 2649/3709/1824 2602/3712/1824 2600/3710/1823
f 2651/3711/1825 2604/3714/1825 2602/3712/1824
f 2653/3713/1826 2606/3797/1826 2604/3714/1825
f 2655/3715/1827 2608/3690/1827 2606/3716/1826
f 2655/3715/1827 2657/3719/1828 2610/3691/1828
f 2659/3718/1829 2612/3692/1829 2610/3691/1828
f 2661/3720/1830 2614/3798/1830 2612/3692/1829
f 2661/3721/1830 2663/3725/1831 2616/3722/1831
f 2665/3724/1832 2618/3727/1832 2616/3722/1831
f 2665/3724/1832 2667/3728/1833 2620/3726/1833
f 2667/3728/1833 2669/3799/1834 2622/3729/1834
f 2671/3702/1821 2624/3703/1821 2622/3730/1834
f 2641/3530/1835 2644/3733/1836 2643/3734/1836
f 2643/3734/1836 2644/3733/1836 2646/3499/1837
f 2646/3499/1837 2648/3498/1838 2647/3737/1838
f 2648/3498/1838 2650/3537/1839 2649/3738/1839
f 2649/3738/1839 2650/3537/1839 2652/3536/1840
f 2652/3536/1840 2654/3539/1841 2653/3740/1841
f 2654/3539/1841 2656/3541/1842 2655/3741/1842
f 2655/3715/1842 2656/3800/1842 2658/3742/1843
f 2657/3719/1843 2658/3742/1843 2660/3743/1844
f 2659/3744/1844 2660/3545/1844 2662/3547/1845
f 2661/3745/1845 2662/3547/1845 2664/3549/1846
f 2663/3746/1846 2664/3549/1846 2666/3551/1847
f 2666/3551/1847 2668/3553/1848 2667/3748/1848
f 2668/3553/1848 2670/3555/1849 2669/3749/1849
f 2670/3555/1849 2672/3531/1850 2671/3750/1850
f 2671/3750/1850 2672/3531/1850 2641/3530/1835
f 2498/3752/1851 2638/3801/1701 2625/3557/1693
f 2505/3753/1852 2640/3802/1690 2627/3754/1720
f 2626/3756/1722 2628/3759/1718 2511/3757/1854
f 2627/3754/1720 2629/3803/1716 2503/3758/1855
f 2628/3759/1718 2630/3804/1714 2510/3760/1856
f 2503/3758/1855 2629/3803/1716 2631/3761/1713
f 2510/3760/1856 2630/3804/1714 2632/3763/1711
f 2502/3762/1857 2631/3761/1713 2633/3765/1708
f 2509/3764/1858 2632/3763/1711 2634/3767/1707
f 2633/3765/1708 2635/3771/1704 2500/3769/1861
f 2634/3767/1707 2636/3773/1702 2507/3770/1862
f 2635/3771/1704 2637/3775/1699 2499/3772/1863
f 2636/3773/1702 2639/3776/1688 2506/3774/1864
f 2637/3775/1699 2638/3801/1701 2498/3752/1851
f 2639/3776/1688 2640/3802/1690 2505/3753/1852
