# Blender 5.1.1
# www.blender.org
mtllib cannon100mm.mtl
o Cannon100mm
v 0.000000 0.055000 -3.006858
v 0.010730 0.053943 -3.006858
v 0.021048 0.050813 -3.006858
v 0.030556 0.045731 -3.006858
v 0.038891 0.038891 -3.006858
v 0.045731 0.030556 -3.006858
v 0.050813 0.021048 -3.006858
v 0.053943 0.010730 -3.006858
v 0.055000 0.000000 -3.006858
v 0.053943 -0.010730 -3.006858
v 0.050813 -0.021048 -3.006858
v 0.045731 -0.030556 -3.006858
v 0.038891 -0.038891 -3.006858
v 0.030556 -0.045731 -3.006858
v 0.021048 -0.050813 -3.006858
v 0.010730 -0.053943 -3.006858
v 0.000000 -0.055000 -3.006858
v -0.010730 -0.053943 -3.006858
v -0.021048 -0.050813 -3.006858
v -0.030556 -0.045731 -3.006858
v -0.038891 -0.038891 -3.006858
v -0.045731 -0.030556 -3.006858
v -0.050813 -0.021048 -3.006858
v -0.053943 -0.010730 -3.006858
v -0.055000 0.000000 -3.006858
v -0.053943 0.010730 -3.006858
v -0.050813 0.021048 -3.006858
v -0.045731 0.030556 -3.006858
v -0.038891 0.038891 -3.006858
v -0.030556 0.045731 -3.006858
v -0.021048 0.050813 -3.006858
v -0.010730 0.053943 -3.006858
v 0.000000 0.055000 -1.506858
v 0.010730 0.053943 -1.506858
v 0.021048 0.050813 -1.506858
v 0.030556 0.045731 -1.506858
v 0.038891 0.038891 -1.506858
v 0.045731 0.030556 -1.506858
v 0.050813 0.021048 -1.506858
v 0.053943 0.010730 -1.506858
v 0.055000 0.000000 -1.506858
v 0.053943 -0.010730 -1.506858
v 0.050813 -0.021048 -1.506858
v 0.045731 -0.030556 -1.506858
v 0.038891 -0.038891 -1.506858
v 0.030556 -0.045731 -1.506858
v 0.021048 -0.050813 -1.506858
v 0.010730 -0.053943 -1.506858
v 0.000000 -0.055000 -1.506858
v -0.010730 -0.053943 -1.506858
v -0.021048 -0.050813 -1.506858
v -0.030556 -0.045731 -1.506858
v -0.038891 -0.038891 -1.506858
v -0.045731 -0.030556 -1.506858
v -0.050813 -0.021048 -1.506858
v -0.053943 -0.010730 -1.506858
v -0.055000 0.000000 -1.506858
v -0.053943 0.010730 -1.506858
v -0.050813 0.021048 -1.506858
v -0.045731 0.030556 -1.506858
v -0.038891 0.038891 -1.506858
v -0.030556 0.045731 -1.506858
v -0.021048 0.050813 -1.506858
v -0.010730 0.053943 -1.506858
v 0.012150 0.061082 -0.000001
v 0.000000 0.062279 -0.000001
v -0.052922 0.130126 0.000266
v 0.023833 0.057538 -0.000001
v 0.034600 0.051783 -0.000001
v 0.044038 0.044038 -0.000001
v 0.051783 0.034600 -0.000001
v 0.057538 0.023833 -0.000001
v 0.061082 0.012150 -0.000001
v 0.062279 -0.000000 -0.000001
v 0.061082 -0.012150 -0.000001
v 0.057538 -0.023833 -0.000001
v 0.051783 -0.034600 -0.000001
v 0.044038 -0.044038 -0.000001
v 0.034600 -0.051783 -0.000001
v 0.023833 -0.057538 -0.000001
v 0.012150 -0.061082 -0.000001
v 0.000000 -0.062279 -0.000001
v -0.012150 -0.061082 -0.000001
v -0.023833 -0.057538 -0.000001
v -0.034600 -0.051783 -0.000001
v -0.044038 -0.044038 -0.000001
v -0.051783 -0.034600 -0.000001
v -0.057538 -0.023833 -0.000001
v -0.061082 -0.012150 -0.000001
v -0.062279 -0.000000 -0.000001
v -0.061082 0.012150 -0.000001
v -0.057538 0.023833 -0.000001
v -0.051783 0.034600 -0.000001
v -0.044038 0.044038 -0.000001
v -0.034600 0.051783 -0.000001
v -0.023833 0.057538 -0.000001
v -0.012150 0.061082 -0.000001
v 0.000000 0.065000 -0.906858
v -0.077052 0.117229 0.000266
v 0.012681 0.063751 -0.906858
v -0.098202 0.099871 0.000266
v 0.024874 0.060052 -0.906858
v -0.115559 0.078721 0.000266
v 0.036112 0.054046 -0.906858
v -0.128457 0.054592 0.000266
v 0.045962 0.045962 -0.906858
v -0.136399 0.028409 0.000266
v 0.054046 0.036112 -0.906858
v -0.139081 0.001180 0.000266
v 0.060052 0.024874 -0.906858
v -0.136399 -0.026048 0.000266
v 0.063751 0.012681 -0.906858
v -0.128457 -0.052231 0.000266
v 0.065000 0.000000 -0.906858
v -0.115559 -0.076360 0.000266
v 0.063751 -0.012681 -0.906858
v -0.098202 -0.097510 0.000266
v 0.060052 -0.024874 -0.906858
v -0.077052 -0.114868 0.000266
v 0.054046 -0.036112 -0.906858
v -0.052922 -0.127765 0.000266
v 0.045962 -0.045962 -0.906858
v -0.026740 -0.135708 0.000266
v 0.036112 -0.054046 -0.906858
v 0.000489 -0.138389 0.000266
v 0.024874 -0.060052 -0.906858
v 0.027718 -0.135708 0.000266
v 0.012681 -0.063751 -0.906858
v 0.053900 -0.127765 0.000266
v 0.000000 -0.065000 -0.906858
v 0.078030 -0.114868 0.000266
v -0.012681 -0.063751 -0.906858
v 0.099180 -0.097510 0.000266
v -0.024874 -0.060052 -0.906858
v 0.116537 -0.076360 0.000266
v -0.036112 -0.054046 -0.906858
v 0.129435 -0.052231 0.000266
v -0.045962 -0.045962 -0.906858
v 0.137377 -0.026048 0.000266
v -0.054046 -0.036112 -0.906858
v 0.140059 0.001180 0.000266
v -0.060052 -0.024874 -0.906858
v 0.137377 0.028409 0.000266
v -0.063751 -0.012681 -0.906858
v 0.129435 0.054592 0.000266
v -0.065000 0.000000 -0.906858
v 0.116537 0.078721 0.000266
v -0.063751 0.012681 -0.906858
v 0.099180 0.099871 0.000266
v -0.060052 0.024874 -0.906858
v 0.078030 0.117229 0.000266
v -0.054046 0.036112 -0.906858
v 0.053900 0.130126 0.000266
v -0.045962 0.045962 -0.906858
v -0.036112 0.054046 -0.906858
v 0.000489 0.140750 0.000266
v -0.024874 0.060052 -0.906858
v 0.027718 0.138069 0.000266
v -0.012681 0.063751 -0.906858
v 0.016052 0.080697 0.000177
v 0.000000 0.082278 0.000177
v 0.000000 0.085000 -0.306769
v 0.031486 0.076015 0.000177
v 0.045711 0.068412 0.000177
v 0.058179 0.058179 0.000177
v 0.068412 0.045711 0.000177
v 0.076015 0.031486 0.000177
v 0.080697 0.016052 0.000177
v 0.082278 -0.000000 0.000177
v 0.080697 -0.016052 0.000177
v 0.076015 -0.031486 0.000177
v 0.068412 -0.045711 0.000177
v 0.058179 -0.058179 0.000177
v 0.045711 -0.068412 0.000177
v 0.031486 -0.076015 0.000177
v 0.016052 -0.080697 0.000177
v 0.000000 -0.082278 0.000177
v -0.016052 -0.080697 0.000177
v -0.047134 -0.113792 0.000168
v -0.045711 -0.068412 0.000177
v -0.058179 -0.058179 0.000177
v -0.068412 -0.045711 0.000177
v -0.076015 -0.031486 0.000177
v -0.080697 -0.016052 0.000177
v -0.082278 -0.000000 0.000177
v -0.080697 0.016052 0.000177
v -0.076015 0.031486 0.000177
v -0.068412 0.045711 0.000177
v -0.058179 0.058179 0.000177
v -0.045711 0.068412 0.000177
v -0.031486 0.076015 0.000177
v -0.016052 0.080697 0.000177
v 0.016583 0.083367 -0.306769
v 0.032528 0.078530 -0.306769
v 0.047223 0.070675 -0.306769
v 0.060104 0.060104 -0.306769
v 0.070675 0.047223 -0.306769
v 0.078530 0.032528 -0.306769
v 0.083367 0.016583 -0.306769
v 0.085000 0.000000 -0.306769
v 0.083367 -0.016583 -0.306769
v 0.078530 -0.032528 -0.306769
v 0.070675 -0.047223 -0.306769
v 0.060104 -0.060104 -0.306769
v 0.047223 -0.070675 -0.306769
v 0.032528 -0.078530 -0.306769
v 0.016583 -0.083367 -0.306769
v 0.000000 -0.085000 -0.306769
v -0.016583 -0.083367 -0.306769
v -0.032528 -0.078530 -0.306769
v -0.047223 -0.070675 -0.306769
v -0.060104 -0.060104 -0.306769
v -0.070675 -0.047223 -0.306769
v -0.078530 -0.032528 -0.306769
v -0.083367 -0.016583 -0.306769
v -0.085000 0.000000 -0.306769
v -0.083367 0.016583 -0.306769
v -0.078530 0.032528 -0.306769
v -0.070675 0.047223 -0.306769
v -0.060104 0.060104 -0.306769
v -0.047223 0.070675 -0.306769
v -0.032528 0.078530 -0.306769
v -0.016583 0.083367 -0.306769
v -0.026740 0.138069 0.000266
v 0.000010 0.095970 -0.300169
v 0.000000 0.088386 -0.306739
v 0.000003 0.093347 -0.304790
v 0.017243 0.086689 -0.306739
v 0.018728 0.094126 -0.300170
v 0.018213 0.091553 -0.304791
v 0.033824 0.081659 -0.306739
v 0.036727 0.088666 -0.300170
v 0.035723 0.086242 -0.304791
v 0.049105 0.073491 -0.306739
v 0.053314 0.079800 -0.300170
v 0.051860 0.077616 -0.304791
v 0.062499 0.062499 -0.306739
v 0.067854 0.067868 -0.300169
v 0.066004 0.066008 -0.304790
v 0.073490 0.049104 -0.306739
v 0.079786 0.053329 -0.300168
v 0.077612 0.051864 -0.304790
v 0.081657 0.033823 -0.306739
v 0.088652 0.036742 -0.300167
v 0.086237 0.035727 -0.304790
v 0.086685 0.017243 -0.306739
v 0.094112 0.018743 -0.300165
v 0.091548 0.018217 -0.304789
v 0.088382 0.000000 -0.306739
v 0.095956 0.000025 -0.300163
v 0.093341 0.000007 -0.304789
v 0.086683 -0.017242 -0.306739
v 0.094113 -0.018693 -0.300162
v 0.091548 -0.018202 -0.304788
v 0.081652 -0.033821 -0.306739
v 0.088653 -0.036692 -0.300160
v 0.086236 -0.035711 -0.304788
v 0.073483 -0.049100 -0.306739
v 0.079787 -0.053280 -0.300158
v 0.077610 -0.051848 -0.304787
v 0.062491 -0.062491 -0.306739
v 0.067855 -0.067820 -0.300156
v 0.066002 -0.065992 -0.304787
v 0.049098 -0.073481 -0.306739
v 0.053316 -0.079752 -0.300154
v 0.051858 -0.077599 -0.304786
v 0.033819 -0.081647 -0.306739
v 0.036728 -0.088619 -0.300152
v 0.035721 -0.086224 -0.304786
v 0.017241 -0.086675 -0.306739
v 0.018729 -0.094079 -0.300151
v 0.018212 -0.091535 -0.304785
v 0.000000 -0.088372 -0.306739
v 0.000010 -0.095923 -0.300150
v 0.000003 -0.093329 -0.304785
v -0.017240 -0.086674 -0.306739
v -0.018708 -0.094079 -0.300150
v -0.018206 -0.091535 -0.304785
v -0.033818 -0.081645 -0.306739
v -0.036707 -0.088619 -0.300149
v -0.035715 -0.086224 -0.304785
v -0.049097 -0.073478 -0.306739
v -0.053295 -0.079752 -0.300150
v -0.051852 -0.077599 -0.304785
v -0.062488 -0.062488 -0.306739
v -0.067835 -0.067820 -0.300150
v -0.065995 -0.065991 -0.304785
v -0.073479 -0.049097 -0.306739
v -0.079767 -0.053280 -0.300151
v -0.077603 -0.051847 -0.304785
v -0.081647 -0.033819 -0.306739
v -0.088633 -0.036692 -0.300152
v -0.086229 -0.035711 -0.304786
v -0.086677 -0.017241 -0.306739
v -0.094093 -0.018693 -0.300154
v -0.091540 -0.018202 -0.304786
v -0.088376 0.000000 -0.306739
v -0.095936 0.000025 -0.300156
v -0.093334 0.000007 -0.304787
v -0.086680 0.017242 -0.306739
v -0.094093 0.018743 -0.300158
v -0.091541 0.018217 -0.304787
v -0.081652 0.033821 -0.306739
v -0.088632 0.036742 -0.300160
v -0.086230 0.035726 -0.304788
v -0.073486 0.049102 -0.306739
v -0.079766 0.053330 -0.300162
v -0.077605 0.051863 -0.304788
v -0.062496 0.062496 -0.306739
v -0.067833 0.067869 -0.300163
v -0.065997 0.066008 -0.304789
v -0.049103 0.073488 -0.306739
v -0.053294 0.079801 -0.300165
v -0.051853 0.077616 -0.304789
v -0.033823 0.081657 -0.306739
v -0.036706 0.088667 -0.300167
v -0.035716 0.086241 -0.304790
v -0.017243 0.086687 -0.306739
v -0.018708 0.094127 -0.300168
v -0.018207 0.091553 -0.304790
v 0.013642 0.068584 -0.906858
v 0.016583 0.083367 -0.891858
v 0.015721 0.079037 -0.902464
v 0.026760 0.064605 -0.906858
v 0.032528 0.078530 -0.891858
v 0.030839 0.074451 -0.902464
v 0.038850 0.058143 -0.906858
v 0.047223 0.070675 -0.891858
v 0.044771 0.067004 -0.902464
v 0.049446 0.049446 -0.906858
v 0.060104 0.060104 -0.891858
v 0.056982 0.056982 -0.902464
v 0.058143 0.038850 -0.906858
v 0.070675 0.047223 -0.891858
v 0.067004 0.044771 -0.902464
v 0.064605 0.026760 -0.906858
v 0.078530 0.032528 -0.891858
v 0.074451 0.030839 -0.902464
v 0.068584 0.013642 -0.906858
v 0.083367 0.016583 -0.891858
v 0.079037 0.015721 -0.902464
v 0.069927 0.000000 -0.906858
v 0.085000 0.000000 -0.891858
v 0.080585 0.000000 -0.902464
v 0.068584 -0.013642 -0.906858
v 0.083367 -0.016583 -0.891858
v 0.079037 -0.015721 -0.902464
v 0.064605 -0.026760 -0.906858
v 0.078530 -0.032528 -0.891858
v 0.074451 -0.030839 -0.902464
v 0.058143 -0.038850 -0.906858
v 0.070675 -0.047223 -0.891858
v 0.067004 -0.044771 -0.902464
v 0.049446 -0.049446 -0.906858
v 0.060104 -0.060104 -0.891858
v 0.056982 -0.056982 -0.902464
v 0.038850 -0.058143 -0.906858
v 0.047223 -0.070675 -0.891858
v 0.044771 -0.067004 -0.902464
v 0.026760 -0.064604 -0.906858
v 0.032528 -0.078530 -0.891858
v 0.030839 -0.074451 -0.902464
v 0.013642 -0.068584 -0.906858
v 0.016583 -0.083367 -0.891858
v 0.015721 -0.079037 -0.902464
v 0.000000 -0.069927 -0.906858
v 0.000000 -0.085000 -0.891858
v 0.000000 -0.080585 -0.902464
v -0.013642 -0.068584 -0.906858
v -0.016583 -0.083367 -0.891858
v -0.015721 -0.079037 -0.902464
v -0.026760 -0.064604 -0.906858
v -0.032528 -0.078530 -0.891858
v -0.030839 -0.074451 -0.902464
v -0.038850 -0.058143 -0.906858
v -0.047223 -0.070675 -0.891858
v -0.044771 -0.067004 -0.902464
v -0.049446 -0.049446 -0.906858
v -0.060104 -0.060104 -0.891858
v -0.056982 -0.056982 -0.902464
v -0.058143 -0.038850 -0.906858
v -0.070675 -0.047223 -0.891858
v -0.067004 -0.044771 -0.902464
v -0.064605 -0.026760 -0.906858
v -0.078530 -0.032528 -0.891858
v -0.074451 -0.030839 -0.902464
v -0.068584 -0.013642 -0.906858
v -0.083367 -0.016583 -0.891858
v -0.079037 -0.015721 -0.902464
v -0.069927 0.000000 -0.906858
v -0.085000 0.000000 -0.891858
v -0.080585 0.000000 -0.902464
v -0.068584 0.013642 -0.906858
v -0.083367 0.016583 -0.891858
v -0.079037 0.015721 -0.902464
v -0.064605 0.026760 -0.906858
v -0.078530 0.032528 -0.891858
v -0.074451 0.030839 -0.902464
v -0.058143 0.038850 -0.906858
v -0.070675 0.047223 -0.891858
v -0.067004 0.044771 -0.902464
v -0.049446 0.049446 -0.906858
v -0.060104 0.060104 -0.891858
v -0.056982 0.056982 -0.902464
v -0.038850 0.058143 -0.906858
v -0.047223 0.070675 -0.891858
v -0.044771 0.067004 -0.902464
v -0.026760 0.064605 -0.906858
v -0.032528 0.078530 -0.891858
v -0.030839 0.074451 -0.902464
v -0.013642 0.068584 -0.906858
v -0.016583 0.083367 -0.891858
v -0.015721 0.079037 -0.902464
v 0.000000 0.085000 -0.891858
v 0.000000 0.069927 -0.906858
v 0.000000 0.080585 -0.902464
v 0.000000 0.065000 -1.498858
v 0.000000 0.056961 -1.506858
v 0.000000 0.062646 -1.504515
v 0.011113 0.055867 -1.506858
v 0.012681 0.063751 -1.498858
v 0.012222 0.061442 -1.504515
v 0.021798 0.052625 -1.506858
v 0.024874 0.060052 -1.498858
v 0.023973 0.057877 -1.504515
v 0.031646 0.047362 -1.506858
v 0.036112 0.054046 -1.498858
v 0.034804 0.052088 -1.504515
v 0.040278 0.040278 -1.506858
v 0.045962 0.045962 -1.498858
v 0.044297 0.044297 -1.504515
v 0.047362 0.031646 -1.506858
v 0.054046 0.036112 -1.498858
v 0.052088 0.034804 -1.504515
v 0.052625 0.021798 -1.506858
v 0.060052 0.024874 -1.498858
v 0.057877 0.023973 -1.504515
v 0.055867 0.011113 -1.506858
v 0.063751 0.012681 -1.498858
v 0.061442 0.012222 -1.504515
v 0.056961 0.000000 -1.506858
v 0.065000 0.000000 -1.498858
v 0.062646 0.000000 -1.504515
v 0.055867 -0.011113 -1.506858
v 0.063751 -0.012681 -1.498858
v 0.061442 -0.012222 -1.504515
v 0.052625 -0.021798 -1.506858
v 0.060052 -0.024874 -1.498858
v 0.057877 -0.023973 -1.504515
v 0.047362 -0.031646 -1.506858
v 0.054046 -0.036112 -1.498858
v 0.052088 -0.034804 -1.504515
v 0.040278 -0.040278 -1.506858
v 0.045962 -0.045962 -1.498858
v 0.044297 -0.044297 -1.504515
v 0.031646 -0.047362 -1.506858
v 0.036112 -0.054045 -1.498858
v 0.034804 -0.052088 -1.504515
v 0.021798 -0.052625 -1.506858
v 0.024874 -0.060052 -1.498858
v 0.023973 -0.057877 -1.504515
v 0.011113 -0.055867 -1.506858
v 0.012681 -0.063751 -1.498858
v 0.012222 -0.061442 -1.504515
v 0.000000 -0.056961 -1.506858
v 0.000000 -0.065000 -1.498858
v 0.000000 -0.062645 -1.504515
v -0.011113 -0.055867 -1.506858
v -0.012681 -0.063751 -1.498858
v -0.012222 -0.061442 -1.504515
v -0.021798 -0.052625 -1.506858
v -0.024874 -0.060052 -1.498858
v -0.023973 -0.057877 -1.504515
v -0.031646 -0.047362 -1.506858
v -0.036112 -0.054045 -1.498858
v -0.034804 -0.052088 -1.504515
v -0.040278 -0.040278 -1.506858
v -0.045962 -0.045962 -1.498858
v -0.044297 -0.044297 -1.504515
v -0.047362 -0.031646 -1.506858
v -0.054046 -0.036112 -1.498858
v -0.052088 -0.034804 -1.504515
v -0.052625 -0.021798 -1.506858
v -0.060052 -0.024874 -1.498858
v -0.057877 -0.023973 -1.504515
v -0.055867 -0.011113 -1.506858
v -0.063751 -0.012681 -1.498858
v -0.061442 -0.012222 -1.504515
v -0.056961 0.000000 -1.506858
v -0.065000 0.000000 -1.498858
v -0.062646 0.000000 -1.504515
v -0.055867 0.011113 -1.506858
v -0.063751 0.012681 -1.498858
v -0.061442 0.012222 -1.504515
v -0.052625 0.021798 -1.506858
v -0.060052 0.024874 -1.498858
v -0.057877 0.023973 -1.504515
v -0.047362 0.031646 -1.506858
v -0.054046 0.036112 -1.498858
v -0.052088 0.034804 -1.504515
v -0.040278 0.040278 -1.506858
v -0.045962 0.045962 -1.498858
v -0.044297 0.044297 -1.504515
v -0.031646 0.047362 -1.506858
v -0.036112 0.054046 -1.498858
v -0.034804 0.052088 -1.504515
v -0.021798 0.052625 -1.506858
v -0.024874 0.060052 -1.498858
v -0.023973 0.057877 -1.504515
v -0.011113 0.055867 -1.506858
v -0.012681 0.063751 -1.498858
v -0.012222 0.061442 -1.504515
vn -0.0000 -0.0000 -1.0000
vn -0.0980 0.9952 -0.0000
vn -0.2903 0.9569 -0.0000
vn -0.4714 0.8819 -0.0000
vn -0.6344 0.7730 -0.0000
vn -0.7730 0.6344 -0.0000
vn -0.8819 0.4714 -0.0000
vn -0.9569 0.2903 -0.0000
vn -0.9952 0.0980 -0.0000
vn -0.9952 -0.0980 -0.0000
vn -0.9569 -0.2903 -0.0000
vn -0.8819 -0.4714 -0.0000
vn -0.7730 -0.6344 -0.0000
vn -0.6344 -0.7730 -0.0000
vn -0.4714 -0.8819 -0.0000
vn -0.2903 -0.9569 -0.0000
vn -0.0980 -0.9952 -0.0000
vn 0.0980 -0.9952 -0.0000
vn 0.2903 -0.9569 -0.0000
vn 0.4714 -0.8819 -0.0000
vn 0.6344 -0.7730 -0.0000
vn 0.7730 -0.6344 -0.0000
vn 0.8819 -0.4714 -0.0000
vn 0.9569 -0.2903 -0.0000
vn 0.9952 -0.0980 -0.0000
vn 0.9952 0.0980 -0.0000
vn 0.9569 0.2903 -0.0000
vn 0.8819 0.4714 -0.0000
vn 0.7730 0.6344 -0.0000
vn 0.6344 0.7730 -0.0000
vn 0.4714 0.8819 -0.0000
vn 0.2903 0.9569 -0.0000
vn 0.0980 0.9952 -0.0000
vn -0.0042 0.0079 1.0000
vn -0.0057 0.0069 1.0000
vn -0.0069 0.0057 1.0000
vn -0.0079 0.0042 1.0000
vn -0.0085 0.0026 1.0000
vn -0.0089 0.0009 1.0000
vn -0.0089 -0.0009 1.0000
vn -0.0085 -0.0026 1.0000
vn -0.0079 -0.0042 1.0000
vn 0.0009 -0.0089 1.0000
vn -0.0069 -0.0057 1.0000
vn 0.0026 -0.0085 1.0000
vn -0.0057 -0.0069 1.0000
vn 0.0042 -0.0079 1.0000
vn -0.0042 -0.0079 1.0000
vn 0.0057 -0.0069 1.0000
vn -0.0000 -0.0000 1.0000
vn -0.0026 -0.0085 1.0000
vn 0.0069 -0.0057 1.0000
vn 0.0079 -0.0042 1.0000
vn -0.0009 -0.0089 1.0000
vn 0.0085 -0.0026 1.0000
vn 0.0089 -0.0009 1.0000
vn 0.0089 0.0009 1.0000
vn 0.0085 0.0026 1.0000
vn 0.0079 0.0042 1.0000
vn 0.0069 0.0057 1.0000
vn 0.0057 0.0069 1.0000
vn 0.0083 -0.0005 1.0000
vn 0.0026 0.0085 1.0000
vn 0.0009 0.0089 1.0000
vn -0.0009 0.0089 1.0000
vn -0.0026 0.0085 1.0000
vn -0.0010 0.0012 1.0000
vn -0.0012 0.0010 1.0000
vn -0.0014 0.0007 1.0000
vn -0.0015 0.0005 1.0000
vn -0.0015 0.0002 1.0000
vn -0.0015 -0.0002 1.0000
vn -0.0015 -0.0004 1.0000
vn -0.0014 -0.0007 1.0000
vn 0.0001 -0.0015 1.0000
vn -0.0012 -0.0010 1.0000
vn 0.0004 -0.0015 1.0000
vn -0.0010 -0.0012 1.0000
vn 0.0007 -0.0014 1.0000
vn -0.0007 -0.0013 1.0000
vn 0.0010 -0.0012 1.0000
vn -0.0004 -0.0015 1.0000
vn 0.0012 -0.0010 1.0000
vn 0.0014 -0.0007 1.0000
vn -0.0007 0.0014 1.0000
vn -0.0005 0.0015 1.0000
vn -0.0002 0.0016 1.0000
vn 0.0002 0.0016 1.0000
vn -0.0025 0.0021 1.0000
vn 0.0031 0.0057 1.0000
vn 0.0010 0.0012 1.0000
vn 0.0012 0.0010 1.0000
vn 0.0014 0.0007 1.0000
vn 0.0015 0.0005 1.0000
vn 0.0016 0.0002 1.0000
vn 0.0016 -0.0002 1.0000
vn 0.0015 -0.0005 1.0000
vn -0.0001 -0.0015 1.0000
vn -0.0854 0.8666 -0.4917
vn -0.0360 0.3654 -0.9301
vn -0.2528 0.8334 -0.4914
vn -0.1066 0.3514 -0.9301
vn -0.4107 0.7683 -0.4910
vn -0.1732 0.3240 -0.9301
vn -0.5528 0.6736 -0.4906
vn -0.2331 0.2840 -0.9300
vn -0.6739 0.5530 -0.4900
vn -0.2842 0.2332 -0.9300
vn -0.7691 0.4110 -0.4895
vn -0.3243 0.1733 -0.9299
vn -0.8348 0.2532 -0.4889
vn -0.3520 0.1067 -0.9299
vn -0.8684 0.0855 -0.4884
vn -0.3662 0.0360 -0.9299
vn -0.8687 -0.0856 -0.4879
vn -0.3663 -0.0361 -0.9298
vn -0.8356 -0.2535 -0.4874
vn -0.3523 -0.1069 -0.9298
vn -0.7703 -0.4117 -0.4870
vn -0.3247 -0.1736 -0.9297
vn -0.6753 -0.5542 -0.4867
vn -0.2847 -0.2337 -0.9297
vn -0.5543 -0.6754 -0.4865
vn -0.2337 -0.2847 -0.9297
vn -0.4119 -0.7706 -0.4864
vn -0.1736 -0.3249 -0.9297
vn -0.2536 -0.8361 -0.4864
vn -0.1069 -0.3525 -0.9297
vn -0.0856 -0.8695 -0.4865
vn -0.0361 -0.3666 -0.9297
vn 0.0856 -0.8694 -0.4867
vn 0.0361 -0.3665 -0.9297
vn 0.2535 -0.8358 -0.4870
vn 0.1069 -0.3524 -0.9297
vn 0.4116 -0.7701 -0.4874
vn 0.1735 -0.3247 -0.9298
vn 0.5537 -0.6748 -0.4879
vn 0.2334 -0.2845 -0.9298
vn 0.6745 -0.5536 -0.4884
vn 0.2844 -0.2334 -0.9299
vn 0.7693 -0.4112 -0.4889
vn 0.3244 -0.1734 -0.9299
vn 0.8344 -0.2532 -0.4895
vn 0.3518 -0.1068 -0.9300
vn 0.8675 -0.0855 -0.4901
vn 0.3658 -0.0361 -0.9300
vn 0.8672 0.0854 -0.4906
vn 0.3657 0.0360 -0.9300
vn 0.8336 0.2529 -0.4910
vn 0.3515 0.1066 -0.9301
vn 0.7681 0.4105 -0.4914
vn 0.3239 0.1731 -0.9301
vn 0.6731 0.5524 -0.4917
vn 0.2838 0.2329 -0.9301
vn 0.5523 0.6730 -0.4919
vn 0.2329 0.2838 -0.9302
vn 0.4104 0.7678 -0.4921
vn 0.1731 0.3238 -0.9302
vn 0.2527 0.8331 -0.4920
vn 0.1066 0.3513 -0.9302
vn 0.0853 0.8664 -0.4919
vn 0.0360 0.3654 -0.9302
vn -0.0970 0.9844 -0.1466
vn 0.0009 0.0089 -1.0000
vn 0.0970 0.9844 -0.1469
vn -0.0009 0.0089 -1.0000
vn 0.0026 0.0085 -1.0000
vn 0.2871 0.9465 -0.1470
vn 0.0042 0.0079 -1.0000
vn 0.4663 0.8723 -0.1470
vn 0.6275 0.7646 -0.1469
vn 0.0056 0.0069 -1.0000
vn 0.7647 0.6275 -0.1466
vn 0.0069 0.0057 -1.0000
vn 0.8725 0.4663 -0.1461
vn 0.0078 0.0042 -1.0000
vn 0.9467 0.2872 -0.1456
vn 0.0085 0.0026 -1.0000
vn 0.9847 0.0970 -0.1449
vn 0.0089 0.0009 -1.0000
vn 0.9848 -0.0970 -0.1442
vn 0.0089 -0.0009 -1.0000
vn 0.9470 -0.2873 -0.1434
vn 0.0085 -0.0026 -1.0000
vn 0.8729 -0.4666 -0.1426
vn 0.0078 -0.0042 -1.0000
vn 0.7652 -0.6280 -0.1419
vn 0.0069 -0.0056 -1.0000
vn 0.6280 -0.7653 -0.1411
vn 0.0057 -0.0069 -1.0000
vn 0.4667 -0.8732 -0.1405
vn 0.0042 -0.0079 -1.0000
vn 0.2874 -0.9475 -0.1399
vn 0.0026 -0.0085 -1.0000
vn 0.0971 -0.9855 -0.1395
vn 0.0009 -0.0089 -1.0000
vn -0.0971 -0.9855 -0.1392
vn -0.0009 -0.0089 -1.0000
vn -0.2875 -0.9477 -0.1390
vn -0.0026 -0.0085 -1.0000
vn -0.0042 -0.0079 -1.0000
vn -0.4668 -0.8734 -0.1390
vn -0.0057 -0.0069 -1.0000
vn -0.6282 -0.7655 -0.1392
vn -0.0069 -0.0056 -1.0000
vn -0.7655 -0.6282 -0.1395
vn -0.0079 -0.0042 -1.0000
vn -0.8732 -0.4668 -0.1399
vn -0.0085 -0.0026 -1.0000
vn -0.9475 -0.2874 -0.1405
vn -0.0089 -0.0009 -1.0000
vn -0.9852 -0.0970 -0.1411
vn -0.0089 0.0009 -1.0000
vn -0.9851 0.0970 -0.1418
vn -0.0085 0.0026 -1.0000
vn -0.9472 0.2873 -0.1426
vn -0.0079 0.0042 -1.0000
vn -0.8728 0.4665 -0.1434
vn -0.0069 0.0057 -1.0000
vn -0.7649 0.6278 -0.1442
vn -0.0056 0.0069 -1.0000
vn -0.6277 0.7648 -0.1449
vn -0.4664 0.8725 -0.1456
vn -0.0042 0.0078 -1.0000
vn -0.2872 0.9467 -0.1461
vn -0.0026 0.0085 -1.0000
vn -0.0906 0.9194 -0.3827
vn -0.0375 0.3808 -0.9239
vn -0.2682 0.8841 -0.3827
vn -0.1111 0.3662 -0.9239
vn -0.4355 0.8148 -0.3827
vn -0.1804 0.3375 -0.9239
vn -0.5861 0.7142 -0.3827
vn -0.2428 0.2958 -0.9239
vn -0.7142 0.5861 -0.3827
vn -0.2958 0.2428 -0.9239
vn -0.8148 0.4355 -0.3827
vn -0.3375 0.1804 -0.9239
vn -0.8841 0.2682 -0.3827
vn -0.3662 0.1111 -0.9239
vn -0.9194 0.0906 -0.3827
vn -0.3808 0.0375 -0.9239
vn -0.9194 -0.0906 -0.3827
vn -0.3808 -0.0375 -0.9239
vn -0.8841 -0.2682 -0.3827
vn -0.3662 -0.1111 -0.9239
vn -0.8148 -0.4355 -0.3827
vn -0.3375 -0.1804 -0.9239
vn -0.7142 -0.5861 -0.3827
vn -0.2958 -0.2428 -0.9239
vn -0.5861 -0.7142 -0.3827
vn -0.2428 -0.2958 -0.9239
vn -0.4355 -0.8148 -0.3827
vn -0.1804 -0.3375 -0.9239
vn -0.2682 -0.8841 -0.3827
vn -0.1111 -0.3662 -0.9239
vn -0.0906 -0.9194 -0.3827
vn -0.0375 -0.3808 -0.9239
vn 0.0906 -0.9194 -0.3827
vn 0.0375 -0.3808 -0.9239
vn 0.2682 -0.8841 -0.3827
vn 0.1111 -0.3662 -0.9239
vn 0.4355 -0.8148 -0.3827
vn 0.1804 -0.3375 -0.9239
vn 0.5861 -0.7142 -0.3827
vn 0.2428 -0.2958 -0.9239
vn 0.7142 -0.5861 -0.3827
vn 0.2958 -0.2428 -0.9239
vn 0.8148 -0.4355 -0.3827
vn 0.3375 -0.1804 -0.9239
vn 0.8841 -0.2682 -0.3827
vn 0.3662 -0.1111 -0.9239
vn 0.9194 -0.0906 -0.3827
vn 0.3808 -0.0375 -0.9239
vn 0.9194 0.0906 -0.3827
vn 0.3808 0.0375 -0.9239
vn 0.8841 0.2682 -0.3827
vn 0.3662 0.1111 -0.9239
vn 0.8148 0.4355 -0.3827
vn 0.3375 0.1804 -0.9239
vn 0.7142 0.5861 -0.3827
vn 0.2958 0.2428 -0.9239
vn 0.5861 0.7142 -0.3827
vn 0.2428 0.2958 -0.9239
vn 0.4355 0.8148 -0.3827
vn 0.1804 0.3375 -0.9239
vn 0.2682 0.8841 -0.3827
vn 0.1111 0.3662 -0.9239
vn 0.0906 0.9194 -0.3827
vn 0.0375 0.3808 -0.9239
vn 0.2958 0.2427 -0.9239
vn 0.0375 0.3809 -0.9239
vn -0.0000 -0.0002 -1.0000
vn -0.0000 -0.0001 -1.0000
vn -0.0000 0.0001 -1.0000
vn -0.0000 0.0002 -1.0000
vn 0.0042 0.0079 1.0000
vn -0.0062 0.0056 1.0000
vn 0.0019 0.0062 1.0000
vn 0.0033 -0.0003 1.0000
vn -0.1732 0.3239 -0.9301
vn -0.2841 0.2331 -0.9300
vn -0.3243 0.1733 -0.9300
vn -0.3661 0.0360 -0.9299
vn 0.5538 -0.6748 -0.4879
vn 0.2335 -0.2845 -0.9298
vn 0.8345 -0.2532 -0.4895
vn 0.3519 -0.1068 -0.9299
vn 0.8675 -0.0855 -0.4900
vn 0.2839 0.2329 -0.9301
vn 0.4104 0.7678 -0.4920
vn 0.2527 0.8331 -0.4921
vn 0.0042 0.0078 -1.0000
vn 0.0069 0.0056 -1.0000
vn 0.0079 0.0042 -1.0000
vn 0.0079 -0.0042 -1.0000
vn 0.7652 -0.6280 -0.1418
vn 0.0069 -0.0057 -1.0000
vn 0.0056 -0.0069 -1.0000
vn 0.0009 -0.0088 -1.0000
vn -0.0056 -0.0069 -1.0000
vn -0.0069 -0.0057 -1.0000
vn -0.0057 0.0069 -1.0000
vn -0.0042 0.0079 -1.0000
vn -0.0375 -0.3809 -0.9239
vn -0.0375 0.3809 -0.9239
vn -0.2958 0.2427 -0.9239
vn -0.2958 -0.2427 -0.9239
vn 0.0375 -0.3809 -0.9239
vn 0.2958 -0.2427 -0.9239
vt 0.796822 0.014612
vt 0.514612 0.203178
vt 0.703178 0.485388
vt 0.031250 0.500000
vt 0.000000 0.666667
vt 0.000000 0.500000
vt 0.062500 0.666667
vt 0.062500 0.500000
vt 0.093750 0.666667
vt 0.093750 0.500000
vt 0.125000 0.666667
vt 0.125000 0.500000
vt 0.156250 0.666667
vt 0.156250 0.500000
vt 0.187500 0.666667
vt 0.187500 0.500000
vt 0.218750 0.666667
vt 0.218750 0.500000
vt 0.250000 0.666667
vt 0.250000 0.500000
vt 0.281250 0.666667
vt 0.281250 0.500000
vt 0.312500 0.666667
vt 0.312500 0.500000
vt 0.343750 0.666667
vt 0.343750 0.500000
vt 0.375000 0.666667
vt 0.375000 0.500000
vt 0.406250 0.666667
vt 0.406250 0.500000
vt 0.437500 0.666667
vt 0.437500 0.500000
vt 0.468750 0.666667
vt 0.468750 0.500000
vt 0.500000 0.500000
vt 0.531250 0.666667
vt 0.531250 0.500000
vt 0.562500 0.666667
vt 0.562500 0.500000
vt 0.593750 0.666667
vt 0.593750 0.500000
vt 0.625000 0.666667
vt 0.625000 0.500000
vt 0.656250 0.666667
vt 0.656250 0.500000
vt 0.687500 0.666667
vt 0.687500 0.500000
vt 0.718750 0.666667
vt 0.718750 0.500000
vt 0.750000 0.666667
vt 0.750000 0.500000
vt 0.781250 0.666667
vt 0.781250 0.500000
vt 0.812500 0.666667
vt 0.812500 0.500000
vt 0.843750 0.666667
vt 0.843750 0.500000
vt 0.875000 0.500000
vt 0.906250 0.666667
vt 0.906250 0.500000
vt 0.937500 0.666667
vt 0.937500 0.500000
vt 0.968750 0.666667
vt 0.968750 0.500000
vt 1.000000 0.666667
vt 1.000000 0.500000
vt 0.341844 0.028269
vt 0.383337 0.050447
vt 0.419706 0.080294
vt 0.449553 0.116663
vt 0.471731 0.158156
vt 0.485388 0.203178
vt 0.490000 0.250000
vt 0.485388 0.296822
vt 0.471731 0.341844
vt 0.449553 0.383337
vt 0.250000 0.490000
vt 0.203178 0.485388
vt 0.419706 0.419706
vt 0.158156 0.471731
vt 0.383337 0.449553
vt 0.116663 0.449553
vt 0.341844 0.471731
vt 0.080294 0.419706
vt 0.158156 0.028269
vt 0.296822 0.485388
vt 0.050447 0.383337
vt 0.028269 0.341844
vt 0.014612 0.296822
vt 0.010000 0.250000
vt 0.014612 0.203178
vt 0.028269 0.158156
vt 0.050447 0.116663
vt 0.080294 0.080294
vt 0.116663 0.050447
vt 0.203178 0.014612
vt 0.250000 0.010000
vt 0.296822 0.014612
vt 0.031250 0.918435
vt 0.000267 0.916667
vt 0.031243 0.916667
vt 0.000000 0.916667
vt 0.031250 0.916667
vt 0.062500 0.918435
vt 0.062491 0.916667
vt 0.062500 0.916667
vt 0.093750 0.918435
vt 0.093739 0.916667
vt 0.093750 0.916667
vt 0.125000 0.918436
vt 0.124988 0.916667
vt 0.125000 0.916667
vt 0.156250 0.918436
vt 0.156237 0.916667
vt 0.156250 0.916667
vt 0.187500 0.918437
vt 0.187487 0.916667
vt 0.187500 0.916667
vt 0.218750 0.918438
vt 0.218737 0.916667
vt 0.218750 0.916667
vt 0.250000 0.918438
vt 0.249988 0.916667
vt 0.250000 0.916667
vt 0.281250 0.918439
vt 0.281239 0.916667
vt 0.281250 0.916667
vt 0.312500 0.918439
vt 0.312491 0.916667
vt 0.312500 0.916667
vt 0.343750 0.918439
vt 0.343743 0.916667
vt 0.343750 0.916667
vt 0.375000 0.918440
vt 0.374995 0.916667
vt 0.375000 0.916667
vt 0.406250 0.918440
vt 0.406247 0.916667
vt 0.406250 0.916667
vt 0.437500 0.918440
vt 0.437500 0.916667
vt 0.437500 0.916667
vt 0.468753 0.916667
vt 0.468750 0.918440
vt 0.468750 0.916667
vt 0.500005 0.916667
vt 0.500000 0.918440
vt 0.500000 0.916667
vt 0.531257 0.916667
vt 0.531250 0.918439
vt 0.531250 0.916667
vt 0.562509 0.916667
vt 0.562500 0.918439
vt 0.562500 0.916667
vt 0.593761 0.916667
vt 0.593750 0.918439
vt 0.593750 0.916667
vt 0.625012 0.916667
vt 0.625000 0.918438
vt 0.625000 0.916667
vt 0.656263 0.916667
vt 0.656250 0.918438
vt 0.656250 0.916667
vt 0.687513 0.916667
vt 0.687500 0.918437
vt 0.687500 0.916667
vt 0.718763 0.916667
vt 0.718750 0.918437
vt 0.718750 0.916667
vt 0.750012 0.916667
vt 0.750000 0.918436
vt 0.750000 0.916667
vt 0.781261 0.916667
vt 0.781250 0.918436
vt 0.781250 0.916667
vt 0.812509 0.916667
vt 0.812500 0.918435
vt 0.812500 0.916667
vt 0.843757 0.916667
vt 0.843750 0.918435
vt 0.843750 0.916667
vt 0.875005 0.916667
vt 0.875000 0.918435
vt 0.875000 0.916667
vt 0.906253 0.916667
vt 0.906250 0.918434
vt 0.906250 0.916667
vt 0.937500 0.916667
vt 0.937500 0.918434
vt 0.937500 0.916667
vt 0.968750 0.918434
vt 0.968748 0.916667
vt 0.968750 0.916667
vt 1.000000 0.918434
vt 0.999723 0.916667
vt 1.000000 0.916667
vt 0.031250 1.000000
vt 0.000000 0.918434
vt 1.000000 1.000000
vt 0.937500 0.916667
vt 0.968750 1.000000
vt 0.906250 0.916667
vt 0.906250 1.000000
vt 0.875000 1.000000
vt 0.843750 1.000000
vt 0.843750 0.916667
vt 0.812500 1.000000
vt 0.812500 0.916667
vt 0.781250 1.000000
vt 0.781250 0.916667
vt 0.750000 1.000000
vt 0.718750 1.000000
vt 0.687500 1.000000
vt 0.656250 1.000000
vt 0.625000 1.000000
vt 0.593750 1.000000
vt 0.562500 1.000000
vt 0.531250 1.000000
vt 0.500000 1.000000
vt 0.468750 1.000000
vt 0.468750 0.916667
vt 0.437500 1.000000
vt 0.406250 1.000000
vt 0.343750 0.916667
vt 0.375000 1.000000
vt 0.312500 0.916667
vt 0.343750 1.000000
vt 0.281250 0.916667
vt 0.312500 1.000000
vt 0.281250 1.000000
vt 0.250000 1.000000
vt 0.187500 0.916667
vt 0.218750 1.000000
vt 0.156250 0.916667
vt 0.187500 1.000000
vt 0.125000 0.916667
vt 0.156250 1.000000
vt 0.093750 0.916667
vt 0.125000 1.000000
vt 0.093750 1.000000
vt 0.062500 1.000000
vt 0.031250 0.835416
vt 0.000811 0.833333
vt 0.031250 0.833333
vt 0.000000 0.833333
vt 0.031250 0.833333
vt 0.062500 0.833333
vt 0.062500 0.835416
vt 0.062500 0.833333
vt 0.093750 0.835416
vt 0.093750 0.833333
vt 0.125000 0.835416
vt 0.125000 0.833333
vt 0.156250 0.833333
vt 0.156250 0.835416
vt 0.187500 0.833333
vt 0.187500 0.835416
vt 0.187500 0.833333
vt 0.218750 0.833333
vt 0.218750 0.835416
vt 0.250000 0.833333
vt 0.250000 0.835416
vt 0.281250 0.835416
vt 0.281250 0.833333
vt 0.312500 0.835416
vt 0.312500 0.833333
vt 0.343750 0.833333
vt 0.343750 0.835416
vt 0.375000 0.835416
vt 0.375000 0.833333
vt 0.375000 0.833333
vt 0.406250 0.835416
vt 0.406250 0.833333
vt 0.437500 0.833333
vt 0.437500 0.835416
vt 0.468750 0.833333
vt 0.468750 0.835416
vt 0.500000 0.833333
vt 0.500000 0.835416
vt 0.500000 0.833333
vt 0.531250 0.835416
vt 0.531250 0.833333
vt 0.531250 0.833333
vt 0.562500 0.835416
vt 0.562500 0.833333
vt 0.593750 0.835416
vt 0.593750 0.833333
vt 0.625000 0.833333
vt 0.625000 0.835416
vt 0.656250 0.833333
vt 0.656250 0.835416
vt 0.687500 0.833333
vt 0.687500 0.835416
vt 0.718750 0.835416
vt 0.718750 0.833333
vt 0.750000 0.833333
vt 0.750000 0.835416
vt 0.750000 0.833333
vt 0.781250 0.835416
vt 0.781250 0.833333
vt 0.812500 0.835416
vt 0.812500 0.833333
vt 0.812500 0.833333
vt 0.843750 0.835416
vt 0.843750 0.833333
vt 0.875000 0.835416
vt 0.875000 0.833333
vt 0.906250 0.835416
vt 0.906250 0.833333
vt 0.937500 0.833333
vt 0.937500 0.835416
vt 0.968750 0.835416
vt 0.968750 0.833333
vt 0.999189 0.833333
vt 1.000000 0.835416
vt 1.000000 0.833333
vt 0.875000 0.833333
vt 0.031250 0.833333
vt 0.000000 0.835416
vt 0.000000 0.668889
vt 0.031250 0.666667
vt 0.031250 0.668889
vt 0.000566 0.666667
vt 0.062500 0.668889
vt 0.093750 0.668889
vt 0.125000 0.668889
vt 0.156250 0.668889
vt 0.156250 0.666667
vt 0.187500 0.668889
vt 0.218750 0.668889
vt 0.250000 0.668889
vt 0.281250 0.668889
vt 0.312500 0.668889
vt 0.343750 0.668889
vt 0.375000 0.668889
vt 0.406250 0.668889
vt 0.437500 0.668889
vt 0.468750 0.668889
vt 0.500000 0.666667
vt 0.500000 0.668889
vt 0.531250 0.668889
vt 0.562500 0.668889
vt 0.593750 0.668889
vt 0.625000 0.668889
vt 0.656250 0.668889
vt 0.687500 0.668889
vt 0.718750 0.668889
vt 0.750000 0.668889
vt 0.750000 0.666667
vt 0.750000 0.666667
vt 0.781250 0.668889
vt 0.781250 0.666667
vt 0.812500 0.666667
vt 0.812500 0.668889
vt 0.843750 0.668889
vt 0.843750 0.666667
vt 0.875000 0.666667
vt 0.875000 0.668889
vt 0.906250 0.668889
vt 0.906250 0.666667
vt 0.937500 0.666667
vt 0.937500 0.668889
vt 0.968750 0.668889
vt 0.968750 0.666667
vt 1.000000 0.668889
vt 0.999434 0.666667
vt 0.750000 0.490000
vt 0.796822 0.485388
vt 0.841844 0.471731
vt 0.883337 0.449553
vt 0.919706 0.419706
vt 0.949553 0.383337
vt 0.971731 0.341844
vt 0.985388 0.296822
vt 0.990000 0.250000
vt 0.985388 0.203178
vt 0.971731 0.158156
vt 0.949553 0.116663
vt 0.919706 0.080294
vt 0.883337 0.050447
vt 0.841844 0.028269
vt 0.750000 0.010000
vt 0.703178 0.014612
vt 0.658156 0.028269
vt 0.616663 0.050447
vt 0.580294 0.080294
vt 0.550447 0.116663
vt 0.528269 0.158156
vt 0.510000 0.250000
vt 0.514612 0.296822
vt 0.528269 0.341844
vt 0.550447 0.383337
vt 0.580294 0.419706
vt 0.616663 0.449553
vt 0.658156 0.471731
vt 0.000000 1.000000
vt 0.937500 1.000000
s 0
usemtl Gray
f 16/1/1 24/2/1 32/3/1
f 32/4/2 33/5/2 1/6/2
f 63/7/3 32/4/3 31/8/3
f 62/9/4 31/8/4 30/10/4
f 61/11/5 30/10/5 29/12/5
f 60/13/6 29/12/6 28/14/6
f 59/15/7 28/14/7 27/16/7
f 58/17/8 27/16/8 26/18/8
f 57/19/9 26/18/9 25/20/9
f 56/21/10 25/20/10 24/22/10
f 55/23/11 24/22/11 23/24/11
f 54/25/12 23/24/12 22/26/12
f 53/27/13 22/26/13 21/28/13
f 52/29/14 21/28/14 20/30/14
f 51/31/15 20/30/15 19/32/15
f 50/33/16 19/32/16 18/34/16
f 17/35/17 50/33/17 18/34/17
f 48/36/18 17/35/18 16/37/18
f 47/38/19 16/37/19 15/39/19
f 46/40/20 15/39/20 14/41/20
f 45/42/21 14/41/21 13/43/21
f 44/44/22 13/43/22 12/45/22
f 43/46/23 12/45/23 11/47/23
f 42/48/24 11/47/24 10/49/24
f 41/50/25 10/49/25 9/51/25
f 40/52/26 9/51/26 8/53/26
f 39/54/27 8/53/27 7/55/27
f 38/56/28 7/55/28 6/57/28
f 5/58/29 38/56/29 6/57/29
f 36/59/30 5/58/30 4/60/30
f 35/61/31 4/60/31 3/62/31
f 34/63/32 3/62/32 2/64/32
f 33/65/33 2/64/33 1/66/33
f 80/67/34 174/68/34 79/68/34
f 78/69/35 174/68/35 173/69/35
f 78/69/36 172/70/36 77/70/36
f 77/70/37 171/71/37 76/71/37
f 76/71/38 170/72/38 75/72/38
f 75/72/39 169/73/39 74/73/39
f 74/73/40 168/74/40 73/74/40
f 73/74/41 167/75/41 72/75/41
f 71/76/42 167/75/42 166/76/42
f 66/77/43 192/78/43 97/78/43
f 70/79/44 166/76/44 165/79/44
f 97/78/45 191/80/45 96/80/45
f 70/79/46 164/81/46 69/81/46
f 96/80/47 190/82/47 95/82/47
f 68/83/48 164/81/48 163/83/48
f 94/84/49 190/82/49 189/84/49
f 84/85/50 76/71/50 68/83/50
f 65/86/51 163/83/51 160/86/51
f 94/84/52 188/87/52 93/87/52
f 93/87/53 187/88/53 92/88/53
f 65/86/54 161/77/54 66/77/54
f 92/88/55 186/89/55 91/89/55
f 91/89/56 185/90/56 90/90/56
f 90/90/57 184/91/57 89/91/57
f 89/91/58 183/92/58 88/92/58
f 87/93/59 183/92/59 182/93/59
f 86/94/60 182/93/60 181/94/60
f 86/94/61 180/95/61 85/95/61
f 84/85/62 180/95/62 179/85/62
f 84/85/63 178/96/63 83/96/63
f 83/96/64 177/97/64 82/97/64
f 81/98/65 177/97/65 176/98/65
f 80/67/66 176/98/66 175/67/66
f 173/69/67 131/68/67 133/69/67
f 172/70/68 133/69/68 135/70/68
f 171/71/69 135/70/69 137/71/69
f 170/72/70 137/71/70 139/72/70
f 169/73/71 139/72/71 141/73/71
f 168/74/72 141/73/72 143/74/72
f 167/75/73 143/74/73 145/75/73
f 166/76/74 145/75/74 147/76/74
f 161/77/75 224/78/75 192/78/75
f 165/79/76 147/76/76 149/79/76
f 192/78/77 67/80/77 191/80/77
f 164/81/78 149/79/78 151/81/78
f 191/80/79 99/82/79 190/82/79
f 163/83/80 151/81/80 153/83/80
f 190/82/81 101/84/81 189/84/81
f 163/83/82 158/86/82 160/86/82
f 189/84/83 103/87/83 188/87/83
f 188/87/84 105/88/84 187/88/84
f 174/68/85 129/67/85 131/68/85
f 175/67/86 127/98/86 129/67/86
f 176/98/87 125/97/87 127/98/87
f 177/97/88 123/96/88 125/97/88
f 179/85/89 123/96/89 178/96/89
f 179/85/90 119/95/90 121/85/90
f 181/94/91 119/95/91 180/95/91
f 182/93/92 117/94/92 181/94/92
f 183/92/93 115/93/93 182/93/93
f 184/91/94 113/92/94 183/92/94
f 185/90/95 111/91/95 184/91/95
f 186/89/96 109/90/96 185/90/96
f 187/88/97 107/89/97 186/89/97
f 160/86/98 156/77/98 161/77/98
f 319/99/99 227/100/99 320/101/99
f 320/101/100 226/102/100 318/103/100
f 316/104/101 320/101/101 317/105/101
f 317/105/102 318/103/102 315/106/102
f 313/107/103 317/105/103 314/108/103
f 314/108/104 315/106/104 312/109/104
f 310/110/105 314/108/105 311/111/105
f 311/111/106 312/109/106 309/112/106
f 307/113/107 311/111/107 308/114/107
f 308/114/108 309/112/108 306/115/108
f 304/116/109 308/114/109 305/117/109
f 305/117/110 306/115/110 303/118/110
f 301/119/111 305/117/111 302/120/111
f 302/120/112 303/118/112 300/121/112
f 298/122/113 302/120/113 299/123/113
f 299/123/114 300/121/114 297/124/114
f 295/125/115 299/123/115 296/126/115
f 296/126/116 297/124/116 294/127/116
f 292/128/117 296/126/117 293/129/117
f 293/129/118 294/127/118 291/130/118
f 289/131/119 293/129/119 290/132/119
f 290/132/120 291/130/120 288/133/120
f 286/134/121 290/132/121 287/135/121
f 287/135/122 288/133/122 285/136/122
f 283/137/123 287/135/123 284/138/123
f 284/138/124 285/136/124 282/139/124
f 280/140/125 284/138/125 281/141/125
f 281/141/126 282/139/126 279/142/126
f 280/140/127 278/143/127 277/144/127
f 281/141/128 276/145/128 278/143/128
f 277/144/129 275/146/129 274/147/129
f 278/143/130 273/148/130 275/146/130
f 274/147/131 272/149/131 271/150/131
f 275/146/132 270/151/132 272/149/132
f 271/150/133 269/152/133 268/153/133
f 272/149/134 267/154/134 269/152/134
f 268/153/135 266/155/135 265/156/135
f 269/152/136 264/157/136 266/155/136
f 265/156/137 263/158/137 262/159/137
f 266/155/138 261/160/138 263/158/138
f 262/159/139 260/161/139 259/162/139
f 263/158/140 258/163/140 260/161/140
f 259/162/141 257/164/141 256/165/141
f 260/161/142 255/166/142 257/164/142
f 256/165/143 254/167/143 253/168/143
f 257/164/144 252/169/144 254/167/144
f 253/168/145 251/170/145 250/171/145
f 254/167/146 249/172/146 251/170/146
f 250/171/147 248/173/147 247/174/147
f 251/170/148 246/175/148 248/173/148
f 247/174/149 245/176/149 244/177/149
f 248/173/150 243/178/150 245/176/150
f 244/177/151 242/179/151 241/180/151
f 245/176/152 240/181/152 242/179/152
f 241/180/153 239/182/153 238/183/153
f 242/179/154 237/184/154 239/182/154
f 238/183/155 236/185/155 235/186/155
f 239/182/156 234/187/156 236/185/156
f 235/186/157 233/188/157 232/189/157
f 236/185/158 231/190/158 233/188/158
f 229/191/159 233/188/159 230/192/159
f 230/192/160 231/190/160 228/193/160
f 225/194/161 230/192/161 227/195/161
f 227/195/162 228/193/162 226/196/162
f 224/197/163 225/198/163 319/99/163
f 193/193/164 226/196/164 228/193/164
f 156/199/165 229/191/165 225/194/165
f 162/102/166 318/103/166 226/102/166
f 194/200/167 228/193/167 231/190/167
f 158/201/168 232/189/168 229/191/168
f 194/200/169 234/187/169 195/202/169
f 232/189/170 151/203/170 235/186/170
f 235/186/171 149/204/171 238/183/171
f 195/202/172 237/184/172 196/184/172
f 238/183/173 147/205/173 241/180/173
f 196/184/174 240/181/174 197/206/174
f 241/180/175 145/207/175 244/177/175
f 197/206/176 243/178/176 198/208/176
f 244/177/177 143/209/177 247/174/177
f 198/208/178 246/175/178 199/210/178
f 247/174/179 141/211/179 250/171/179
f 199/210/180 249/172/180 200/172/180
f 250/171/181 139/212/181 253/168/181
f 200/172/182 252/169/182 201/169/182
f 253/168/183 137/213/183 256/165/183
f 201/169/184 255/166/184 202/166/184
f 256/165/185 135/214/185 259/162/185
f 202/166/186 258/163/186 203/163/186
f 259/162/187 133/215/187 262/159/187
f 203/163/188 261/160/188 204/160/188
f 262/159/189 131/216/189 265/156/189
f 204/160/190 264/157/190 205/157/190
f 265/156/191 129/217/191 268/153/191
f 205/157/192 267/154/192 206/154/192
f 268/153/193 127/218/193 271/150/193
f 206/154/194 270/151/194 207/151/194
f 271/150/195 125/219/195 274/147/195
f 207/151/196 273/148/196 208/148/196
f 274/147/197 123/220/197 277/144/197
f 208/148/198 276/145/198 209/221/198
f 277/144/199 121/222/199 280/140/199
f 209/221/200 279/142/200 210/141/200
f 211/139/201 279/142/201 282/139/201
f 121/222/202 283/137/202 280/140/202
f 212/136/203 282/139/203 285/136/203
f 119/223/204 286/134/204 283/137/204
f 213/224/205 285/136/205 288/133/205
f 117/225/206 289/131/206 286/134/206
f 214/226/207 288/133/207 291/130/207
f 115/227/208 292/128/208 289/131/208
f 215/228/209 291/130/209 294/127/209
f 113/229/210 295/125/210 292/128/210
f 216/124/211 294/127/211 297/124/211
f 111/230/212 298/122/212 295/125/212
f 217/121/213 297/124/213 300/121/213
f 109/231/214 301/119/214 298/122/214
f 218/232/215 300/121/215 303/118/215
f 107/233/216 304/116/216 301/119/216
f 219/234/217 303/118/217 306/115/217
f 105/235/218 307/113/218 304/116/218
f 220/236/219 306/115/219 309/112/219
f 103/237/220 310/110/220 307/113/220
f 221/238/221 309/112/221 312/109/221
f 101/239/222 313/107/222 310/110/222
f 99/240/223 316/104/223 313/107/223
f 222/106/224 312/109/224 315/106/224
f 67/241/225 319/99/225 316/104/225
f 223/103/226 315/106/226 318/103/226
f 412/242/227 416/243/227 413/244/227
f 413/244/228 415/245/228 411/246/228
f 412/242/229 410/247/229 409/248/229
f 410/247/230 411/246/230 408/249/230
f 406/250/231 410/247/231 407/251/231
f 410/247/232 405/251/232 407/251/232
f 403/252/233 407/251/233 404/253/233
f 407/251/234 402/253/234 404/253/234
f 403/252/235 401/254/235 400/255/235
f 404/253/236 399/254/236 401/254/236
f 400/255/237 398/256/237 397/257/237
f 398/256/238 399/254/238 396/258/238
f 397/257/239 395/259/239 394/260/239
f 398/256/240 393/259/240 395/259/240
f 394/260/241 392/261/241 391/262/241
f 392/261/242 393/259/242 390/261/242
f 388/263/243 392/261/243 389/264/243
f 392/261/244 387/264/244 389/264/244
f 385/265/245 389/264/245 386/266/245
f 389/264/246 384/266/246 386/266/246
f 385/265/247 383/267/247 382/268/247
f 386/266/248 381/267/248 383/267/248
f 379/269/249 383/267/249 380/270/249
f 383/267/250 378/271/250 380/270/250
f 376/272/251 380/270/251 377/273/251
f 377/273/252 378/271/252 375/273/252
f 376/272/253 374/274/253 373/275/253
f 374/274/254 375/273/254 372/274/254
f 373/275/255 371/276/255 370/277/255
f 374/274/256 369/276/256 371/276/256
f 370/277/257 368/278/257 367/279/257
f 371/276/258 366/280/258 368/278/258
f 364/281/259 368/278/259 365/282/259
f 368/278/260 363/283/260 365/282/260
f 361/284/261 365/282/261 362/285/261
f 362/285/262 363/283/262 360/285/262
f 358/286/263 362/285/263 359/287/263
f 362/285/264 357/287/264 359/287/264
f 358/286/265 356/288/265 355/289/265
f 359/287/266 354/288/266 356/288/266
f 355/289/267 353/290/267 352/291/267
f 353/290/268 354/288/268 351/290/268
f 352/291/269 350/292/269 349/293/269
f 353/290/270 348/292/270 350/292/270
f 346/294/271 350/292/271 347/295/271
f 350/292/272 345/295/272 347/295/272
f 346/294/273 344/296/273 343/297/273
f 344/296/274 345/295/274 342/298/274
f 340/299/275 344/296/275 341/300/275
f 344/296/276 339/300/276 341/300/276
f 337/301/277 341/300/277 338/302/277
f 338/302/278 339/300/278 336/303/278
f 334/304/279 338/302/279 335/305/279
f 338/302/280 333/305/280 335/305/280
f 331/306/281 335/305/281 332/307/281
f 335/305/282 330/307/282 332/307/282
f 328/308/283 332/307/283 329/309/283
f 329/309/284 330/307/284 327/309/284
f 328/308/285 326/310/285 325/311/285
f 326/310/286 327/309/286 324/310/286
f 322/312/287 326/310/287 323/313/287
f 326/310/288 321/313/288 323/313/288
f 322/312/289 416/314/289 414/315/289
f 323/313/290 415/316/290 416/314/290
f 100/313/1 324/310/1 102/310/1
f 414/315/33 193/193/33 322/312/33
f 100/313/1 415/316/1 321/313/1
f 322/312/32 194/200/32 325/311/32
f 102/310/1 327/309/1 104/309/1
f 194/200/31 328/308/31 325/311/31
f 104/309/1 330/307/1 106/317/1
f 328/308/30 196/184/30 331/306/30
f 106/317/1 333/305/1 108/305/1
f 196/184/29 334/304/29 331/306/29
f 108/305/1 336/303/1 110/302/1
f 197/206/28 337/301/28 334/304/28
f 110/302/1 339/300/1 112/300/1
f 198/208/27 340/299/27 337/301/27
f 340/299/26 200/172/26 343/297/26
f 114/298/1 339/300/1 342/298/1
f 114/298/1 345/295/1 116/295/1
f 200/172/25 346/294/25 343/297/25
f 116/295/1 348/292/1 118/292/1
f 201/169/24 349/293/24 346/294/24
f 118/292/1 351/290/1 120/290/1
f 202/166/23 352/291/23 349/293/23
f 120/290/1 354/288/1 122/288/1
f 203/163/22 355/289/22 352/291/22
f 122/288/1 357/287/1 124/287/1
f 204/160/21 358/286/21 355/289/21
f 124/287/1 360/285/1 126/285/1
f 205/157/20 361/284/20 358/286/20
f 126/285/1 363/283/1 128/283/1
f 206/154/19 364/281/19 361/284/19
f 128/283/1 366/280/1 130/280/1
f 207/151/18 367/279/18 364/281/18
f 130/280/1 369/276/1 132/276/1
f 367/279/17 209/221/17 370/277/17
f 134/274/1 369/276/1 372/274/1
f 370/277/16 210/141/16 373/275/16
f 136/273/1 372/274/1 375/273/1
f 373/275/15 211/139/15 376/272/15
f 136/273/1 378/271/1 138/271/1
f 211/139/14 379/269/14 376/272/14
f 212/136/13 382/268/13 379/269/13
f 140/267/1 378/271/1 381/267/1
f 140/267/1 384/266/1 142/266/1
f 213/224/12 385/265/12 382/268/12
f 142/266/1 387/264/1 144/264/1
f 214/226/11 388/263/11 385/265/11
f 146/261/1 387/264/1 390/261/1
f 215/228/10 391/262/10 388/263/10
f 146/261/1 393/259/1 148/259/1
f 216/124/9 394/260/9 391/262/9
f 148/259/1 396/258/1 150/256/1
f 217/121/8 397/257/8 394/260/8
f 150/256/1 399/254/1 152/254/1
f 218/232/7 400/255/7 397/257/7
f 152/254/1 402/253/1 154/253/1
f 219/234/6 403/252/6 400/255/6
f 154/253/1 405/251/1 155/251/1
f 220/236/5 406/250/5 403/252/5
f 157/249/1 405/251/1 408/249/1
f 221/238/4 409/248/4 406/250/4
f 159/318/1 408/249/1 411/246/1
f 222/106/3 412/242/3 409/248/3
f 159/318/1 415/245/1 98/245/1
f 223/103/2 414/319/2 412/242/2
f 417/320/227 512/321/227 511/322/227
f 419/323/228 510/321/228 512/321/228
f 511/322/229 509/7/229 508/324/229
f 509/7/230 510/321/230 507/7/230
f 508/324/231 506/9/231 505/325/231
f 506/9/232 507/7/232 504/9/232
f 502/326/233 506/9/233 503/11/233
f 506/9/234 501/11/234 503/11/234
f 499/327/235 503/11/235 500/328/235
f 500/328/236 501/11/236 498/13/236
f 499/327/237 497/15/237 496/329/237
f 500/328/238 495/15/238 497/15/238
f 493/330/239 497/15/239 494/17/239
f 497/15/240 492/17/240 494/17/240
f 490/331/241 494/17/241 491/19/241
f 494/17/242 489/19/242 491/19/242
f 490/331/243 488/21/243 487/332/243
f 488/21/244 489/19/244 486/21/244
f 487/332/245 485/23/245 484/333/245
f 485/23/246 486/21/246 483/23/246
f 481/334/247 485/23/247 482/25/247
f 482/25/248 483/23/248 480/25/248
f 481/334/249 479/27/249 478/335/249
f 479/27/250 480/25/250 477/27/250
f 475/336/251 479/27/251 476/29/251
f 479/27/252 474/29/252 476/29/252
f 475/336/253 473/31/253 472/337/253
f 476/29/254 471/31/254 473/31/254
f 472/337/255 470/33/255 469/338/255
f 473/31/256 468/33/256 470/33/256
f 469/338/257 467/339/257 466/340/257
f 470/33/258 465/339/258 467/339/258
f 463/341/259 467/339/259 464/36/259
f 467/339/260 462/36/260 464/36/260
f 460/342/261 464/36/261 461/38/261
f 461/38/262 462/36/262 459/38/262
f 460/342/263 458/40/263 457/343/263
f 458/40/264 459/38/264 456/40/264
f 454/344/265 458/40/265 455/42/265
f 458/40/266 453/42/266 455/42/266
f 451/345/267 455/42/267 452/44/267
f 452/44/268 453/42/268 450/44/268
f 451/345/269 449/46/269 448/346/269
f 452/44/270 447/46/270 449/46/270
f 445/347/271 449/46/271 446/48/271
f 449/46/272 444/48/272 446/48/272
f 442/348/273 446/48/273 443/349/273
f 446/48/274 441/350/274 443/349/274
f 442/348/275 440/52/275 439/351/275
f 440/52/276 441/350/276 438/352/276
f 439/351/277 437/353/277 436/354/277
f 437/353/278 438/352/278 435/54/278
f 433/355/279 437/353/279 434/356/279
f 434/356/280 435/54/280 432/56/280
f 433/355/281 431/357/281 430/358/281
f 434/356/291 429/357/291 431/357/291
f 427/359/283 431/357/283 428/360/283
f 431/357/284 426/59/284 428/360/284
f 427/359/285 425/361/285 424/362/285
f 428/360/286 423/61/286 425/361/286
f 421/363/287 425/361/287 422/364/287
f 425/361/288 420/63/288 422/364/288
f 417/365/289 422/364/289 419/366/289
f 419/366/292 420/63/292 418/65/292
f 64/321/1 418/5/1 33/5/1
f 98/316/33 421/363/33 417/365/33
f 159/318/2 417/320/2 511/322/2
f 34/63/293 418/65/293 420/63/293
f 35/61/1 420/63/1 423/61/1
f 100/313/32 424/362/32 421/363/32
f 35/61/1 426/59/1 36/59/1
f 102/310/31 427/359/31 424/362/31
f 37/357/1 426/59/1 429/357/1
f 104/309/30 430/358/30 427/359/30
f 37/357/1 432/56/1 38/56/1
f 106/317/29 433/355/29 430/358/29
f 108/305/28 436/354/28 433/355/28
f 39/54/1 432/56/1 435/54/1
f 39/54/1 438/352/1 40/52/1
f 110/302/27 439/351/27 436/354/27
f 40/52/1 441/350/1 41/50/1
f 112/300/26 442/348/26 439/351/26
f 41/50/1 444/48/1 42/48/1
f 114/298/25 445/347/25 442/348/25
f 42/48/1 447/46/1 43/46/1
f 116/295/24 448/346/24 445/347/24
f 43/46/1 450/44/1 44/44/1
f 118/292/23 451/345/23 448/346/23
f 45/42/1 450/44/1 453/42/1
f 120/290/22 454/344/22 451/345/22
f 122/288/21 457/343/21 454/344/21
f 45/42/294 456/40/294 46/40/294
f 46/40/295 459/38/295 47/38/295
f 124/287/20 460/342/20 457/343/20
f 47/38/1 462/36/1 48/36/1
f 126/285/19 463/341/19 460/342/19
f 48/36/1 465/339/1 49/339/1
f 128/283/18 466/340/18 463/341/18
f 50/33/296 465/339/296 468/33/296
f 130/280/17 469/338/17 466/340/17
f 50/33/1 471/31/1 51/31/1
f 132/276/16 472/337/16 469/338/16
f 51/31/1 474/29/1 52/29/1
f 134/274/15 475/336/15 472/337/15
f 136/273/14 478/335/14 475/336/14
f 53/27/1 474/29/1 477/27/1
f 53/27/1 480/25/1 54/25/1
f 138/271/13 481/334/13 478/335/13
f 55/23/1 480/25/1 483/23/1
f 140/267/12 484/333/12 481/334/12
f 55/23/1 486/21/1 56/21/1
f 142/266/11 487/332/11 484/333/11
f 57/19/1 486/21/1 489/19/1
f 144/264/10 490/331/10 487/332/10
f 57/19/1 492/17/1 58/17/1
f 146/261/9 493/330/9 490/331/9
f 59/15/1 492/17/1 495/15/1
f 148/259/8 496/329/8 493/330/8
f 150/256/7 499/327/7 496/329/7
f 59/15/1 498/13/1 60/13/1
f 61/11/1 498/13/1 501/11/1
f 152/254/6 502/326/6 499/327/6
f 61/11/295 504/9/295 62/9/295
f 154/253/5 505/325/5 502/326/5
f 62/9/294 507/7/294 63/7/294
f 505/325/4 157/249/4 508/324/4
f 63/7/1 510/321/1 64/321/1
f 157/249/3 511/322/3 508/324/3
f 32/3/1 1/367/1 2/368/1
f 2/368/296 3/369/296 4/370/296
f 4/370/1 5/371/1 6/372/1
f 6/372/1 7/373/1 8/374/1
f 8/374/1 9/375/1 10/376/1
f 10/376/1 11/377/1 12/378/1
f 12/378/1 13/379/1 14/380/1
f 14/380/293 15/381/293 16/1/293
f 16/1/1 17/382/1 18/383/1
f 18/383/1 19/384/1 20/385/1
f 20/385/1 21/386/1 22/387/1
f 22/387/1 23/388/1 24/2/1
f 24/2/1 25/389/1 26/390/1
f 26/390/1 27/391/1 28/392/1
f 28/392/1 29/393/1 30/394/1
f 30/394/1 31/395/1 32/3/1
f 32/3/1 2/368/1 4/370/1
f 4/370/1 6/372/1 8/374/1
f 8/374/1 10/376/1 12/378/1
f 12/378/1 14/380/1 16/1/1
f 16/1/294 18/383/294 20/385/294
f 20/385/1 22/387/1 24/2/1
f 24/2/1 26/390/1 28/392/1
f 28/392/294 30/394/294 32/3/294
f 32/3/1 4/370/1 8/374/1
f 8/374/1 12/378/1 16/1/1
f 16/1/1 20/385/1 24/2/1
f 24/2/1 28/392/1 32/3/1
f 32/3/1 8/374/1 16/1/1
f 32/4/2 64/321/2 33/5/2
f 63/7/3 64/321/3 32/4/3
f 62/9/4 63/7/4 31/8/4
f 61/11/5 62/9/5 30/10/5
f 60/13/6 61/11/6 29/12/6
f 59/15/7 60/13/7 28/14/7
f 58/17/8 59/15/8 27/16/8
f 57/19/9 58/17/9 26/18/9
f 56/21/10 57/19/10 25/20/10
f 55/23/11 56/21/11 24/22/11
f 54/25/12 55/23/12 23/24/12
f 53/27/13 54/25/13 22/26/13
f 52/29/14 53/27/14 21/28/14
f 51/31/15 52/29/15 20/30/15
f 50/33/16 51/31/16 19/32/16
f 17/35/17 49/339/17 50/33/17
f 48/36/18 49/339/18 17/35/18
f 47/38/19 48/36/19 16/37/19
f 46/40/20 47/38/20 15/39/20
f 45/42/21 46/40/21 14/41/21
f 44/44/22 45/42/22 13/43/22
f 43/46/23 44/44/23 12/45/23
f 42/48/24 43/46/24 11/47/24
f 41/50/25 42/48/25 10/49/25
f 40/52/26 41/50/26 9/51/26
f 39/54/27 40/52/27 8/53/27
f 38/56/28 39/54/28 7/55/28
f 5/58/29 37/357/29 38/56/29
f 36/59/30 37/357/30 5/58/30
f 35/61/31 36/59/31 4/60/31
f 34/63/32 35/61/32 3/62/32
f 33/65/33 34/63/33 2/64/33
f 80/67/34 175/67/34 174/68/34
f 78/69/35 79/68/35 174/68/35
f 78/69/36 173/69/36 172/70/36
f 77/70/37 172/70/37 171/71/37
f 76/71/38 171/71/38 170/72/38
f 75/72/39 170/72/39 169/73/39
f 74/73/40 169/73/40 168/74/40
f 73/74/41 168/74/41 167/75/41
f 71/76/42 72/75/42 167/75/42
f 66/77/43 161/77/43 192/78/43
f 70/79/44 71/76/44 166/76/44
f 97/78/45 192/78/45 191/80/45
f 70/79/46 165/79/46 164/81/46
f 96/80/47 191/80/47 190/82/47
f 68/83/48 69/81/48 164/81/48
f 94/84/49 95/82/49 190/82/49
f 68/83/50 65/86/50 66/77/50
f 66/77/50 97/78/50 96/80/50
f 96/80/50 95/82/50 94/84/50
f 94/84/50 93/87/50 92/88/50
f 92/88/50 91/89/50 90/90/50
f 90/90/50 89/91/50 88/92/50
f 88/92/50 87/93/50 86/94/50
f 86/94/50 85/95/50 84/85/50
f 84/85/50 83/96/50 82/97/50
f 82/97/50 81/98/50 80/67/50
f 80/67/50 79/68/50 78/69/50
f 78/69/50 77/70/50 76/71/50
f 76/71/50 75/72/50 74/73/50
f 74/73/50 73/74/50 72/75/50
f 72/75/50 71/76/50 70/79/50
f 70/79/50 69/81/50 68/83/50
f 68/83/50 66/77/50 96/80/50
f 96/80/50 94/84/50 92/88/50
f 92/88/50 90/90/50 88/92/50
f 88/92/50 86/94/50 84/85/50
f 84/85/50 82/97/50 80/67/50
f 80/67/50 78/69/50 76/71/50
f 76/71/50 74/73/50 72/75/50
f 72/75/50 70/79/50 68/83/50
f 68/83/50 96/80/50 92/88/50
f 92/88/50 88/92/50 84/85/50
f 84/85/50 80/67/50 76/71/50
f 76/71/50 72/75/50 68/83/50
f 68/83/50 92/88/50 84/85/50
f 65/86/51 68/83/51 163/83/51
f 94/84/52 189/84/52 188/87/52
f 93/87/53 188/87/53 187/88/53
f 65/86/54 160/86/54 161/77/54
f 92/88/55 187/88/55 186/89/55
f 91/89/56 186/89/56 185/90/56
f 90/90/57 185/90/57 184/91/57
f 89/91/58 184/91/58 183/92/58
f 87/93/59 88/92/59 183/92/59
f 86/94/60 87/93/60 182/93/60
f 86/94/61 181/94/61 180/95/61
f 84/85/297 85/95/297 180/95/297
f 84/85/298 179/85/298 178/96/298
f 83/96/64 178/96/64 177/97/64
f 81/98/65 82/97/65 177/97/65
f 80/67/66 81/98/66 176/98/66
f 173/69/67 174/68/67 131/68/67
f 172/70/68 173/69/68 133/69/68
f 171/71/69 172/70/69 135/70/69
f 170/72/70 171/71/70 137/71/70
f 169/73/71 170/72/71 139/72/71
f 168/74/72 169/73/72 141/73/72
f 167/75/73 168/74/73 143/74/73
f 166/76/74 167/75/74 145/75/74
f 161/77/75 156/77/75 224/78/75
f 165/79/76 166/76/76 147/76/76
f 192/78/77 224/78/77 67/80/77
f 164/81/78 165/79/78 149/79/78
f 191/80/79 67/80/79 99/82/79
f 163/83/80 164/81/80 151/81/80
f 190/82/81 99/82/81 101/84/81
f 163/83/82 153/83/82 158/86/82
f 189/84/83 101/84/83 103/87/83
f 188/87/84 103/87/84 105/88/84
f 174/68/85 175/67/85 129/67/85
f 175/67/86 176/98/86 127/98/86
f 176/98/87 177/97/87 125/97/87
f 177/97/88 178/96/88 123/96/88
f 179/85/299 121/85/299 123/96/299
f 179/85/300 180/95/300 119/95/300
f 181/94/91 117/94/91 119/95/91
f 182/93/92 115/93/92 117/94/92
f 183/92/93 113/92/93 115/93/93
f 184/91/94 111/91/94 113/92/94
f 185/90/95 109/90/95 111/91/95
f 186/89/96 107/89/96 109/90/96
f 187/88/97 105/88/97 107/89/97
f 160/86/98 158/86/98 156/77/98
f 319/99/99 225/198/99 227/100/99
f 320/101/100 227/100/100 226/102/100
f 316/104/101 319/99/101 320/101/101
f 317/105/102 320/101/102 318/103/102
f 313/107/103 316/104/103 317/105/103
f 314/108/301 317/105/301 315/106/301
f 310/110/105 313/107/105 314/108/105
f 311/111/106 314/108/106 312/109/106
f 307/113/107 310/110/107 311/111/107
f 308/114/302 311/111/302 309/112/302
f 304/116/109 307/113/109 308/114/109
f 305/117/303 308/114/303 306/115/303
f 301/119/111 304/116/111 305/117/111
f 302/120/112 305/117/112 303/118/112
f 298/122/113 301/119/113 302/120/113
f 299/123/304 302/120/304 300/121/304
f 295/125/115 298/122/115 299/123/115
f 296/126/116 299/123/116 297/124/116
f 292/128/117 295/125/117 296/126/117
f 293/129/118 296/126/118 294/127/118
f 289/131/119 292/128/119 293/129/119
f 290/132/120 293/129/120 291/130/120
f 286/134/121 289/131/121 290/132/121
f 287/135/122 290/132/122 288/133/122
f 283/137/123 286/134/123 287/135/123
f 284/138/124 287/135/124 285/136/124
f 280/140/125 283/137/125 284/138/125
f 281/141/126 284/138/126 282/139/126
f 280/140/127 281/141/127 278/143/127
f 281/141/128 279/142/128 276/145/128
f 277/144/129 278/143/129 275/146/129
f 278/143/130 276/145/130 273/148/130
f 274/147/131 275/146/131 272/149/131
f 275/146/132 273/148/132 270/151/132
f 271/150/133 272/149/133 269/152/133
f 272/149/134 270/151/134 267/154/134
f 268/153/135 269/152/135 266/155/135
f 269/152/136 267/154/136 264/157/136
f 265/156/305 266/155/305 263/158/305
f 266/155/306 264/157/306 261/160/306
f 262/159/139 263/158/139 260/161/139
f 263/158/140 261/160/140 258/163/140
f 259/162/141 260/161/141 257/164/141
f 260/161/142 258/163/142 255/166/142
f 256/165/307 257/164/307 254/167/307
f 257/164/308 255/166/308 252/169/308
f 253/168/309 254/167/309 251/170/309
f 254/167/146 252/169/146 249/172/146
f 250/171/147 251/170/147 248/173/147
f 251/170/148 249/172/148 246/175/148
f 247/174/149 248/173/149 245/176/149
f 248/173/150 246/175/150 243/178/150
f 244/177/151 245/176/151 242/179/151
f 245/176/152 243/178/152 240/181/152
f 241/180/153 242/179/153 239/182/153
f 242/179/310 240/181/310 237/184/310
f 238/183/155 239/182/155 236/185/155
f 239/182/156 237/184/156 234/187/156
f 235/186/311 236/185/311 233/188/311
f 236/185/158 234/187/158 231/190/158
f 229/191/312 232/189/312 233/188/312
f 230/192/160 233/188/160 231/190/160
f 225/194/161 229/191/161 230/192/161
f 227/195/162 230/192/162 228/193/162
f 224/197/163 156/396/163 225/198/163
f 193/193/164 162/196/164 226/196/164
f 156/199/165 158/201/165 229/191/165
f 162/102/166 223/103/166 318/103/166
f 194/200/167 193/193/167 228/193/167
f 158/201/168 153/397/168 232/189/168
f 194/200/313 231/190/313 234/187/313
f 232/189/170 153/397/170 151/203/170
f 235/186/171 151/203/171 149/204/171
f 195/202/172 234/187/172 237/184/172
f 238/183/173 149/204/173 147/205/173
f 196/184/314 237/184/314 240/181/314
f 241/180/175 147/205/175 145/207/175
f 197/206/315 240/181/315 243/178/315
f 244/177/177 145/207/177 143/209/177
f 198/208/178 243/178/178 246/175/178
f 247/174/179 143/209/179 141/211/179
f 199/210/180 246/175/180 249/172/180
f 250/171/181 141/211/181 139/212/181
f 200/172/182 249/172/182 252/169/182
f 253/168/183 139/212/183 137/213/183
f 201/169/184 252/169/184 255/166/184
f 256/165/185 137/213/185 135/214/185
f 202/166/316 255/166/316 258/163/316
f 259/162/317 135/214/317 133/215/317
f 203/163/318 258/163/318 261/160/318
f 262/159/189 133/215/189 131/216/189
f 204/160/319 261/160/319 264/157/319
f 265/156/191 131/216/191 129/217/191
f 205/157/192 264/157/192 267/154/192
f 268/153/193 129/217/193 127/218/193
f 206/154/194 267/154/194 270/151/194
f 271/150/195 127/218/195 125/219/195
f 207/151/320 270/151/320 273/148/320
f 274/147/197 125/219/197 123/220/197
f 208/148/198 273/148/198 276/145/198
f 277/144/199 123/220/199 121/222/199
f 209/221/200 276/145/200 279/142/200
f 211/139/201 210/141/201 279/142/201
f 121/222/202 119/223/202 283/137/202
f 212/136/321 211/139/321 282/139/321
f 119/223/204 117/225/204 286/134/204
f 213/224/322 212/136/322 285/136/322
f 117/225/206 115/227/206 289/131/206
f 214/226/207 213/224/207 288/133/207
f 115/227/208 113/229/208 292/128/208
f 215/228/209 214/226/209 291/130/209
f 113/229/210 111/230/210 295/125/210
f 216/124/211 215/228/211 294/127/211
f 111/230/212 109/231/212 298/122/212
f 217/121/213 216/124/213 297/124/213
f 109/231/214 107/233/214 301/119/214
f 218/232/215 217/121/215 300/121/215
f 107/233/216 105/235/216 304/116/216
f 219/234/217 218/232/217 303/118/217
f 105/235/218 103/237/218 307/113/218
f 220/236/219 219/234/219 306/115/219
f 103/237/220 101/239/220 310/110/220
f 221/238/323 220/236/323 309/112/323
f 101/239/222 99/240/222 313/107/222
f 99/240/223 67/241/223 316/104/223
f 222/106/324 221/238/324 312/109/324
f 67/241/225 224/197/225 319/99/225
f 223/103/226 222/106/226 315/106/226
f 412/242/227 414/319/227 416/243/227
f 413/244/228 416/243/228 415/245/228
f 412/242/229 413/244/229 410/247/229
f 410/247/230 413/244/230 411/246/230
f 406/250/231 409/248/231 410/247/231
f 410/247/232 408/249/232 405/251/232
f 403/252/233 406/250/233 407/251/233
f 407/251/234 405/251/234 402/253/234
f 403/252/235 404/253/235 401/254/235
f 404/253/236 402/253/236 399/254/236
f 400/255/237 401/254/237 398/256/237
f 398/256/238 401/254/238 399/254/238
f 397/257/239 398/256/239 395/259/239
f 398/256/240 396/258/240 393/259/240
f 394/260/241 395/259/241 392/261/241
f 392/261/242 395/259/242 393/259/242
f 388/263/243 391/262/243 392/261/243
f 392/261/244 390/261/244 387/264/244
f 385/265/245 388/263/245 389/264/245
f 389/264/246 387/264/246 384/266/246
f 385/265/247 386/266/247 383/267/247
f 386/266/248 384/266/248 381/267/248
f 379/269/249 382/268/249 383/267/249
f 383/267/250 381/267/250 378/271/250
f 376/272/251 379/269/251 380/270/251
f 377/273/252 380/270/252 378/271/252
f 376/272/253 377/273/253 374/274/253
f 374/274/254 377/273/254 375/273/254
f 373/275/255 374/274/255 371/276/255
f 374/274/256 372/274/256 369/276/256
f 370/277/257 371/276/257 368/278/257
f 371/276/325 369/276/325 366/280/325
f 364/281/259 367/279/259 368/278/259
f 368/278/260 366/280/260 363/283/260
f 361/284/261 364/281/261 365/282/261
f 362/285/262 365/282/262 363/283/262
f 358/286/263 361/284/263 362/285/263
f 362/285/264 360/285/264 357/287/264
f 358/286/265 359/287/265 356/288/265
f 359/287/266 357/287/266 354/288/266
f 355/289/267 356/288/267 353/290/267
f 353/290/268 356/288/268 354/288/268
f 352/291/269 353/290/269 350/292/269
f 353/290/270 351/290/270 348/292/270
f 346/294/271 349/293/271 350/292/271
f 350/292/272 348/292/272 345/295/272
f 346/294/273 347/295/273 344/296/273
f 344/296/274 347/295/274 345/295/274
f 340/299/275 343/297/275 344/296/275
f 344/296/276 342/298/276 339/300/276
f 337/301/277 340/299/277 341/300/277
f 338/302/278 341/300/278 339/300/278
f 334/304/279 337/301/279 338/302/279
f 338/302/280 336/303/280 333/305/280
f 331/306/281 334/304/281 335/305/281
f 335/305/282 333/305/282 330/307/282
f 328/308/283 331/306/283 332/307/283
f 329/309/284 332/307/284 330/307/284
f 328/308/285 329/309/285 326/310/285
f 326/310/286 329/309/286 327/309/286
f 322/312/287 325/311/287 326/310/287
f 326/310/288 324/310/288 321/313/288
f 322/312/289 323/313/289 416/314/289
f 323/313/290 321/313/290 415/316/290
f 100/313/1 321/313/1 324/310/1
f 414/315/33 162/196/33 193/193/33
f 100/313/1 98/316/1 415/316/1
f 322/312/32 193/193/32 194/200/32
f 102/310/1 324/310/1 327/309/1
f 194/200/31 195/202/31 328/308/31
f 104/309/1 327/309/1 330/307/1
f 328/308/30 195/202/30 196/184/30
f 106/317/1 330/307/1 333/305/1
f 196/184/29 197/206/29 334/304/29
f 108/305/1 333/305/1 336/303/1
f 197/206/28 198/208/28 337/301/28
f 110/302/1 336/303/1 339/300/1
f 198/208/27 199/210/27 340/299/27
f 340/299/26 199/210/26 200/172/26
f 114/298/1 112/300/1 339/300/1
f 114/298/1 342/298/1 345/295/1
f 200/172/25 201/169/25 346/294/25
f 116/295/1 345/295/1 348/292/1
f 201/169/24 202/166/24 349/293/24
f 118/292/1 348/292/1 351/290/1
f 202/166/23 203/163/23 352/291/23
f 120/290/1 351/290/1 354/288/1
f 203/163/22 204/160/22 355/289/22
f 122/288/1 354/288/1 357/287/1
f 204/160/21 205/157/21 358/286/21
f 124/287/1 357/287/1 360/285/1
f 205/157/20 206/154/20 361/284/20
f 126/285/1 360/285/1 363/283/1
f 206/154/19 207/151/19 364/281/19
f 128/283/1 363/283/1 366/280/1
f 207/151/18 208/148/18 367/279/18
f 130/280/1 366/280/1 369/276/1
f 367/279/17 208/148/17 209/221/17
f 134/274/1 132/276/1 369/276/1
f 370/277/16 209/221/16 210/141/16
f 136/273/1 134/274/1 372/274/1
f 373/275/15 210/141/15 211/139/15
f 136/273/1 375/273/1 378/271/1
f 211/139/14 212/136/14 379/269/14
f 212/136/13 213/224/13 382/268/13
f 140/267/1 138/271/1 378/271/1
f 140/267/1 381/267/1 384/266/1
f 213/224/12 214/226/12 385/265/12
f 142/266/1 384/266/1 387/264/1
f 214/226/11 215/228/11 388/263/11
f 146/261/1 144/264/1 387/264/1
f 215/228/10 216/124/10 391/262/10
f 146/261/1 390/261/1 393/259/1
f 216/124/9 217/121/9 394/260/9
f 148/259/1 393/259/1 396/258/1
f 217/121/8 218/232/8 397/257/8
f 150/256/1 396/258/1 399/254/1
f 218/232/7 219/234/7 400/255/7
f 152/254/1 399/254/1 402/253/1
f 219/234/6 220/236/6 403/252/6
f 154/253/1 402/253/1 405/251/1
f 220/236/5 221/238/5 406/250/5
f 157/249/1 155/251/1 405/251/1
f 221/238/4 222/106/4 409/248/4
f 159/318/1 157/249/1 408/249/1
f 222/106/3 223/103/3 412/242/3
f 159/318/1 411/246/1 415/245/1
f 223/103/2 162/102/2 414/319/2
f 417/320/227 419/323/227 512/321/227
f 419/323/326 418/5/326 510/321/326
f 511/322/229 512/321/229 509/7/229
f 509/7/230 512/321/230 510/321/230
f 508/324/231 509/7/231 506/9/231
f 506/9/232 509/7/232 507/7/232
f 502/326/233 505/325/233 506/9/233
f 506/9/234 504/9/234 501/11/234
f 499/327/235 502/326/235 503/11/235
f 500/328/327 503/11/327 501/11/327
f 499/327/237 500/328/237 497/15/237
f 500/328/238 498/13/238 495/15/238
f 493/330/239 496/329/239 497/15/239
f 497/15/240 495/15/240 492/17/240
f 490/331/241 493/330/241 494/17/241
f 494/17/242 492/17/242 489/19/242
f 490/331/243 491/19/243 488/21/243
f 488/21/244 491/19/244 489/19/244
f 487/332/245 488/21/245 485/23/245
f 485/23/246 488/21/246 486/21/246
f 481/334/247 484/333/247 485/23/247
f 482/25/248 485/23/248 483/23/248
f 481/334/249 482/25/249 479/27/249
f 479/27/328 482/25/328 480/25/328
f 475/336/251 478/335/251 479/27/251
f 479/27/252 477/27/252 474/29/252
f 475/336/253 476/29/253 473/31/253
f 476/29/254 474/29/254 471/31/254
f 472/337/255 473/31/255 470/33/255
f 473/31/256 471/31/256 468/33/256
f 469/338/257 470/33/257 467/339/257
f 470/33/325 468/33/325 465/339/325
f 463/341/259 466/340/259 467/339/259
f 467/339/329 465/339/329 462/36/329
f 460/342/261 463/341/261 464/36/261
f 461/38/262 464/36/262 462/36/262
f 460/342/263 461/38/263 458/40/263
f 458/40/264 461/38/264 459/38/264
f 454/344/265 457/343/265 458/40/265
f 458/40/266 456/40/266 453/42/266
f 451/345/267 454/344/267 455/42/267
f 452/44/330 455/42/330 453/42/330
f 451/345/269 452/44/269 449/46/269
f 452/44/270 450/44/270 447/46/270
f 445/347/271 448/346/271 449/46/271
f 449/46/272 447/46/272 444/48/272
f 442/348/273 445/347/273 446/48/273
f 446/48/274 444/48/274 441/350/274
f 442/348/275 443/349/275 440/52/275
f 440/52/276 443/349/276 441/350/276
f 439/351/277 440/52/277 437/353/277
f 437/353/278 440/52/278 438/352/278
f 433/355/279 436/354/279 437/353/279
f 434/356/280 437/353/280 435/54/280
f 433/355/281 434/356/281 431/357/281
f 434/356/282 432/56/282 429/357/282
f 427/359/283 430/358/283 431/357/283
f 431/357/284 429/357/284 426/59/284
f 427/359/285 428/360/285 425/361/285
f 428/360/286 426/59/286 423/61/286
f 421/363/287 424/362/287 425/361/287
f 425/361/288 423/61/288 420/63/288
f 417/365/289 421/363/289 422/364/289
f 419/366/290 422/364/290 420/63/290
f 64/321/293 510/321/293 418/5/293
f 98/316/33 100/313/33 421/363/33
f 159/318/2 98/245/2 417/320/2
f 34/63/1 33/65/1 418/65/1
f 35/61/1 34/63/1 420/63/1
f 100/313/32 102/310/32 424/362/32
f 35/61/294 423/61/294 426/59/294
f 102/310/31 104/309/31 427/359/31
f 37/357/295 36/59/295 426/59/295
f 104/309/30 106/317/30 430/358/30
f 37/357/1 429/357/1 432/56/1
f 106/317/29 108/305/29 433/355/29
f 108/305/28 110/302/28 436/354/28
f 39/54/1 38/56/1 432/56/1
f 39/54/1 435/54/1 438/352/1
f 110/302/27 112/300/27 439/351/27
f 40/52/1 438/352/1 441/350/1
f 112/300/26 114/298/26 442/348/26
f 41/50/1 441/350/1 444/48/1
f 114/298/25 116/295/25 445/347/25
f 42/48/1 444/48/1 447/46/1
f 116/295/24 118/292/24 448/346/24
f 43/46/1 447/46/1 450/44/1
f 118/292/23 120/290/23 451/345/23
f 45/42/1 44/44/1 450/44/1
f 120/290/22 122/288/22 454/344/22
f 122/288/21 124/287/21 457/343/21
f 45/42/1 453/42/1 456/40/1
f 46/40/1 456/40/1 459/38/1
f 124/287/20 126/285/20 460/342/20
f 47/38/1 459/38/1 462/36/1
f 126/285/19 128/283/19 463/341/19
f 48/36/296 462/36/296 465/339/296
f 128/283/18 130/280/18 466/340/18
f 50/33/1 49/339/1 465/339/1
f 130/280/17 132/276/17 469/338/17
f 50/33/293 468/33/293 471/31/293
f 132/276/16 134/274/16 472/337/16
f 51/31/295 471/31/295 474/29/295
f 134/274/15 136/273/15 475/336/15
f 136/273/14 138/271/14 478/335/14
f 53/27/294 52/29/294 474/29/294
f 53/27/1 477/27/1 480/25/1
f 138/271/13 140/267/13 481/334/13
f 55/23/1 54/25/1 480/25/1
f 140/267/12 142/266/12 484/333/12
f 55/23/1 483/23/1 486/21/1
f 142/266/11 144/264/11 487/332/11
f 57/19/1 56/21/1 486/21/1
f 144/264/10 146/261/10 490/331/10
f 57/19/1 489/19/1 492/17/1
f 146/261/9 148/259/9 493/330/9
f 59/15/1 58/17/1 492/17/1
f 148/259/8 150/256/8 496/329/8
f 150/256/7 152/254/7 499/327/7
f 59/15/1 495/15/1 498/13/1
f 61/11/1 60/13/1 498/13/1
f 152/254/6 154/253/6 502/326/6
f 61/11/1 501/11/1 504/9/1
f 154/253/5 155/251/5 505/325/5
f 62/9/1 504/9/1 507/7/1
f 505/325/4 155/251/4 157/249/4
f 63/7/1 507/7/1 510/321/1
f 157/249/3 159/318/3 511/322/3
o CannonBreak100mm
v -0.000000 0.069966 -3.306857
v -0.000000 0.049976 -3.006856
v 0.013650 0.068622 -3.306857
v 0.009750 0.049016 -3.006856
v 0.026775 0.064640 -3.306857
v 0.019125 0.046172 -3.006856
v 0.038871 0.058175 -3.306857
v 0.027765 0.041553 -3.006856
v 0.055817 0.041743 -3.296857
v 0.035338 0.035338 -3.006856
v 0.058175 0.038871 -3.296857
v 0.041553 0.027765 -3.006856
v 0.064640 0.026775 -3.296857
v 0.046172 0.019125 -3.006856
v 0.068622 0.013650 -3.296857
v 0.049015 0.009750 -3.006856
v 0.069966 -0.000000 -3.296857
v 0.049976 0.000000 -3.006856
v 0.068622 -0.013650 -3.296857
v 0.049015 -0.009750 -3.006856
v 0.064640 -0.026775 -3.296857
v 0.046172 -0.019125 -3.006856
v 0.058175 -0.038871 -3.296857
v 0.041553 -0.027765 -3.006856
v 0.055817 -0.041743 -3.296857
v 0.035338 -0.035338 -3.006856
v 0.038871 -0.058175 -3.306857
v 0.027765 -0.041553 -3.006856
v 0.026775 -0.064640 -3.306857
v 0.019125 -0.046172 -3.006856
v 0.013650 -0.068622 -3.306857
v 0.009750 -0.049016 -3.006856
v -0.000000 -0.069966 -3.306857
v -0.000000 -0.049976 -3.006856
v -0.013650 -0.068622 -3.306857
v -0.009750 -0.049016 -3.006856
v -0.026775 -0.064640 -3.306857
v -0.019125 -0.046172 -3.006856
v -0.038871 -0.058175 -3.306857
v -0.027765 -0.041553 -3.006856
v -0.055817 -0.041743 -3.296857
v -0.035338 -0.035338 -3.006856
v -0.058175 -0.038871 -3.296857
v -0.041553 -0.027765 -3.006856
v -0.064640 -0.026775 -3.296857
v -0.046172 -0.019125 -3.006856
v -0.068622 -0.013650 -3.296857
v -0.049016 -0.009750 -3.006856
v -0.069966 -0.000000 -3.296857
v -0.049976 0.000000 -3.006856
v -0.068622 0.013650 -3.296857
v -0.049016 0.009750 -3.006856
v -0.064640 0.026775 -3.296857
v -0.046172 0.019125 -3.006856
v -0.058175 0.038871 -3.296857
v -0.041553 0.027765 -3.006856
v -0.055817 0.041743 -3.296857
v -0.035338 0.035338 -3.006856
v -0.038871 0.058175 -3.306857
v -0.027765 0.041553 -3.006856
v -0.026775 0.064640 -3.306857
v -0.019125 0.046172 -3.006856
v -0.013650 0.068622 -3.306857
v -0.009750 0.049016 -3.006856
v -0.000000 0.084700 -3.116857
v 0.016524 0.083072 -3.116857
v 0.032413 0.078253 -3.116857
v 0.047057 0.070425 -3.116857
v 0.059892 0.059892 -3.116857
v 0.075169 0.038253 -3.116980
v 0.075169 -0.038253 -3.116980
v 0.059892 -0.059892 -3.116857
v 0.047057 -0.070426 -3.116857
v 0.032413 -0.078253 -3.116857
v 0.016524 -0.083073 -3.116857
v -0.000000 -0.084700 -3.116857
v -0.016524 -0.083073 -3.116857
v -0.032413 -0.078253 -3.116857
v -0.047057 -0.070426 -3.116857
v -0.059892 -0.059892 -3.116857
v -0.075169 -0.038253 -3.116980
v -0.075169 0.038253 -3.116980
v -0.059892 0.059892 -3.116857
v -0.047057 0.070425 -3.116857
v -0.032413 0.078253 -3.116857
v -0.016524 0.083072 -3.116857
v -0.000000 0.077000 -3.306857
v 0.015022 0.075520 -3.306857
v 0.010730 0.053943 -3.006856
v -0.000000 0.055000 -3.006856
v 0.029467 0.071139 -3.306857
v 0.021048 0.050813 -3.006856
v 0.042779 0.064023 -3.306857
v 0.030556 0.045731 -3.006856
v 0.060791 0.046717 -3.296857
v 0.038891 0.038891 -3.006856
v 0.064023 0.042779 -3.296857
v 0.045731 0.030556 -3.006856
v 0.071139 0.029467 -3.296857
v 0.050813 0.021048 -3.006856
v 0.075520 0.015022 -3.296857
v 0.053943 0.010730 -3.006856
v 0.077000 -0.000000 -3.296857
v 0.055000 0.000000 -3.006856
v 0.075520 -0.015022 -3.296857
v 0.053943 -0.010730 -3.006856
v 0.071139 -0.029467 -3.296857
v 0.050813 -0.021048 -3.006856
v 0.064023 -0.042779 -3.296857
v 0.045731 -0.030556 -3.006856
v 0.060791 -0.046717 -3.296857
v 0.038891 -0.038891 -3.006856
v 0.042779 -0.064023 -3.306857
v 0.030556 -0.045731 -3.006856
v 0.029467 -0.071139 -3.306857
v 0.021048 -0.050813 -3.006856
v 0.015022 -0.075520 -3.306857
v 0.010730 -0.053943 -3.006856
v -0.000000 -0.077000 -3.306857
v -0.000000 -0.055000 -3.006856
v -0.015022 -0.075520 -3.306857
v -0.010730 -0.053943 -3.006856
v -0.029467 -0.071139 -3.306857
v -0.021048 -0.050813 -3.006856
v -0.042779 -0.064023 -3.306857
v -0.030556 -0.045731 -3.006856
v -0.060791 -0.046717 -3.296857
v -0.038891 -0.038891 -3.006856
v -0.064023 -0.042779 -3.296857
v -0.045731 -0.030556 -3.006856
v -0.071139 -0.029467 -3.296857
v -0.050813 -0.021048 -3.006856
v -0.075521 -0.015022 -3.296857
v -0.053943 -0.010730 -3.006856
v -0.077000 -0.000000 -3.296857
v -0.055000 0.000000 -3.006856
v -0.075521 0.015022 -3.296857
v -0.053943 0.010730 -3.006856
v -0.071139 0.029467 -3.296857
v -0.050813 0.021048 -3.006856
v -0.064023 0.042779 -3.296857
v -0.045731 0.030556 -3.006856
v -0.060791 0.046717 -3.296857
v -0.038891 0.038891 -3.006856
v -0.042779 0.064023 -3.306857
v -0.030556 0.045731 -3.006856
v -0.029467 0.071139 -3.306857
v -0.021048 0.050813 -3.006856
v -0.015022 0.075520 -3.306857
v -0.010730 0.053943 -3.006856
v -0.000000 0.076963 -3.116857
v -0.015015 0.075484 -3.116857
v -0.029452 0.071104 -3.116857
v -0.042758 0.063992 -3.116857
v -0.054421 0.054421 -3.116857
v -0.068731 0.033952 -3.116970
v -0.068731 -0.033952 -3.116970
v -0.054421 -0.054421 -3.116857
v -0.042758 -0.063992 -3.116857
v -0.029452 -0.071104 -3.116857
v -0.015015 -0.075484 -3.116857
v -0.000000 -0.076963 -3.116857
v 0.015015 -0.075484 -3.116857
v 0.029452 -0.071104 -3.116857
v 0.042758 -0.063992 -3.116857
v 0.054421 -0.054421 -3.116857
v 0.068731 -0.033952 -3.116970
v 0.068731 0.033952 -3.116970
v 0.054421 0.054421 -3.116857
v 0.042758 0.063992 -3.116857
v 0.029452 0.071104 -3.116857
v 0.015015 0.075484 -3.116857
v -0.000000 0.077000 -3.316857
v 0.015022 0.075520 -3.316857
v 0.029467 0.071139 -3.316857
v 0.042779 0.064023 -3.316857
v 0.054447 0.054447 -3.316857
v 0.064023 0.042779 -3.316857
v 0.071139 0.029467 -3.316857
v 0.075520 0.015022 -3.316857
v 0.077000 -0.000000 -3.316857
v 0.075520 -0.015022 -3.316857
v 0.071139 -0.029467 -3.316857
v 0.064023 -0.042779 -3.316857
v 0.054447 -0.054447 -3.316857
v 0.042779 -0.064023 -3.316857
v 0.029467 -0.071139 -3.316857
v 0.015022 -0.075520 -3.316857
v -0.000000 -0.077000 -3.316857
v -0.015022 -0.075520 -3.316857
v -0.029467 -0.071139 -3.316857
v -0.042779 -0.064023 -3.316857
v -0.054447 -0.054447 -3.316857
v -0.064023 -0.042779 -3.316857
v -0.071139 -0.029467 -3.316857
v -0.075521 -0.015022 -3.316857
v -0.077000 -0.000000 -3.316857
v -0.075521 0.015022 -3.316857
v -0.071139 0.029467 -3.316857
v -0.064023 0.042779 -3.316857
v -0.054447 0.054447 -3.316857
v -0.042779 0.064023 -3.316857
v -0.029467 0.071139 -3.316857
v -0.015022 0.075520 -3.316857
v -0.000000 0.077000 -3.156857
v -0.015022 0.075520 -3.156857
v -0.029467 0.071139 -3.156857
v -0.042779 0.064023 -3.156857
v -0.060791 0.046717 -3.166857
v -0.064023 0.042779 -3.156857
v -0.071139 0.029467 -3.156857
v -0.075521 0.015022 -3.156857
v -0.077000 -0.000000 -3.156857
v -0.075521 -0.015022 -3.156857
v -0.071139 -0.029467 -3.156857
v -0.064023 -0.042779 -3.156857
v -0.060791 -0.046717 -3.166857
v -0.042779 -0.064023 -3.156857
v -0.029467 -0.071139 -3.156857
v -0.015022 -0.075520 -3.156857
v -0.000000 -0.077000 -3.156857
v 0.015022 -0.075520 -3.156857
v 0.029467 -0.071139 -3.156857
v 0.042779 -0.064023 -3.156857
v 0.060791 -0.046717 -3.166857
v 0.064023 -0.042779 -3.156857
v 0.071139 -0.029467 -3.156857
v 0.075520 -0.015022 -3.156857
v 0.077000 -0.000000 -3.156857
v 0.075520 0.015022 -3.156857
v 0.071139 0.029467 -3.156857
v 0.064023 0.042779 -3.156857
v 0.060791 0.046717 -3.166857
v 0.042779 0.064023 -3.156857
v 0.029467 0.071139 -3.156857
v 0.015022 0.075520 -3.156857
v -0.000000 0.054966 -3.316857
v 0.010723 0.053910 -3.316857
v 0.021035 0.050782 -3.316857
v 0.030538 0.045703 -3.316857
v 0.038867 0.038867 -3.316857
v 0.045703 0.030538 -3.316857
v 0.050782 0.021035 -3.316857
v 0.053910 0.010723 -3.316857
v 0.054966 -0.000000 -3.316857
v 0.053910 -0.010723 -3.316857
v 0.050782 -0.021035 -3.316857
v 0.045703 -0.030538 -3.316857
v 0.038867 -0.038867 -3.316857
v 0.030538 -0.045703 -3.316857
v 0.021035 -0.050782 -3.316857
v 0.010723 -0.053910 -3.316857
v -0.000000 -0.054966 -3.316857
v -0.010723 -0.053910 -3.316857
v -0.021035 -0.050782 -3.316857
v -0.030538 -0.045703 -3.316857
v -0.038867 -0.038867 -3.316857
v -0.045703 -0.030538 -3.316857
v -0.050782 -0.021035 -3.316857
v -0.053910 -0.010723 -3.316857
v -0.054966 -0.000000 -3.316857
v -0.053910 0.010723 -3.316857
v -0.050782 0.021035 -3.316857
v -0.045703 0.030538 -3.316857
v -0.038867 0.038867 -3.316857
v -0.030538 0.045703 -3.316857
v -0.021035 0.050782 -3.316857
v -0.010723 0.053910 -3.316857
v 0.030538 -0.045703 -3.326857
v -0.050782 0.021035 -3.326857
v 0.038867 -0.038867 -3.326857
v -0.053910 0.010723 -3.326857
v 0.045703 -0.030538 -3.326857
v -0.054966 -0.000000 -3.326857
v 0.050782 -0.021035 -3.326857
v -0.053910 -0.010723 -3.326857
v 0.053910 -0.010723 -3.326857
v -0.050782 -0.021035 -3.326857
v 0.054966 -0.000000 -3.326857
v 0.053910 0.010723 -3.326857
v -0.045703 -0.030538 -3.326857
v -0.038867 -0.038867 -3.326857
v -0.000000 0.054966 -3.326857
v 0.010723 0.053910 -3.326857
v 0.021035 0.050782 -3.326857
v 0.030538 0.045703 -3.326857
v 0.038867 0.038867 -3.326857
v 0.045703 0.030538 -3.326857
v 0.050782 0.021035 -3.326857
v 0.021035 -0.050782 -3.326857
v 0.010723 -0.053910 -3.326857
v -0.000000 -0.054966 -3.326857
v -0.010723 -0.053910 -3.326857
v -0.021035 -0.050782 -3.326857
v -0.030538 -0.045703 -3.326857
v -0.045703 0.030538 -3.326857
v -0.038867 0.038867 -3.326857
v -0.030538 0.045703 -3.326857
v -0.021035 0.050782 -3.326857
v -0.010723 0.053910 -3.326857
v -0.013650 0.068622 -3.156857
v -0.026775 0.064640 -3.156857
v -0.038871 0.058175 -3.156857
v -0.055817 0.041743 -3.166857
v -0.058175 0.038871 -3.156857
v -0.064640 0.026775 -3.156857
v -0.068622 0.013650 -3.156857
v -0.069966 -0.000000 -3.156857
v -0.068622 -0.013650 -3.156857
v -0.064640 -0.026775 -3.156857
v -0.058175 -0.038871 -3.156857
v -0.055817 -0.041743 -3.166857
v -0.038871 -0.058175 -3.156857
v -0.026775 -0.064640 -3.156857
v -0.013650 -0.068622 -3.156857
v -0.000000 -0.069966 -3.156857
v 0.013650 -0.068622 -3.156857
v 0.026775 -0.064640 -3.156857
v 0.038871 -0.058175 -3.156857
v 0.055817 -0.041743 -3.166857
v 0.058175 -0.038871 -3.156857
v 0.064640 -0.026775 -3.156857
v 0.068622 -0.013650 -3.156857
v 0.069966 -0.000000 -3.156857
v 0.068622 0.013650 -3.156857
v 0.064640 0.026775 -3.156857
v 0.058175 0.038871 -3.156857
v 0.055817 0.041743 -3.166857
v 0.038871 0.058175 -3.156857
v 0.026775 0.064640 -3.156857
v 0.013650 0.068622 -3.156857
v -0.000000 0.069966 -3.156857
v -0.000000 0.084700 -3.150607
v -0.016524 0.083072 -3.150607
v -0.032413 0.078253 -3.150607
v -0.047057 0.070425 -3.150607
v -0.059892 0.059892 -3.150607
v -0.070426 0.047057 -3.150607
v -0.078253 0.032413 -3.150607
v -0.083073 0.016524 -3.150607
v -0.084700 -0.000000 -3.150607
v -0.083073 -0.016524 -3.150607
v -0.078253 -0.032413 -3.150607
v -0.070426 -0.047057 -3.150607
v -0.059892 -0.059892 -3.150607
v -0.047057 -0.070426 -3.150607
v -0.032413 -0.078253 -3.150607
v -0.016524 -0.083073 -3.150607
v -0.000000 -0.084700 -3.150607
v 0.016524 -0.083073 -3.150607
v 0.032413 -0.078253 -3.150607
v 0.047057 -0.070426 -3.150607
v 0.059892 -0.059892 -3.150607
v 0.070425 -0.047057 -3.150607
v 0.078253 -0.032413 -3.150607
v 0.083072 -0.016524 -3.150607
v 0.084700 -0.000000 -3.150607
v 0.083072 0.016524 -3.150607
v 0.078253 0.032413 -3.150607
v 0.070425 0.047057 -3.150607
v 0.059892 0.059892 -3.150607
v 0.047057 0.070425 -3.150607
v 0.032413 0.078253 -3.150607
v 0.016524 0.083072 -3.150607
v -0.000000 0.076963 -3.150607
v -0.015015 0.075484 -3.150607
v -0.029452 0.071104 -3.150607
v -0.042758 0.063992 -3.150607
v -0.054421 0.054421 -3.150607
v -0.063992 0.042758 -3.150607
v -0.071104 0.029452 -3.150607
v -0.075484 0.015015 -3.150607
v -0.076963 -0.000000 -3.150607
v -0.075484 -0.015015 -3.150607
v -0.071104 -0.029452 -3.150607
v -0.063992 -0.042758 -3.150607
v -0.054421 -0.054421 -3.150607
v -0.042758 -0.063992 -3.150607
v -0.029452 -0.071104 -3.150607
v -0.015015 -0.075484 -3.150607
v -0.000000 -0.076963 -3.150607
v 0.015015 -0.075484 -3.150607
v 0.029452 -0.071104 -3.150607
v 0.042758 -0.063992 -3.150607
v 0.054421 -0.054421 -3.150607
v 0.063992 -0.042758 -3.150607
v 0.071104 -0.029452 -3.150607
v 0.075484 -0.015015 -3.150607
v 0.076963 -0.000000 -3.150607
v 0.075484 0.015015 -3.150607
v 0.071104 0.029452 -3.150607
v 0.063992 0.042758 -3.150607
v 0.054421 0.054421 -3.150607
v 0.042758 0.063992 -3.150607
v 0.029452 0.071104 -3.150607
v 0.015015 0.075484 -3.150607
v 0.054447 0.054447 -3.156857
v 0.054447 0.054447 -3.306857
v 0.064023 0.042779 -3.306857
v 0.071139 0.029467 -3.306857
v 0.075520 0.015022 -3.306857
v 0.077000 -0.000000 -3.306857
v 0.075520 -0.015022 -3.306857
v 0.071139 -0.029467 -3.306857
v 0.064023 -0.042779 -3.306857
v 0.054447 -0.054447 -3.306857
v 0.054447 -0.054447 -3.156857
v -0.054447 -0.054447 -3.156857
v -0.054447 -0.054447 -3.306857
v -0.064023 -0.042779 -3.306857
v -0.071139 -0.029467 -3.306857
v -0.075521 -0.015022 -3.306857
v -0.077000 -0.000000 -3.306857
v -0.075521 0.015022 -3.306857
v -0.071139 0.029467 -3.306857
v -0.064023 0.042779 -3.306857
v -0.054447 0.054447 -3.306857
v -0.054447 0.054447 -3.156857
v -0.064023 0.042779 -3.166857
v -0.071139 0.029467 -3.166857
v -0.075521 0.015022 -3.166857
v -0.077000 -0.000000 -3.166857
v -0.075521 -0.015022 -3.166857
v -0.071139 -0.029467 -3.166857
v -0.064023 -0.042779 -3.166857
v 0.064023 -0.042779 -3.166857
v 0.071139 -0.029467 -3.166857
v 0.075520 -0.015022 -3.166857
v 0.077000 -0.000000 -3.166857
v 0.075520 0.015022 -3.166857
v 0.071139 0.029467 -3.166857
v 0.064023 0.042779 -3.166857
v 0.049473 0.049474 -3.306857
v 0.058175 0.038871 -3.306857
v 0.064640 0.026775 -3.306857
v 0.068622 0.013650 -3.306857
v 0.069966 -0.000000 -3.306857
v 0.068622 -0.013650 -3.306857
v 0.064640 -0.026775 -3.306857
v 0.058175 -0.038871 -3.306857
v 0.049473 -0.049474 -3.306857
v -0.049474 -0.049474 -3.306857
v -0.058175 -0.038871 -3.306857
v -0.064640 -0.026775 -3.306857
v -0.068622 -0.013650 -3.306857
v -0.069966 -0.000000 -3.306857
v -0.068622 0.013650 -3.306857
v -0.064640 0.026775 -3.306857
v -0.058175 0.038871 -3.306857
v -0.049474 0.049474 -3.306857
v -0.049474 0.049473 -3.156857
v -0.049474 -0.049474 -3.156857
v 0.049473 -0.049474 -3.156857
v 0.049473 0.049473 -3.156857
v 0.058175 0.038871 -3.166857
v 0.064640 0.026775 -3.166857
v 0.068622 0.013650 -3.166857
v 0.069966 -0.000000 -3.166857
v 0.068622 -0.013650 -3.166857
v 0.064640 -0.026775 -3.166857
v 0.058175 -0.038871 -3.166857
v -0.058175 -0.038871 -3.166857
v -0.064640 -0.026775 -3.166857
v -0.068622 -0.013650 -3.166857
v -0.069966 -0.000000 -3.166857
v -0.068622 0.013650 -3.166857
v -0.064640 0.026775 -3.166857
v -0.058175 0.038871 -3.166857
v -0.000000 0.084700 -3.133732
v -0.016524 0.083072 -3.133732
v -0.032413 0.078253 -3.133732
v -0.047057 0.070425 -3.133732
v -0.059892 0.059892 -3.133732
v -0.075139 0.038238 -3.123732
v -0.078253 0.032413 -3.123732
v -0.083073 0.016524 -3.123732
v -0.084700 -0.000000 -3.123732
v -0.083073 -0.016524 -3.123732
v -0.078253 -0.032413 -3.123732
v -0.075139 -0.038238 -3.123732
v -0.059892 -0.059892 -3.133732
v -0.047057 -0.070426 -3.133732
v -0.032413 -0.078253 -3.133732
v -0.016524 -0.083073 -3.133732
v -0.000000 -0.084700 -3.133732
v 0.016524 -0.083073 -3.133732
v 0.032413 -0.078253 -3.133732
v 0.047057 -0.070426 -3.133732
v 0.059892 -0.059892 -3.133732
v 0.075139 -0.038238 -3.123732
v 0.078253 -0.032413 -3.123732
v 0.083072 -0.016524 -3.123732
v 0.084700 -0.000000 -3.123732
v 0.083072 0.016524 -3.123732
v 0.078253 0.032413 -3.123732
v 0.075139 0.038238 -3.123732
v 0.059892 0.059892 -3.133732
v 0.047057 0.070425 -3.133732
v 0.032413 0.078253 -3.133732
v 0.016524 0.083072 -3.133732
v -0.000000 0.076963 -3.133732
v -0.015015 0.075484 -3.133732
v -0.029452 0.071104 -3.133732
v -0.042758 0.063992 -3.133732
v -0.054421 0.054421 -3.133732
v -0.068706 0.033939 -3.123732
v -0.071104 0.029452 -3.123732
v -0.075484 0.015015 -3.123732
v -0.076963 -0.000000 -3.123732
v -0.075484 -0.015015 -3.123732
v -0.071104 -0.029452 -3.123732
v -0.068706 -0.033939 -3.123732
v -0.054421 -0.054421 -3.133732
v -0.042758 -0.063992 -3.133732
v -0.029452 -0.071104 -3.133732
v -0.015015 -0.075484 -3.133732
v -0.000000 -0.076963 -3.133732
v 0.015015 -0.075484 -3.133732
v 0.029452 -0.071104 -3.133732
v 0.042758 -0.063992 -3.133732
v 0.054421 -0.054421 -3.133732
v 0.068706 -0.033939 -3.123732
v 0.071104 -0.029452 -3.123732
v 0.075484 -0.015015 -3.123732
v 0.076963 -0.000000 -3.123732
v 0.075484 0.015015 -3.123732
v 0.071104 0.029452 -3.123732
v 0.068706 0.033939 -3.123732
v 0.054421 0.054421 -3.133732
v 0.042758 0.063992 -3.133732
v 0.029452 0.071104 -3.133732
v 0.015015 0.075484 -3.133732
v -0.000000 0.063167 -3.037107
v 0.012323 0.061954 -3.037107
v 0.024173 0.058359 -3.037107
v 0.035094 0.052522 -3.037107
v 0.044666 0.044666 -3.037107
v 0.059405 0.027721 -3.046764
v 0.058359 0.024173 -3.037107
v 0.061954 0.012323 -3.037107
v 0.063167 -0.000000 -3.037107
v 0.061954 -0.012323 -3.037107
v 0.058359 -0.024173 -3.037107
v 0.059405 -0.027721 -3.046764
v 0.044666 -0.044666 -3.037107
v 0.035094 -0.052522 -3.037107
v 0.024173 -0.058359 -3.037107
v 0.012323 -0.061954 -3.037107
v -0.000000 -0.063167 -3.037107
v -0.012323 -0.061954 -3.037107
v -0.024173 -0.058359 -3.037107
v -0.035094 -0.052522 -3.037107
v -0.044666 -0.044666 -3.037107
v -0.059405 -0.027721 -3.046764
v -0.058359 -0.024173 -3.037107
v -0.061954 -0.012323 -3.037107
v -0.063168 -0.000000 -3.037107
v -0.061954 0.012323 -3.037107
v -0.058359 0.024173 -3.037107
v -0.059405 0.027721 -3.046764
v -0.044666 0.044666 -3.037107
v -0.035094 0.052522 -3.037107
v -0.024173 0.058359 -3.037107
v -0.012323 0.061954 -3.037107
v -0.000000 0.057397 -3.037107
v -0.011198 0.056294 -3.037107
v -0.021965 0.053028 -3.037107
v -0.031888 0.047724 -3.037107
v -0.040586 0.040586 -3.037107
v -0.054421 0.024391 -3.046821
v -0.053028 0.021965 -3.037107
v -0.056294 0.011198 -3.037107
v -0.057397 -0.000000 -3.037107
v -0.056294 -0.011198 -3.037107
v -0.053028 -0.021965 -3.037107
v -0.054421 -0.024391 -3.046821
v -0.040586 -0.040586 -3.037107
v -0.031888 -0.047724 -3.037107
v -0.021965 -0.053028 -3.037107
v -0.011198 -0.056294 -3.037107
v -0.000000 -0.057397 -3.037107
v 0.011198 -0.056294 -3.037107
v 0.021965 -0.053028 -3.037107
v 0.031888 -0.047724 -3.037107
v 0.040586 -0.040586 -3.037107
v 0.054421 -0.024391 -3.046821
v 0.053028 -0.021965 -3.037107
v 0.056294 -0.011198 -3.037107
v 0.057397 -0.000000 -3.037107
v 0.056294 0.011198 -3.037107
v 0.053028 0.021965 -3.037107
v 0.054421 0.024391 -3.046821
v 0.040586 0.040586 -3.037107
v 0.031888 0.047724 -3.037107
v 0.021965 0.053028 -3.037107
v 0.011198 0.056294 -3.037107
v -0.052522 -0.035094 -3.037107
v -0.070426 -0.047057 -3.116857
v -0.052522 0.035094 -3.037107
v -0.070426 0.047057 -3.116857
v -0.070426 0.047057 -3.133732
v -0.070426 -0.047057 -3.133732
v -0.078253 -0.032413 -3.133732
v -0.083073 -0.016524 -3.133732
v -0.084700 -0.000000 -3.133732
v -0.083073 0.016524 -3.133732
v -0.078253 0.032413 -3.133732
v -0.060747 0.025162 -3.046770
v -0.064488 0.012828 -3.046770
v -0.065752 -0.000000 -3.046770
v -0.064488 -0.012828 -3.046770
v -0.060747 -0.025162 -3.046770
v -0.047724 0.031888 -3.037107
v -0.063992 0.042758 -3.116857
v -0.047724 -0.031888 -3.037107
v -0.063992 -0.042758 -3.116857
v -0.063992 0.042758 -3.133732
v -0.063992 -0.042758 -3.133732
v -0.071104 -0.029452 -3.133732
v -0.075484 -0.015015 -3.133732
v -0.076963 -0.000000 -3.133732
v -0.075484 0.015015 -3.133732
v -0.071104 0.029452 -3.133732
v -0.055210 0.022869 -3.046826
v -0.058611 0.011658 -3.046826
v -0.059759 -0.000000 -3.046826
v -0.058611 -0.011658 -3.046826
v -0.055210 -0.022869 -3.046826
v 0.052522 0.035094 -3.037107
v 0.070425 0.047057 -3.116857
v 0.052522 -0.035094 -3.037107
v 0.070425 -0.047057 -3.116857
v 0.070425 -0.047057 -3.133732
v 0.070425 0.047057 -3.133732
v 0.078253 0.032413 -3.133732
v 0.083072 0.016524 -3.133732
v 0.084700 -0.000000 -3.133732
v 0.083072 -0.016524 -3.133732
v 0.078253 -0.032413 -3.133732
v 0.060747 -0.025162 -3.046770
v 0.064488 -0.012828 -3.046770
v 0.065752 -0.000000 -3.046770
v 0.064488 0.012828 -3.046770
v 0.060747 0.025162 -3.046770
v 0.047724 -0.031888 -3.037107
v 0.063992 -0.042758 -3.116857
v 0.047724 0.031888 -3.037107
v 0.063992 0.042758 -3.116857
v 0.063992 -0.042758 -3.133732
v 0.063992 0.042758 -3.133732
v 0.071104 0.029452 -3.133732
v 0.075484 0.015015 -3.133732
v 0.076963 -0.000000 -3.133732
v 0.075484 -0.015015 -3.133732
v 0.071104 -0.029452 -3.133732
v 0.055210 -0.022869 -3.046826
v 0.058611 -0.011658 -3.046826
v 0.059759 -0.000000 -3.046826
v 0.058611 0.011658 -3.046826
v 0.055210 0.022869 -3.046826
v 0.058175 0.038871 -3.176857
v 0.064023 0.042779 -3.176857
v -0.058175 0.038871 -3.176857
v -0.064023 0.042779 -3.176857
v -0.058175 -0.038871 -3.176857
v -0.064023 -0.042779 -3.176857
v 0.064023 -0.042779 -3.176857
v 0.058175 -0.038871 -3.176857
v 0.064640 0.026775 -3.176857
v 0.071139 0.029467 -3.176857
v 0.068622 0.013650 -3.176857
v 0.075520 0.015022 -3.176857
v 0.069966 -0.000000 -3.176857
v 0.077000 -0.000000 -3.176857
v 0.068622 -0.013650 -3.176857
v 0.075520 -0.015022 -3.176857
v 0.064640 -0.026775 -3.176857
v 0.071139 -0.029467 -3.176857
v -0.075521 0.015022 -3.176857
v -0.071139 0.029467 -3.176857
v -0.077000 -0.000000 -3.176857
v -0.075521 -0.015022 -3.176857
v -0.071139 -0.029467 -3.176857
v -0.064640 -0.026775 -3.176857
v -0.068622 -0.013650 -3.176857
v -0.069966 -0.000000 -3.176857
v -0.068622 0.013650 -3.176857
v -0.064640 0.026775 -3.176857
v -0.058175 0.038871 -3.286857
v -0.064023 0.042779 -3.286857
v -0.058175 -0.038871 -3.286857
v -0.064023 -0.042779 -3.286857
v 0.064023 -0.042779 -3.286857
v 0.058175 -0.038871 -3.286857
v 0.058175 0.038871 -3.286857
v 0.064023 0.042779 -3.286857
v 0.068622 0.013650 -3.286857
v 0.075520 0.015022 -3.286857
v 0.064640 0.026775 -3.286857
v 0.071139 0.029467 -3.286857
v 0.077000 -0.000000 -3.286857
v 0.075520 -0.015022 -3.286857
v 0.071139 -0.029467 -3.286857
v -0.071139 -0.029467 -3.286857
v -0.075521 -0.015022 -3.286857
v -0.077000 -0.000000 -3.286857
v -0.075521 0.015022 -3.286857
v -0.071139 0.029467 -3.286857
v 0.069966 -0.000000 -3.286857
v 0.068622 -0.013650 -3.286857
v 0.064640 -0.026775 -3.286857
v -0.064640 -0.026775 -3.286857
v -0.068622 -0.013650 -3.286857
v -0.069966 -0.000000 -3.286857
v -0.068622 0.013650 -3.286857
v -0.064640 0.026775 -3.286857
vn 0.0947 0.9611 0.2595
vn 0.2803 0.9242 0.2595
vn 0.4552 0.8517 0.2595
vn 0.6127 0.7465 0.2595
vn 0.7465 0.6127 0.2595
vn 0.8517 0.4552 0.2595
vn 0.9242 0.2803 0.2595
vn 0.9611 0.0947 0.2595
vn 0.9611 -0.0947 0.2595
vn 0.9242 -0.2803 0.2595
vn 0.8517 -0.4552 0.2595
vn 0.7465 -0.6127 0.2595
vn 0.6127 -0.7465 0.2595
vn 0.4552 -0.8517 0.2595
vn 0.2803 -0.9242 0.2595
vn 0.0947 -0.9611 0.2595
vn -0.0947 -0.9611 0.2595
vn -0.2803 -0.9242 0.2595
vn -0.4552 -0.8517 0.2595
vn -0.6127 -0.7465 0.2595
vn -0.7465 -0.6127 0.2595
vn -0.8517 -0.4552 0.2595
vn -0.9242 -0.2803 0.2595
vn -0.9611 -0.0947 0.2595
vn -0.9611 0.0947 0.2595
vn -0.9242 0.2803 0.2595
vn -0.8517 0.4552 0.2595
vn -0.7465 0.6127 0.2595
vn -0.6127 0.7465 0.2595
vn -0.4552 0.8517 0.2595
vn -0.2803 0.9242 0.2595
vn -0.0947 0.9611 0.2595
vn 0.0980 -0.9952 -0.0000
vn -0.0980 0.9952 -0.0000
vn -0.2903 0.9569 -0.0000
vn -0.4714 0.8819 -0.0000
vn -0.6344 0.7730 -0.0000
vn -0.7730 0.6344 -0.0000
vn -0.7730 -0.6344 -0.0000
vn -0.6344 -0.7730 -0.0000
vn -0.4714 -0.8819 -0.0000
vn -0.2903 -0.9569 -0.0000
vn -0.0980 -0.9952 -0.0000
vn 0.2903 -0.9569 -0.0000
vn 0.4714 -0.8819 -0.0000
vn 0.6344 -0.7730 -0.0000
vn 0.7730 -0.6344 -0.0000
vn 0.7730 0.6344 -0.0000
vn 0.6344 0.7730 -0.0000
vn 0.4714 0.8819 -0.0000
vn 0.2903 0.9569 -0.0000
vn 0.0980 0.9952 -0.0000
vn -0.0000 -0.0000 1.0000
vn -0.4302 -0.3531 0.8308
vn 0.1616 0.5326 0.8308
vn 0.1616 -0.5326 0.8308
vn 0.9569 -0.2903 -0.0000
vn 0.5556 -0.8315 -0.0000
vn -0.8819 0.4714 -0.0000
vn -0.3531 -0.4302 0.8308
vn 0.9952 -0.0980 -0.0000
vn 0.0546 0.5539 0.8308
vn -0.9569 0.2903 -0.0000
vn 0.2624 -0.4908 0.8308
vn 0.9952 0.0980 -0.0000
vn -0.2624 -0.4908 0.8308
vn -0.9952 0.0980 -0.0000
vn 0.9569 0.2903 -0.0000
vn -0.0546 0.5539 0.8308
vn 0.3531 -0.4302 0.8308
vn -0.9952 -0.0980 -0.0000
vn -0.1616 -0.5326 0.8308
vn 0.8819 0.4714 -0.0000
vn 0.8819 -0.4714 -0.0000
vn -0.8819 -0.4714 -0.0000
vn -0.0952 -0.9668 -0.2372
vn -0.2820 -0.9296 -0.2372
vn -0.4579 -0.8568 -0.2372
vn -0.6163 -0.7510 -0.2372
vn -0.7510 -0.6163 -0.2372
vn 0.0090 -0.0027 -1.0000
vn 0.0073 -0.0063 -1.0000
vn 0.5555 0.8315 -0.0000
vn 0.5556 0.8315 -0.0004
vn -0.7510 0.6163 -0.2372
vn -0.6163 0.7510 -0.2372
vn -0.4579 0.8568 -0.2372
vn -0.2820 0.9296 -0.2372
vn -0.0952 0.9668 -0.2372
vn 0.0952 0.9668 -0.2372
vn 0.2820 0.9296 -0.2372
vn 0.4579 0.8568 -0.2372
vn 0.6163 0.7510 -0.2372
vn 0.7510 0.6163 -0.2372
vn 0.7510 -0.6163 -0.2372
vn 0.6163 -0.7510 -0.2372
vn 0.4579 -0.8568 -0.2372
vn 0.2820 -0.9296 -0.2372
vn 0.0952 -0.9668 -0.2372
vn 0.1204 0.3971 -0.9099
vn 0.1956 0.3659 -0.9099
vn 0.2632 0.3207 -0.9099
vn 0.3207 0.2632 -0.9099
vn 0.3659 0.1956 -0.9099
vn 0.3971 0.1204 -0.9099
vn 0.4129 0.0407 -0.9099
vn 0.4129 -0.0407 -0.9099
vn 0.3971 -0.1204 -0.9099
vn 0.3659 -0.1956 -0.9099
vn 0.3207 -0.2632 -0.9099
vn 0.2632 -0.3207 -0.9099
vn 0.1956 -0.3659 -0.9099
vn 0.1204 -0.3971 -0.9099
vn 0.0407 -0.4129 -0.9099
vn -0.0407 -0.4129 -0.9099
vn -0.1204 -0.3971 -0.9099
vn -0.1956 -0.3659 -0.9099
vn -0.2632 -0.3207 -0.9099
vn -0.3207 -0.2632 -0.9099
vn -0.3659 -0.1956 -0.9099
vn -0.3971 -0.1204 -0.9099
vn -0.4129 -0.0407 -0.9099
vn -0.4129 0.0407 -0.9099
vn -0.3971 0.1204 -0.9099
vn -0.3659 0.1956 -0.9099
vn -0.3207 0.2632 -0.9099
vn -0.2632 0.3207 -0.9099
vn -0.1956 0.3659 -0.9099
vn -0.1204 0.3971 -0.9099
vn -0.0407 0.4129 -0.9099
vn -0.1616 0.5326 0.8308
vn 0.4302 -0.3531 0.8308
vn -0.0546 -0.5539 0.8308
vn -0.2624 0.4908 0.8308
vn 0.4908 -0.2624 0.8308
vn -0.3531 0.4302 0.8308
vn 0.5326 -0.1616 0.8308
vn -0.9569 -0.2903 -0.0000
vn 0.0546 -0.5539 0.8308
vn 0.2624 0.4908 0.8308
vn -0.4908 -0.2624 0.8308
vn 0.3531 0.4302 0.8308
vn -0.5326 -0.1616 0.8308
vn 0.4302 0.3531 0.8308
vn -0.5539 -0.0545 0.8308
vn 0.4908 0.2624 0.8308
vn -0.5539 0.0546 0.8308
vn 0.5326 0.1616 0.8308
vn -0.5326 0.1616 0.8308
vn 0.5539 0.0545 0.8308
vn -0.4908 0.2624 0.8308
vn 0.5539 -0.0546 0.8308
vn -0.4302 0.3531 0.8308
vn 0.0407 0.4129 -0.9099
vn -0.0655 -0.6648 0.7442
vn -0.1939 -0.6392 0.7442
vn -0.3149 -0.5891 0.7442
vn -0.4238 -0.5164 0.7442
vn -0.5164 -0.4238 0.7442
vn -0.5891 -0.3149 0.7442
vn -0.6392 -0.1939 0.7442
vn -0.6648 -0.0655 0.7442
vn -0.6648 0.0655 0.7442
vn -0.6392 0.1939 0.7442
vn -0.5891 0.3149 0.7442
vn -0.5164 0.4238 0.7442
vn -0.4238 0.5164 0.7442
vn -0.3149 0.5891 0.7442
vn -0.1939 0.6392 0.7442
vn -0.0655 0.6648 0.7442
vn 0.0655 0.6648 0.7442
vn 0.1939 0.6392 0.7442
vn 0.3149 0.5891 0.7442
vn 0.4238 0.5164 0.7442
vn 0.5164 0.4238 0.7442
vn 0.5891 0.3149 0.7442
vn 0.6392 0.1939 0.7442
vn 0.6648 0.0655 0.7442
vn 0.6648 -0.0655 0.7442
vn 0.6392 -0.1939 0.7442
vn 0.5891 -0.3149 0.7442
vn 0.5164 -0.4238 0.7442
vn 0.4238 -0.5164 0.7442
vn 0.3149 -0.5891 0.7442
vn 0.1939 -0.6392 0.7442
vn 0.0655 -0.6648 0.7442
vn 0.0620 0.6290 -0.7749
vn 0.1835 0.6048 -0.7749
vn 0.2979 0.5574 -0.7749
vn 0.4010 0.4886 -0.7749
vn 0.4886 0.4010 -0.7749
vn 0.5574 0.2979 -0.7749
vn 0.6048 0.1835 -0.7749
vn 0.6290 0.0620 -0.7749
vn 0.6290 -0.0620 -0.7749
vn 0.6048 -0.1835 -0.7749
vn 0.5574 -0.2979 -0.7749
vn 0.4886 -0.4010 -0.7749
vn 0.4010 -0.4886 -0.7749
vn 0.2979 -0.5574 -0.7749
vn 0.1835 -0.6048 -0.7749
vn 0.0620 -0.6290 -0.7749
vn -0.0620 -0.6290 -0.7749
vn -0.1835 -0.6048 -0.7749
vn -0.2979 -0.5574 -0.7749
vn -0.4010 -0.4886 -0.7749
vn -0.4886 -0.4010 -0.7749
vn -0.5574 -0.2979 -0.7749
vn -0.6048 -0.1835 -0.7749
vn -0.6290 -0.0620 -0.7749
vn -0.6290 0.0620 -0.7749
vn -0.6048 0.1835 -0.7749
vn -0.5574 0.2979 -0.7749
vn -0.4886 0.4010 -0.7749
vn -0.4010 0.4886 -0.7749
vn -0.2979 0.5574 -0.7749
vn -0.1835 0.6048 -0.7749
vn -0.0620 0.6290 -0.7749
vn -0.5556 -0.8315 -0.0000
vn -0.5556 0.8315 -0.0000
vn -0.0000 -0.0000 -1.0000
vn 0.5556 -0.8315 -0.0004
vn 0.5555 -0.8315 -0.0000
vn -0.5556 -0.8315 -0.0004
vn -0.5555 -0.8315 -0.0000
vn -0.5555 0.8315 -0.0000
vn -0.5556 0.8315 -0.0004
vn 0.8568 -0.4579 -0.2372
vn 0.9296 -0.2820 -0.2372
vn 0.9668 -0.0952 -0.2372
vn 0.9668 0.0952 -0.2372
vn 0.9296 0.2820 -0.2372
vn 0.8568 0.4579 -0.2372
vn -0.8568 0.4579 -0.2372
vn -0.9296 0.2820 -0.2372
vn -0.9668 0.0952 -0.2372
vn -0.9668 -0.0952 -0.2372
vn -0.9296 -0.2820 -0.2372
vn -0.8568 -0.4579 -0.2372
vn -0.8803 -0.4744 -0.0049
vn -0.9248 0.2805 0.2572
vn -0.9617 0.0947 0.2572
vn -0.9617 -0.0947 0.2572
vn -0.9248 -0.2805 0.2572
vn -0.8561 -0.4481 0.2574
vn 0.8806 -0.4739 0.0041
vn 0.8632 -0.4467 -0.2353
vn 0.9301 -0.2822 -0.2350
vn 0.9673 -0.0953 -0.2350
vn 0.9673 0.0953 -0.2350
vn 0.9301 0.2822 -0.2350
vn -0.0073 0.0063 -1.0000
vn -0.0090 0.0027 -1.0000
vn -0.0094 0.0009 -1.0000
vn -0.0094 -0.0009 -1.0000
vn -0.0090 -0.0027 -1.0000
vn -0.0072 -0.0072 -0.9999
vn 0.8803 0.4744 -0.0049
vn 0.9248 -0.2805 0.2572
vn 0.9617 -0.0947 0.2572
vn 0.9617 0.0947 0.2572
vn 0.9248 0.2805 0.2572
vn 0.8561 0.4481 0.2574
vn -0.8806 0.4739 0.0041
vn -0.8632 0.4467 -0.2353
vn -0.9301 0.2822 -0.2350
vn -0.9673 0.0953 -0.2350
vn -0.9673 -0.0953 -0.2350
vn -0.9301 -0.2822 -0.2350
vn 0.0094 -0.0009 -1.0000
vn 0.0094 0.0009 -1.0000
vn 0.0090 0.0027 -1.0000
vn 0.0072 0.0072 -0.9999
vn 0.5556 0.8315 -0.0000
vn -1.0000 -0.0000 -0.0000
vn 0.0072 -0.0072 -0.9999
vn 0.5555 0.8315 -0.0005
vn -0.0000 1.0000 -0.0000
vn -0.5539 -0.0546 0.8308
vn -0.5539 0.0545 0.8308
vn 0.5539 0.0546 0.8308
vn 0.5539 -0.0545 0.8308
vn 1.0000 -0.0000 -0.0000
vn 0.5555 -0.8315 -0.0005
vn -0.5555 -0.8315 -0.0005
vn -0.5555 0.8315 -0.0005
vn -0.8803 0.4744 -0.0049
vn -0.8561 0.4481 0.2574
vn 0.8806 0.4739 0.0041
vn 0.8632 0.4467 -0.2353
vn -0.0072 0.0072 -0.9999
vn -0.0073 -0.0063 -1.0000
vn 0.8803 -0.4744 -0.0049
vn 0.8561 -0.4481 0.2574
vn -0.8806 -0.4739 0.0041
vn -0.8632 -0.4467 -0.2353
vn 0.0073 0.0063 -1.0000
vt 1.000000 1.000000
vt 0.968750 0.931250
vt 1.000000 0.931250
vt 0.937500 1.000000
vt 0.937500 0.931250
vt 0.906250 1.000000
vt 0.906250 0.931250
vt 0.875000 0.931250
vt 0.843750 1.000000
vt 0.843750 0.931250
vt 0.812500 0.931250
vt 0.781250 1.000000
vt 0.781250 0.931250
vt 0.750000 1.000000
vt 0.750000 0.931250
vt 0.718750 1.000000
vt 0.718750 0.931250
vt 0.687500 1.000000
vt 0.687500 0.931250
vt 0.656250 1.000000
vt 0.656250 0.931250
vt 0.625000 0.931250
vt 0.593750 1.000000
vt 0.593750 0.931250
vt 0.562500 0.931250
vt 0.562500 1.000000
vt 0.531250 0.931250
vt 0.531250 1.000000
vt 0.500000 0.931250
vt 0.468750 1.000000
vt 0.468750 0.931250
vt 0.437500 0.931250
vt 0.437500 1.000000
vt 0.406250 0.931250
vt 0.406250 1.000000
vt 0.375000 0.931250
vt 0.375000 1.000000
vt 0.343750 0.931250
vt 0.343750 1.000000
vt 0.312500 0.931250
vt 0.312500 1.000000
vt 0.281250 0.931250
vt 0.281250 1.000000
vt 0.250000 0.931250
vt 0.250000 1.000000
vt 0.218750 0.931250
vt 0.218750 1.000000
vt 0.187500 0.931250
vt 0.187500 1.000000
vt 0.156250 0.931250
vt 0.156250 1.000000
vt 0.125000 0.931250
vt 0.125000 1.000000
vt 0.093750 0.931250
vt 0.093750 1.000000
vt 0.062500 0.931250
vt 0.062500 1.000000
vt 0.031250 0.931250
vt 0.000000 1.000000
vt 0.000000 0.931250
vt 0.625000 0.468076
vt 0.707455 0.463886
vt 0.750000 0.468076
vt 0.031250 0.750000
vt 0.000000 0.695312
vt 0.031250 0.695312
vt 0.062500 0.750000
vt 0.062500 0.695312
vt 0.093750 0.695313
vt 0.125000 0.695312
vt 0.093750 0.750000
vt 0.156250 0.750000
vt 0.156250 0.695312
vt 0.375000 0.695312
vt 0.343750 0.750000
vt 0.343750 0.695313
vt 0.406250 0.750000
vt 0.406250 0.695312
vt 0.437500 0.750000
vt 0.437500 0.695312
vt 0.468750 0.750000
vt 0.468750 0.695312
vt 0.500000 0.750000
vt 0.500000 0.695312
vt 0.531250 0.750000
vt 0.531250 0.695313
vt 0.562500 0.750000
vt 0.562500 0.695312
vt 0.593750 0.750000
vt 0.593750 0.695312
vt 0.625000 0.750000
vt 0.625000 0.695313
vt 0.656250 0.750000
vt 0.656250 0.695313
vt 0.875000 0.750000
vt 0.843750 0.695313
vt 0.875000 0.695313
vt 0.906250 0.750000
vt 0.906250 0.695313
vt 0.937500 0.750000
vt 0.937500 0.695312
vt 0.968750 0.750000
vt 0.968750 0.695312
vt 1.000000 0.750000
vt 1.000000 0.695312
vt 0.937500 0.500000
vt 0.968750 0.500000
vt 0.292545 0.463886
vt 0.250000 0.490000
vt 0.250000 0.468076
vt 0.125000 0.500000
vt 0.156250 0.500000
vt 0.333454 0.451476
vt 0.296822 0.485388
vt 0.904203 0.404203
vt 0.931324 0.371157
vt 0.371157 0.431324
vt 0.341844 0.471731
vt 0.707455 0.036114
vt 0.666546 0.048524
vt 0.419706 0.419706
vt 0.383337 0.449553
vt 0.406250 0.500000
vt 0.437500 0.500000
vt 0.431324 0.371157
vt 0.404203 0.404203
vt 0.666546 0.451476
vt 0.451476 0.333454
vt 0.449553 0.383337
vt 0.687500 0.500000
vt 0.718750 0.500000
vt 0.463886 0.292545
vt 0.471731 0.341844
vt 0.843750 0.562500
vt 0.895907 0.371157
vt 0.843750 0.535417
vt 0.468076 0.250000
vt 0.485388 0.296822
vt 0.187500 0.500000
vt 0.485388 0.203178
vt 0.490000 0.250000
vt 0.871157 0.431324
vt 0.451476 0.166546
vt 0.463886 0.207455
vt 1.000000 0.500000
vt 0.431324 0.128843
vt 0.471731 0.158156
vt 0.468750 0.500000
vt 0.419706 0.080294
vt 0.449553 0.116663
vt 0.750000 0.500000
vt 0.371157 0.068676
vt 0.404203 0.095797
vt 0.333454 0.048524
vt 0.383337 0.050447
vt 0.750000 0.031924
vt 0.292545 0.036114
vt 0.341844 0.028269
vt 0.218750 0.500000
vt 0.250000 0.031924
vt 0.296822 0.014612
vt 0.628843 0.431324
vt 0.207455 0.036114
vt 0.250000 0.010000
vt 0.500000 0.500000
vt 0.166546 0.048524
vt 0.203178 0.014612
vt 0.128843 0.068676
vt 0.158156 0.028269
vt 0.781250 0.500000
vt 0.080294 0.080294
vt 0.116663 0.050447
vt 0.833454 0.451476
vt 0.068676 0.128843
vt 0.095797 0.095797
vt 0.250000 0.500000
vt 0.048524 0.166546
vt 0.050447 0.116663
vt 0.036114 0.207455
vt 0.028269 0.158156
vt 0.531250 0.500000
vt 0.031924 0.250000
vt 0.014612 0.203178
vt 0.812500 0.500000
vt 0.014612 0.296822
vt 0.010000 0.250000
vt 0.792544 0.036114
vt 0.048524 0.333454
vt 0.036114 0.292545
vt 0.595797 0.404203
vt 0.068676 0.371157
vt 0.028269 0.341844
vt 0.281250 0.500000
vt 0.080294 0.419706
vt 0.050447 0.383337
vt 0.562500 0.500000
vt 0.128843 0.431324
vt 0.095797 0.404203
vt 0.166546 0.451476
vt 0.116663 0.449553
vt 0.792544 0.463886
vt 0.207455 0.463886
vt 0.158156 0.471731
vt 0.843750 0.500000
vt 0.203178 0.485388
vt 0.582455 0.463886
vt 0.541546 0.451476
vt 0.533260 0.371157
vt 0.540191 0.333454
vt 0.560343 0.371157
vt 0.943143 0.166546
vt 0.955553 0.207455
vt 0.312500 0.508333
vt 0.343750 0.535417
vt 0.527781 0.292545
vt 0.523590 0.250000
vt 0.281250 0.508333
vt 0.527781 0.207455
vt 0.470797 0.404203
vt 0.503843 0.431324
vt 0.156250 0.562500
vt 0.145703 0.616667
vt 0.145703 0.508333
vt 0.812500 0.616667
vt 0.406250 0.625000
vt 0.375000 0.500000
vt 0.503843 0.068676
vt 0.595797 0.095797
vt 0.470797 0.095797
vt 0.628843 0.068676
vt 0.582455 0.036114
vt 0.541546 0.048524
vt 0.625000 0.031924
vt 0.667544 0.036114
vt 0.708454 0.048524
vt 0.871157 0.068676
vt 0.833454 0.048524
vt 0.415257 0.250000
vt 0.419447 0.292545
vt 0.851409 0.250000
vt 0.847219 0.207455
vt 0.419447 0.207455
vt 0.847219 0.292545
vt 0.746157 0.431324
vt 0.779203 0.404203
vt 0.779203 0.095797
vt 0.746157 0.068676
vt 0.807310 0.119891
vt 0.868824 0.128843
vt 0.922990 0.128843
vt 0.708454 0.451476
vt 0.667545 0.463886
vt 1.000000 0.625000
vt 0.318750 0.468076
vt 0.542545 0.463886
vt 0.361295 0.463886
vt 0.402204 0.451476
vt 0.583454 0.451476
vt 0.439907 0.431324
vt 0.621157 0.431324
vt 0.654203 0.404203
vt 0.472953 0.404203
vt 0.500074 0.371157
vt 0.681324 0.371157
vt 0.554715 0.207463
vt 0.687506 0.909301
vt 0.542307 0.166553
vt 0.539370 0.161055
vt 0.680526 0.909301
vt 0.695049 0.153833
vt 0.675071 0.749600
vt 0.675071 0.727720
vt 0.716961 0.153833
vt 0.687500 0.727720
vt 0.723756 0.166546
vt 0.736166 0.207455
vt 0.718750 0.727720
vt 0.500074 0.128843
vt 0.654203 0.095797
vt 0.472953 0.095797
vt 0.439907 0.068676
vt 0.621157 0.068676
vt 0.583454 0.048524
vt 0.402204 0.048524
vt 0.361295 0.036114
vt 0.542545 0.036114
vt 0.500000 0.031924
vt 0.318750 0.031924
vt 0.276205 0.036114
vt 0.457455 0.036114
vt 0.235296 0.048524
vt 0.416546 0.048524
vt 0.378843 0.068676
vt 0.197593 0.068676
vt 0.345797 0.095797
vt 0.164547 0.095797
vt 0.318676 0.128843
vt 0.137426 0.128843
vt 0.137426 0.371157
vt 0.345797 0.404203
vt 0.164547 0.404203
vt 0.197593 0.431324
vt 0.378843 0.431324
vt 0.416546 0.451476
vt 0.235296 0.451476
vt 0.457455 0.463886
vt 0.276205 0.463886
vt 0.500000 0.468076
vt 0.796822 0.485388
vt 0.841844 0.471731
vt 0.883337 0.449553
vt 0.919706 0.419706
vt 0.949553 0.383337
vt 0.971731 0.341844
vt 0.963886 0.292545
vt 0.985388 0.296822
vt 0.990000 0.250000
vt 0.963886 0.207455
vt 0.985388 0.203178
vt 0.951476 0.166546
vt 0.971731 0.158156
vt 0.931324 0.128843
vt 0.949553 0.116663
vt 0.919706 0.080294
vt 0.883337 0.050447
vt 0.841844 0.028269
vt 0.796822 0.014612
vt 0.750000 0.010000
vt 0.703178 0.014612
vt 0.658156 0.028269
vt 0.616663 0.050447
vt 0.580294 0.080294
vt 0.568676 0.128843
vt 0.550447 0.116663
vt 0.528269 0.158156
vt 0.536114 0.207455
vt 0.514612 0.203178
vt 0.510000 0.250000
vt 0.536114 0.292545
vt 0.514612 0.296822
vt 0.548524 0.333454
vt 0.528269 0.341844
vt 0.568676 0.371157
vt 0.550447 0.383337
vt 0.580294 0.419706
vt 0.616663 0.449553
vt 0.658156 0.471731
vt 0.703178 0.485388
vt 0.750000 0.490000
vt 0.968750 0.625000
vt 0.656250 0.500000
vt 0.093750 0.500000
vt 0.906250 0.500000
vt 0.625000 0.500000
vt 0.343750 0.500000
vt 0.062500 0.500000
vt 0.875000 0.500000
vt 0.125000 0.625000
vt 0.937500 0.625000
vt 0.593750 0.500000
vt 0.904203 0.095797
vt 0.312500 0.500000
vt 0.093750 0.625000
vt 0.031250 0.500000
vt 0.906250 0.625000
vt 0.062500 0.625000
vt 0.031250 0.625000
vt 0.000000 0.500000
vt 0.531924 0.250000
vt 0.548524 0.166546
vt 0.968076 0.250000
vt 0.951476 0.333454
vt 0.656250 0.508333
vt 0.656250 0.562500
vt 0.645703 0.616667
vt 0.437500 0.625000
vt 0.468750 0.625000
vt 0.500000 0.625000
vt 0.531250 0.625000
vt 0.562500 0.625000
vt 0.593750 0.625000
vt 0.854297 0.508333
vt 0.875000 0.625000
vt 0.854297 0.616667
vt 0.609375 0.468076
vt 0.651920 0.463886
vt 0.692829 0.451476
vt 0.730532 0.431324
vt 0.763578 0.404203
vt 0.806324 0.371157
vt 0.790699 0.371157
vt 0.826476 0.333454
vt 0.810851 0.333454
vt 0.838886 0.292545
vt 0.823261 0.292545
vt 0.843076 0.250000
vt 0.827451 0.250000
vt 0.838886 0.207455
vt 0.823261 0.207455
vt 0.826476 0.166546
vt 0.810851 0.166546
vt 0.806324 0.128843
vt 0.790699 0.128843
vt 0.763578 0.095797
vt 0.730532 0.068676
vt 0.692829 0.048524
vt 0.651919 0.036114
vt 0.609375 0.031924
vt 0.566830 0.036114
vt 0.525921 0.048524
vt 0.488218 0.068676
vt 0.455172 0.095797
vt 0.428051 0.128843
vt 0.443676 0.128843
vt 0.407899 0.166546
vt 0.423524 0.166546
vt 0.395489 0.207455
vt 0.411114 0.207455
vt 0.391299 0.250000
vt 0.406924 0.250000
vt 0.395489 0.292545
vt 0.411114 0.292545
vt 0.407899 0.333454
vt 0.423524 0.333454
vt 0.428051 0.371157
vt 0.443676 0.371157
vt 0.455172 0.404203
vt 0.488218 0.431324
vt 0.525921 0.451476
vt 0.566830 0.463886
vt 1.000000 0.640625
vt 0.968750 0.640625
vt 0.937500 0.640625
vt 0.906250 0.640625
vt 0.875000 0.640625
vt 0.843750 0.625000
vt 0.843750 0.640625
vt 0.812500 0.625000
vt 0.812500 0.640625
vt 0.781250 0.625000
vt 0.781250 0.640625
vt 0.750000 0.625000
vt 0.750000 0.640625
vt 0.718750 0.625000
vt 0.718750 0.640625
vt 0.687500 0.625000
vt 0.687500 0.640625
vt 0.656250 0.625000
vt 0.656250 0.640625
vt 0.625000 0.625000
vt 0.625000 0.640625
vt 0.593750 0.640625
vt 0.562500 0.640625
vt 0.531250 0.640625
vt 0.468750 0.640625
vt 0.406250 0.640625
vt 0.375000 0.640625
vt 0.375000 0.625000
vt 0.343750 0.625000
vt 0.312500 0.640625
vt 0.312500 0.625000
vt 0.281250 0.640625
vt 0.281250 0.625000
vt 0.250000 0.640625
vt 0.250000 0.625000
vt 0.218750 0.640625
vt 0.218750 0.625000
vt 0.187500 0.640625
vt 0.187500 0.625000
vt 0.156250 0.640625
vt 0.156250 0.625000
vt 0.125000 0.640625
vt 0.093750 0.640625
vt 0.062500 0.640625
vt 0.031250 0.640625
vt 0.000000 0.640625
vt 0.000000 0.625000
vt 0.554687 0.468076
vt 0.512143 0.463886
vt 0.433531 0.431324
vt 0.471233 0.451476
vt 0.400484 0.404203
vt 0.373364 0.371157
vt 0.353211 0.333454
vt 0.340801 0.292545
vt 0.336611 0.250000
vt 0.340802 0.207455
vt 0.353211 0.166546
vt 0.400484 0.095797
vt 0.373364 0.128843
vt 0.433531 0.068676
vt 0.471233 0.048524
vt 0.554688 0.031924
vt 0.512143 0.036114
vt 0.597232 0.036114
vt 0.638142 0.048524
vt 0.675844 0.068676
vt 0.736011 0.128843
vt 0.708891 0.095797
vt 0.756164 0.166546
vt 0.768573 0.207455
vt 0.772764 0.250000
vt 0.768573 0.292545
vt 0.756164 0.333454
vt 0.736011 0.371157
vt 0.708891 0.404203
vt 0.675844 0.431324
vt 0.638142 0.451476
vt 0.597232 0.463886
vt 0.812500 0.508333
vt 0.843750 0.508333
vt 0.781250 0.508333
vt 0.750000 0.508333
vt 0.718750 0.508333
vt 0.687500 0.508333
vt 0.645703 0.508333
vt 0.354297 0.508333
vt 0.343750 0.508333
vt 0.250000 0.508333
vt 0.218750 0.508333
vt 0.187500 0.508333
vt 0.156250 0.508333
vt 0.567690 0.380109
vt 0.459357 0.380109
vt 0.187500 0.616667
vt 0.156250 0.616667
vt 0.218750 0.616667
vt 0.250000 0.616667
vt 0.281250 0.616667
vt 0.312500 0.616667
vt 0.343750 0.616667
vt 0.354297 0.616667
vt 0.687500 0.616667
vt 0.656250 0.616667
vt 0.750000 0.616667
vt 0.718750 0.616667
vt 0.781250 0.616667
vt 0.843750 0.616667
vt 0.915643 0.380109
vt 0.922990 0.371157
vt 0.943143 0.333454
vt 0.955553 0.292545
vt 0.959743 0.250000
vt 0.915643 0.119891
vt 0.567690 0.119891
vt 0.560343 0.128843
vt 0.540191 0.166546
vt 0.807310 0.380109
vt 0.459357 0.119891
vt 0.834810 0.333454
vt 0.814657 0.371157
vt 0.834809 0.166546
vt 0.814657 0.128843
vt 0.431857 0.166546
vt 0.452010 0.128843
vt 0.431857 0.333454
vt 0.452009 0.371157
vt 0.506176 0.371157
vt 0.533260 0.128843
vt 0.156250 0.535417
vt 0.343750 0.562500
vt 0.506176 0.128843
vt 0.868824 0.371157
vt 0.812500 0.695312
vt 0.781250 0.695313
vt 0.750000 0.695312
vt 0.718750 0.695312
vt 0.687500 0.695313
vt 0.500000 0.640625
vt 0.437500 0.640625
vt 0.343750 0.640625
vt 0.312500 0.695313
vt 0.281250 0.695312
vt 0.218750 0.695312
vt 0.187500 0.695312
vt 0.750000 0.727720
vt 0.740356 0.250000
vt 0.781250 0.727720
vt 0.736166 0.292545
vt 0.812500 0.727720
vt 0.723756 0.333454
vt 0.824929 0.727720
vt 0.716961 0.346167
vt 0.695049 0.346167
vt 0.819474 0.909301
vt 0.539370 0.338945
vt 0.681324 0.128843
vt 0.318676 0.371157
vt 0.000000 0.750000
vt 0.125000 0.750000
vt 0.305687 0.346167
vt 0.175071 0.727720
vt 0.327599 0.346167
vt 0.180526 0.909301
vt 0.175071 0.749600
vt 0.305687 0.153833
vt 0.319474 0.909301
vt 0.142288 0.161055
vt 0.324929 0.727720
vt 0.327599 0.153833
vt 0.375000 0.750000
vt 0.843750 0.750000
vt 0.117274 0.333454
vt 0.104864 0.292545
vt 0.100674 0.250000
vt 0.104864 0.207455
vt 0.117274 0.166546
vt 0.520226 0.166546
vt 0.536826 0.250000
vt 0.532636 0.207455
vt 0.532636 0.292545
vt 0.520226 0.333454
vt 0.324929 0.749600
vt 0.281250 0.727720
vt 0.312500 0.727720
vt 0.250000 0.727720
vt 0.218750 0.727720
vt 0.250000 0.695312
vt 0.187500 0.727720
vt 0.218755 0.909301
vt 0.187506 0.909301
vt 0.281255 0.909301
vt 0.250005 0.909301
vt 0.312505 0.909301
vt 0.142288 0.338945
vt 0.320804 0.166546
vt 0.308394 0.207455
vt 0.304204 0.250000
vt 0.308394 0.292545
vt 0.320804 0.333454
vt 0.139350 0.333447
vt 0.126942 0.292537
vt 0.122753 0.249992
vt 0.126945 0.207448
vt 0.139356 0.166539
vt 0.824929 0.749600
vt 0.718756 0.909301
vt 0.781255 0.909301
vt 0.750006 0.909301
vt 0.812506 0.909301
vt 0.558904 0.250008
vt 0.554712 0.292552
vt 0.542301 0.333461
vt 0.656250 0.535417
vt 0.895907 0.128843
vt 0.968750 1.000000
vt 0.875000 1.000000
vt 0.812500 1.000000
vt 0.625000 1.000000
vt 0.500000 1.000000
vt 0.031250 1.000000
s 0
usemtl Gray
f 602/398/331 1046/399/331 1045/400/331
f 1046/399/332 604/401/332 1047/402/332
f 1047/402/333 606/403/333 1048/404/333
f 606/403/334 1049/405/334 1048/404/334
f 1049/405/335 610/406/335 1141/407/335
f 610/406/336 1051/408/336 1141/407/336
f 1051/408/337 614/409/337 1052/410/337
f 1052/410/338 616/411/338 1053/412/338
f 1053/412/339 618/413/339 1054/414/339
f 1054/414/340 620/415/340 1055/416/340
f 1055/416/341 622/417/341 1143/418/341
f 622/417/342 1057/419/342 1143/418/342
f 1057/419/343 626/420/343 1058/421/343
f 626/420/344 1059/422/344 1058/421/344
f 628/423/345 1060/424/345 1059/422/345
f 630/425/346 1061/426/346 1060/424/346
f 1061/426/347 634/427/347 1062/428/347
f 634/427/348 1063/429/348 1062/428/348
f 636/430/349 1064/431/349 1063/429/349
f 638/432/350 1065/433/350 1064/431/350
f 640/434/351 1109/435/351 1065/433/351
f 642/436/352 1067/437/352 1109/435/352
f 644/438/353 1068/439/353 1067/437/353
f 646/440/354 1069/441/354 1068/439/354
f 648/442/355 1070/443/355 1069/441/355
f 650/444/356 1071/445/356 1070/443/356
f 652/446/357 1111/447/357 1071/445/357
f 654/448/358 1073/449/358 1111/447/358
f 656/450/359 1074/451/359 1073/449/359
f 658/452/360 1075/453/360 1074/451/360
f 660/454/361 1076/455/361 1075/453/361
f 1076/455/362 602/456/362 1045/457/362
f 844/458/363 575/459/363 513/460/363
f 598/461/364 981/462/364 982/463/364
f 597/464/365 982/463/365 983/465/365
f 984/466/366 597/464/366 983/465/366
f 985/467/367 596/468/367 984/466/367
f 1112/469/368 985/467/368 1113/470/368
f 993/471/369 1110/472/369 1114/473/369
f 591/474/370 993/471/370 994/475/370
f 590/476/371 994/475/371 995/477/371
f 589/478/372 995/477/372 996/479/372
f 588/480/373 996/479/373 997/481/373
f 587/482/363 997/481/363 998/483/363
f 586/484/374 998/483/374 999/485/374
f 585/486/375 999/485/375 1000/487/375
f 584/488/376 1000/487/376 1001/489/376
f 1144/490/377 1001/489/377 1145/491/377
f 581/492/378 1146/493/378 1009/494/378
f 580/495/379 1009/494/379 1010/496/379
f 579/497/380 1010/496/380 1011/498/380
f 578/499/381 1011/498/381 1012/500/381
f 577/501/382 1012/500/382 981/502/382
f 603/503/381 686/504/381 600/504/381
f 516/505/383 602/506/383 514/507/383
f 929/508/368 712/509/368 928/509/368
f 518/510/383 601/511/383 516/505/383
f 945/512/384 754/513/384 946/513/384
f 520/514/383 604/515/383 518/510/383
f 547/516/385 767/517/385 549/517/385
f 520/514/383 608/518/383 606/519/383
f 637/520/371 703/521/371 635/521/371
f 524/522/383 608/518/383 522/523/383
f 573/524/386 780/459/386 575/459/386
f 526/525/383 610/526/383 524/522/383
f 916/527/387 694/528/387 915/528/387
f 528/529/383 612/530/383 526/525/383
f 1174/531/388 1207/532/388 1208/533/388
f 530/534/383 614/535/383 528/529/383
f 928/509/389 711/536/389 927/536/389
f 530/534/383 618/537/383 616/538/383
f 945/512/390 752/539/390 753/512/390
f 534/540/383 618/537/383 532/541/383
f 600/504/382 685/542/382 599/542/382
f 536/543/383 620/544/383 534/540/383
f 635/521/372 702/545/372 633/545/372
f 536/543/383 624/546/383 622/547/383
f 915/528/391 693/548/391 914/548/391
f 540/549/383 624/546/383 538/550/383
f 542/551/383 626/552/383 540/549/383
f 545/553/392 766/516/392 547/516/392
f 544/554/383 628/555/383 542/551/383
f 927/536/393 710/556/393 926/556/393
f 546/557/383 630/558/383 544/554/383
f 573/524/394 778/559/394 779/524/394
f 548/560/383 632/561/383 546/557/383
f 633/545/373 701/562/373 631/562/373
f 550/563/383 634/564/383 548/560/383
f 552/565/383 636/566/383 550/563/383
f 914/548/395 692/567/395 913/567/395
f 552/565/383 640/568/383 638/569/383
f 517/570/396 752/539/396 519/539/396
f 556/571/383 640/568/383 554/572/383
f 926/556/397 709/573/397 925/573/397
f 558/574/383 642/575/383 556/571/383
f 560/576/383 644/577/383 558/574/383
f 631/562/363 700/578/363 629/578/363
f 562/579/383 646/580/383 560/576/383
f 913/567/398 691/581/398 912/581/398
f 562/579/383 650/582/383 648/583/383
f 545/553/399 764/584/399 765/553/399
f 566/585/383 650/582/383 564/586/383
f 962/587/400 778/559/400 571/559/400
f 568/588/383 652/589/383 566/585/383
f 925/573/401 708/590/401 924/590/401
f 568/588/383 656/591/383 654/592/383
f 629/578/374 699/593/374 627/593/374
f 572/594/383 656/591/383 570/595/383
f 574/596/383 658/597/383 572/594/383
f 515/598/402 751/570/402 517/570/402
f 576/599/383 660/600/383 574/596/383
f 912/581/403 690/601/403 911/601/403
f 514/507/383 662/602/383 576/599/383
f 813/603/374 573/524/374 575/459/374
f 814/604/375 571/559/375 573/524/375
f 1201/605/404 565/606/404 567/607/404
f 533/608/393 1222/609/393 531/609/393
f 643/610/405 1204/611/405 1216/610/405
f 563/612/391 1226/613/391 561/613/391
f 1226/613/383 1217/614/383 1225/615/383
f 963/616/376 571/559/376 815/617/376
f 1176/618/368 721/619/368 655/620/368
f 1174/531/403 943/621/403 1182/621/403
f 730/622/370 921/623/370 637/520/370
f 825/624/379 954/625/379 964/626/379
f 825/624/380 549/517/380 551/627/380
f 827/628/381 549/517/381 826/629/381
f 828/630/382 547/516/382 827/628/382
f 829/631/364 545/553/364 828/630/364
f 830/632/365 543/584/365 829/631/365
f 830/632/366 539/633/366 541/634/366
f 977/635/391 1199/636/391 978/636/391
f 970/637/397 1187/638/397 971/638/397
f 976/639/395 1198/635/395 977/635/395
f 969/640/401 1185/637/401 970/637/401
f 841/641/370 945/512/370 966/642/370
f 965/643/367 539/633/367 831/644/367
f 832/645/368 1180/646/368 535/647/368
f 842/648/371 519/539/371 841/641/371
f 843/649/372 517/570/372 842/648/372
f 844/458/373 515/598/373 843/649/373
f 717/650/382 600/504/382 599/542/382
f 1077/651/406 684/652/406 1108/653/406
f 1107/654/407 684/652/407 683/655/407
f 1106/656/408 683/655/408 682/657/408
f 1106/656/409 681/658/409 1105/659/409
f 1159/660/410 681/658/410 1160/661/410
f 1169/662/411 1152/663/411 1168/664/411
f 1098/665/412 1152/663/412 1056/666/412
f 679/667/413 1056/666/413 583/668/413
f 679/667/414 1002/669/414 1034/670/414
f 1034/670/383 1003/671/383 1035/672/383
f 1036/673/383 1003/671/383 1004/674/383
f 1157/675/415 678/676/415 1097/677/415
f 1096/678/416 678/676/416 677/679/416
f 1096/678/417 676/680/417 1095/681/417
f 1094/682/418 676/680/418 675/683/418
f 1094/682/419 674/684/419 1093/685/419
f 1092/686/420 674/684/420 673/687/420
f 1091/688/421 673/687/421 672/689/421
f 1091/688/422 671/690/422 1090/691/422
f 1090/691/423 670/692/423 1089/693/423
f 1089/693/424 1128/694/424 1127/695/424
f 1125/696/425 667/697/425 1081/698/425
f 1080/699/426 667/697/426 666/700/426
f 1080/699/427 665/701/427 1079/702/427
f 1079/702/428 664/703/428 1078/704/428
f 1078/704/429 663/705/429 1077/651/429
f 797/570/430 686/706/430 687/707/430
f 798/539/431 687/707/431 688/708/431
f 689/709/432 798/539/432 688/708/432
f 800/513/433 689/709/433 690/710/433
f 691/711/434 800/513/434 690/710/434
f 792/712/435 691/711/435 692/713/435
f 693/714/436 792/712/436 692/713/436
f 789/715/437 693/714/437 694/716/437
f 787/717/438 694/716/438 695/718/438
f 785/719/439 695/718/439 696/720/439
f 697/721/440 785/719/440 696/720/440
f 781/633/441 697/721/441 698/722/441
f 802/634/442 698/722/442 699/723/442
f 803/584/443 699/723/443 700/724/443
f 804/553/444 700/724/444 701/725/444
f 805/516/445 701/725/445 702/726/445
f 703/727/446 805/516/446 702/726/446
f 704/728/447 806/517/447 703/727/447
f 705/729/448 807/627/448 704/728/448
f 793/730/449 705/729/449 706/731/449
f 707/732/450 793/730/450 706/731/450
f 788/733/451 707/732/451 708/734/451
f 709/735/452 788/733/452 708/734/452
f 784/736/453 709/735/453 710/737/453
f 782/738/454 710/737/454 711/739/454
f 808/740/455 711/739/455 712/741/455
f 713/742/456 808/740/456 712/741/456
f 810/559/457 713/742/457 714/743/457
f 811/524/458 714/743/458 715/744/458
f 812/459/459 715/744/459 716/745/459
f 795/460/460 716/745/460 685/746/460
f 748/747/381 603/503/381 600/504/381
f 541/634/461 764/584/461 543/584/461
f 962/587/462 776/740/462 777/587/462
f 917/748/404 695/527/404 916/527/404
f 921/623/370 704/520/370 637/520/370
f 657/749/367 713/508/367 929/508/367
f 513/460/463 750/598/463 515/598/463
f 605/750/380 687/503/380 603/503/380
f 918/751/377 696/748/377 917/748/377
f 541/634/464 762/633/464 763/634/464
f 922/752/369 705/623/369 921/623/369
f 960/738/465 776/740/465 961/740/465
f 659/753/366 714/749/366 657/749/366
f 910/754/379 688/750/379 605/750/379
f 930/755/367 657/749/367 929/508/367
f 747/756/380 605/750/380 603/503/380
f 625/757/376 697/751/376 918/751/376
f 953/758/466 762/633/466 539/633/466
f 923/759/405 706/752/405 922/752/405
f 720/760/366 659/753/366 657/749/366
f 661/761/365 715/753/365 659/753/365
f 959/736/467 775/738/467 960/738/467
f 746/762/379 910/754/379 605/750/379
f 911/601/378 689/754/378 910/754/378
f 627/593/375 698/757/375 625/757/375
f 719/763/365 661/761/365 659/753/365
f 924/590/468 707/759/468 923/759/468
f 718/764/364 599/765/364 661/761/364
f 599/765/364 716/761/364 661/761/364
f 749/460/373 796/598/373 750/598/373
f 762/633/366 802/634/366 763/634/366
f 775/738/404 808/740/404 776/740/404
f 761/758/367 781/633/367 762/633/367
f 774/736/387 782/738/387 775/738/387
f 760/719/368 783/758/368 761/758/368
f 773/766/391 784/736/391 774/736/391
f 759/717/389 785/719/389 760/719/389
f 772/733/395 786/766/395 773/766/395
f 758/715/393 787/717/393 759/717/393
f 771/767/398 788/733/398 772/733/398
f 757/768/397 789/715/397 758/715/397
f 770/730/403 790/767/403 771/767/403
f 756/712/401 791/768/401 757/768/401
f 769/625/378 793/730/378 770/730/378
f 776/740/377 809/587/377 777/587/377
f 763/634/365 803/584/365 764/584/365
f 750/598/372 797/570/372 751/570/372
f 777/587/376 810/559/376 778/559/376
f 764/584/364 804/553/364 765/553/364
f 751/570/371 798/539/371 752/539/371
f 778/559/375 811/524/375 779/524/375
f 765/553/382 805/516/382 766/516/382
f 752/539/370 799/512/370 753/512/370
f 779/524/374 812/459/374 780/459/374
f 766/516/381 806/517/381 767/517/381
f 753/512/369 800/513/369 754/513/369
f 780/459/363 795/460/363 749/460/363
f 767/517/380 807/627/380 768/627/380
f 754/513/405 801/769/405 755/769/405
f 768/627/379 794/625/379 769/625/379
f 755/769/468 792/712/468 756/712/468
f 621/770/377 1179/771/377 737/772/377
f 731/773/371 637/520/371 635/521/371
f 513/460/469 780/459/469 749/460/469
f 549/517/470 768/627/470 551/627/470
f 947/769/471 754/513/471 755/769/471
f 732/774/372 635/521/372 633/545/372
f 733/775/373 633/545/373 631/562/373
f 954/625/472 768/627/472 769/625/472
f 947/769/473 756/712/473 948/712/473
f 734/776/363 631/562/363 629/578/363
f 735/777/374 629/578/374 627/593/374
f 954/625/474 770/730/474 955/730/474
f 736/778/375 627/593/375 625/757/375
f 949/768/475 756/712/475 757/768/475
f 956/767/476 770/730/476 771/767/476
f 949/768/477 758/715/477 950/715/477
f 956/767/478 772/733/478 957/733/478
f 950/715/479 759/717/479 951/717/479
f 958/766/480 772/733/480 773/766/480
f 951/717/481 760/719/481 952/719/481
f 607/779/378 909/780/378 745/781/378
f 958/766/482 774/736/482 959/736/482
f 953/758/483 760/719/483 761/758/483
f 796/598/484 685/746/484 686/706/484
f 877/782/485 843/649/485 908/783/485
f 908/783/486 842/648/486 907/784/486
f 907/784/487 841/641/487 906/785/487
f 906/785/488 966/642/488 905/786/488
f 905/786/489 839/787/489 904/788/489
f 904/788/490 838/789/490 903/790/490
f 903/790/491 837/791/491 902/792/491
f 902/792/492 836/793/492 901/794/492
f 901/794/493 835/795/493 900/796/493
f 900/796/494 834/797/494 899/798/494
f 899/798/495 833/799/495 898/800/495
f 898/800/496 965/643/496 897/801/496
f 897/801/497 831/644/497 896/802/497
f 896/802/498 830/632/498 895/803/498
f 895/803/499 829/631/499 894/804/499
f 894/804/500 828/630/500 893/805/500
f 892/806/501 828/630/501 827/628/501
f 892/806/502 826/629/502 891/807/502
f 890/808/503 826/629/503 825/624/503
f 889/809/504 825/624/504 964/626/504
f 888/810/505 964/626/505 823/811/505
f 887/812/506 823/811/506 822/813/506
f 886/814/507 822/813/507 821/815/507
f 885/816/508 821/815/508 820/817/508
f 884/818/509 820/817/509 819/819/509
f 883/820/510 819/819/510 818/821/510
f 882/822/511 818/821/511 817/823/511
f 881/824/512 817/823/512 963/616/512
f 880/825/513 963/616/513 815/617/513
f 879/826/514 815/617/514 814/604/514
f 878/827/515 814/604/515 813/603/515
f 877/782/516 813/603/516 844/458/516
f 845/828/517 748/747/517 717/650/517
f 876/829/518 747/756/518 748/747/518
f 875/830/519 746/762/519 747/756/519
f 874/831/520 909/780/520 746/762/520
f 873/832/521 744/833/521 909/780/521
f 872/834/522 743/835/522 744/833/522
f 871/836/523 742/837/523 743/835/523
f 870/838/524 741/839/524 742/837/524
f 869/840/525 740/841/525 741/839/525
f 868/842/526 739/843/526 740/841/526
f 867/844/527 738/845/527 739/843/527
f 866/846/528 919/847/528 738/845/528
f 865/848/529 736/778/529 919/847/529
f 864/849/530 735/777/530 736/778/530
f 863/850/531 734/776/531 735/777/531
f 862/851/532 733/775/532 734/776/532
f 733/775/533 860/852/533 732/774/533
f 860/852/534 731/773/534 732/774/534
f 731/773/535 858/853/535 730/622/535
f 730/622/536 857/854/536 920/855/536
f 857/854/537 728/856/537 920/855/537
f 728/856/538 855/857/538 727/858/538
f 727/858/539 854/859/539 726/860/539
f 726/860/540 853/861/540 725/862/540
f 725/862/541 852/863/541 724/864/541
f 724/864/542 851/865/542 723/866/542
f 723/866/543 850/867/543 722/868/543
f 722/868/544 849/869/544 930/755/544
f 930/755/545 848/870/545 720/760/545
f 720/760/546 847/871/546 719/763/546
f 719/763/547 846/872/547 718/764/547
f 718/764/548 845/873/548 717/874/548
f 1013/875/363 878/827/363 877/782/363
f 1014/876/374 879/826/374 878/827/374
f 1016/877/375 879/826/375 1015/878/375
f 1017/879/376 880/825/376 1016/877/376
f 1129/880/377 881/824/377 1017/879/377
f 1135/881/404 882/822/404 1129/880/404
f 1134/882/387 883/820/387 1135/881/387
f 1133/883/391 884/818/391 1134/882/391
f 1132/884/395 885/816/395 1133/883/395
f 1131/885/398 886/814/398 1132/884/398
f 1131/885/403 888/810/403 887/812/403
f 1025/886/378 888/810/378 1130/887/378
f 1026/888/379 889/809/379 1025/886/379
f 1027/889/380 890/808/380 1026/888/380
f 1027/889/381 892/806/381 891/807/381
f 1029/890/382 892/806/382 1028/891/382
f 1030/892/364 893/805/364 1029/890/364
f 1031/893/365 894/804/365 1030/892/365
f 1031/893/366 896/802/366 895/803/366
f 1032/894/367 897/801/367 896/802/367
f 1161/895/368 897/801/368 1033/896/368
f 1167/897/389 898/800/389 1161/895/389
f 1166/898/393 899/798/393 1167/897/393
f 1165/899/397 900/796/397 1166/898/397
f 1164/900/401 901/794/401 1165/899/401
f 1163/901/468 902/792/468 1164/900/468
f 1162/902/405 903/790/405 1163/901/405
f 1041/903/369 904/788/369 1162/902/369
f 1042/904/370 905/786/370 1041/903/370
f 1043/905/371 906/785/371 1042/904/371
f 1044/906/372 907/784/372 1043/905/372
f 1013/875/373 908/783/373 1044/906/373
f 721/619/368 929/508/368 655/620/368
f 607/779/378 911/601/378 910/754/378
f 611/907/403 911/601/403 609/908/403
f 613/909/398 912/581/398 611/907/398
f 615/910/395 913/567/395 613/909/395
f 617/911/391 914/548/391 615/910/391
f 619/912/387 915/528/387 617/911/387
f 621/770/404 916/527/404 619/912/404
f 623/913/377 917/748/377 621/770/377
f 919/847/376 625/757/376 918/751/376
f 737/772/377 918/751/377 623/913/377
f 639/914/369 922/752/369 921/623/369
f 643/610/405 922/752/405 641/915/405
f 645/614/468 923/759/468 643/610/468
f 647/916/401 924/590/401 645/614/401
f 649/917/397 925/573/397 647/916/397
f 651/918/393 926/556/393 649/917/393
f 653/919/389 927/536/389 651/918/389
f 655/620/368 928/509/368 653/919/368
f 569/920/377 963/616/377 816/921/377
f 721/619/368 722/868/368 930/755/368
f 932/922/389 722/868/389 931/923/389
f 933/924/393 723/866/393 932/922/393
f 934/925/397 724/864/397 933/924/397
f 935/926/401 725/862/401 934/925/401
f 936/927/468 726/860/468 935/926/468
f 937/928/405 727/858/405 936/927/405
f 729/929/369 728/856/369 937/928/369
f 737/772/377 738/845/377 919/847/377
f 939/930/404 738/845/404 938/931/404
f 939/930/387 740/841/387 739/843/387
f 941/932/391 740/841/391 940/933/391
f 942/934/395 741/839/395 941/932/395
f 943/621/398 742/837/398 942/934/398
f 944/935/403 743/835/403 943/621/403
f 745/781/378 744/833/378 944/935/378
f 521/936/369 946/513/369 523/937/369
f 523/937/405 947/769/405 525/938/405
f 525/938/468 948/712/468 527/939/468
f 527/939/401 949/768/401 529/940/401
f 529/940/397 950/715/397 531/609/397
f 531/609/393 951/717/393 533/608/393
f 533/608/389 952/719/389 535/647/389
f 537/941/368 952/719/368 953/758/368
f 553/942/378 955/730/378 555/943/378
f 555/943/403 956/767/403 557/944/403
f 557/944/398 957/733/398 559/615/398
f 559/615/395 958/766/395 561/613/395
f 561/613/391 959/736/391 563/612/391
f 563/612/387 960/738/387 565/606/387
f 565/606/404 961/740/404 567/607/404
f 569/920/377 961/740/377 962/587/377
f 840/945/369 945/512/369 521/936/369
f 729/929/369 921/623/369 920/855/369
f 824/946/378 954/625/378 553/942/378
f 607/779/378 944/935/378 1174/531/378
f 840/945/369 839/787/369 966/642/369
f 968/947/405 839/787/405 967/948/405
f 969/640/468 838/789/468 968/947/468
f 970/637/401 837/791/401 969/640/401
f 971/638/397 836/793/397 970/637/397
f 972/949/393 835/795/393 971/638/393
f 973/950/389 834/797/389 972/949/389
f 832/645/368 833/799/368 973/950/368
f 824/946/378 823/811/378 964/626/378
f 975/951/403 823/811/403 974/952/403
f 976/639/398 822/813/398 975/951/398
f 977/635/395 821/815/395 976/639/395
f 978/636/391 820/817/391 977/635/391
f 979/953/387 819/819/387 978/636/387
f 980/954/404 818/821/404 979/953/404
f 816/921/377 817/823/377 980/954/377
f 1211/938/383 1210/909/383 1212/907/383
f 569/920/377 980/954/377 1175/955/377
f 537/941/368 965/643/368 832/645/368
f 1222/609/383 1213/910/383 1221/940/383
f 1203/956/378 974/952/378 553/942/378
f 1202/957/549 1175/955/549 1176/618/549
f 1216/610/383 1203/956/383 1224/944/383
f 649/917/393 1220/918/393 651/918/393
f 531/609/397 1221/940/397 529/940/397
f 561/613/395 1225/615/395 559/615/395
f 1203/956/550 1178/958/550 1177/959/550
f 1182/621/551 1173/960/551 1174/531/551
f 1221/940/383 1210/909/383 1209/939/383
f 932/922/389 1176/618/389 1192/922/389
f 975/951/398 1197/639/398 976/639/398
f 1181/947/405 967/948/405 1173/960/405
f 942/934/398 1182/621/398 943/621/398
f 968/947/468 1183/640/468 969/640/468
f 1223/608/383 1214/911/383 1222/609/383
f 981/502/382 876/829/382 845/828/382
f 1012/500/381 875/830/381 876/829/381
f 1011/498/380 874/831/380 875/830/380
f 874/831/379 1009/494/379 873/832/379
f 1009/494/378 872/834/378 873/832/378
f 1146/493/403 871/836/403 872/834/403
f 1147/961/398 870/838/398 871/836/398
f 1148/962/395 869/840/395 870/838/395
f 1149/963/391 868/842/391 869/840/391
f 1150/964/387 867/844/387 868/842/387
f 1151/965/404 866/846/404 867/844/404
f 1145/491/377 865/848/377 866/846/377
f 1001/489/376 864/849/376 865/848/376
f 1000/487/375 863/850/375 864/849/375
f 999/485/374 862/851/374 863/850/374
f 998/483/363 861/966/363 862/851/363
f 997/481/373 860/852/373 861/966/373
f 996/479/372 859/967/372 860/852/372
f 995/477/371 858/853/371 859/967/371
f 858/853/370 993/471/370 857/854/370
f 993/471/369 856/968/369 857/854/369
f 1114/473/405 855/857/405 856/968/405
f 1115/969/468 854/859/468 855/857/468
f 1116/970/401 853/861/401 854/859/401
f 853/861/397 1118/971/397 852/863/397
f 852/863/393 1119/972/393 851/865/393
f 1119/972/389 850/867/389 851/865/389
f 850/867/368 985/467/368 849/869/368
f 985/467/367 848/870/367 849/869/367
f 984/466/366 847/871/366 848/870/366
f 847/871/365 982/463/365 846/872/365
f 982/463/364 845/873/364 846/872/364
f 663/705/373 1044/906/373 684/652/373
f 684/652/372 1043/905/372 683/655/372
f 683/655/371 1042/904/371 682/657/371
f 682/657/370 1041/903/370 681/658/370
f 1160/661/369 1041/903/369 1162/902/369
f 1036/673/383 1005/973/383 1037/974/383
f 1037/974/383 1006/975/383 1038/976/383
f 1038/976/383 1007/977/383 1039/978/383
f 1039/978/383 1008/979/383 1040/980/383
f 1008/979/552 680/981/552 1040/980/552
f 680/981/553 1050/982/553 1104/983/553
f 1158/984/368 1033/896/368 678/676/368
f 678/676/367 1032/894/367 677/679/367
f 677/679/366 1031/893/366 676/680/366
f 676/680/365 1030/892/365 675/683/365
f 674/684/364 1030/892/364 1029/890/364
f 674/684/382 1028/891/382 673/687/382
f 672/689/381 1028/891/381 1027/889/381
f 672/689/380 1026/888/380 671/690/380
f 671/690/379 1025/886/379 670/692/379
f 1128/694/378 1025/886/378 1130/887/378
f 1126/985/377 1017/879/377 667/697/377
f 667/697/376 1016/877/376 666/700/376
f 666/700/375 1015/878/375 665/701/375
f 665/701/374 1014/876/374 664/703/374
f 664/703/363 1013/875/363 663/705/363
f 1076/455/362 577/986/362 598/461/362
f 1075/453/361 598/461/361 597/464/361
f 1074/451/360 597/464/360 596/468/360
f 1073/449/359 596/468/359 595/987/359
f 1111/447/358 595/987/358 1112/469/358
f 668/988/554 986/989/554 1018/990/554
f 668/988/555 1072/991/555 594/992/555
f 669/993/556 1066/994/556 1088/995/556
f 992/996/557 669/993/557 1024/997/557
f 592/998/351 1109/435/351 1110/472/351
f 591/474/350 1065/433/350 592/998/350
f 1063/429/349 591/474/349 590/476/349
f 1062/428/348 590/476/348 589/478/348
f 1061/426/347 589/478/347 588/480/347
f 1060/424/346 588/480/346 587/482/346
f 586/484/345 1060/424/345 587/482/345
f 1058/421/344 586/484/344 585/486/344
f 1057/419/343 585/486/343 584/488/343
f 1143/418/342 584/488/342 1144/490/342
f 581/492/335 1141/407/335 1142/999/335
f 1048/404/334 581/492/334 580/495/334
f 579/497/333 1048/404/333 580/495/333
f 578/499/332 1047/402/332 579/497/332
f 577/501/331 1046/399/331 578/499/331
f 576/599/429 1077/651/429 514/507/429
f 574/596/428 1078/704/428 576/599/428
f 572/594/427 1079/702/427 574/596/427
f 570/595/426 1080/699/426 572/594/426
f 570/595/425 1125/696/425 1081/698/425
f 566/585/558 1125/696/558 568/588/558
f 564/586/559 1083/1000/559 566/585/559
f 562/579/560 1084/1001/560 564/586/560
f 560/576/561 1085/1002/561 562/579/561
f 558/574/562 1086/1003/562 560/576/562
f 556/571/563 1087/1004/563 558/574/563
f 554/572/424 1127/695/424 556/571/424
f 552/565/423 1089/693/423 554/572/423
f 552/565/422 1091/688/422 1090/691/422
f 548/560/421 1091/688/421 550/563/421
f 546/557/420 1092/686/420 548/560/420
f 546/557/419 1094/682/419 1093/685/419
f 542/551/418 1094/682/418 544/554/418
f 540/549/417 1095/681/417 542/551/417
f 538/550/416 1096/678/416 540/549/416
f 538/550/415 1157/675/415 1097/677/415
f 536/543/564 1099/1005/564 1157/675/564
f 532/541/565 1099/1005/565 534/540/565
f 532/541/566 1101/1006/566 1100/1007/566
f 530/534/567 1102/1008/567 1101/1006/567
f 528/529/568 1103/1009/568 1102/1008/568
f 526/525/569 1159/660/569 1103/1009/569
f 522/523/410 1159/660/410 524/522/410
f 520/514/409 1105/659/409 522/523/409
f 518/510/408 1106/656/408 520/514/408
f 516/505/407 1107/654/407 518/510/407
f 516/505/406 1077/651/406 1108/653/406
f 1066/994/352 1110/472/352 1109/435/352
f 1072/991/357 1112/469/357 594/992/357
f 986/989/389 1112/469/389 1113/470/389
f 992/996/570 1110/472/570 593/1010/570
f 992/996/405 1115/969/405 1114/473/405
f 990/1011/468 1115/969/468 991/1012/468
f 989/1013/401 1116/970/401 990/1011/401
f 988/1014/397 1117/1015/397 989/1013/397
f 987/1016/393 1118/971/393 988/1014/393
f 986/989/389 1119/972/389 987/1016/389
f 1072/991/357 1071/445/357 1111/447/357
f 1121/1017/571 1071/445/571 1120/1018/571
f 1121/1017/572 1069/441/572 1070/443/572
f 1123/1019/573 1069/441/573 1122/1020/573
f 1123/1019/574 1067/437/574 1068/439/574
f 1066/994/575 1067/437/575 1124/1021/575
f 1082/1022/558 1126/985/558 1125/696/558
f 1088/995/563 1128/694/563 669/993/563
f 1018/990/576 1126/985/576 668/988/576
f 1024/997/403 1128/694/403 1130/887/403
f 1024/997/403 1131/885/403 1023/1023/403
f 1023/1023/398 1132/884/398 1022/1024/398
f 1022/1024/395 1133/883/395 1021/1025/395
f 1021/1025/391 1134/882/391 1020/1026/391
f 1020/1026/387 1135/881/387 1019/1027/387
f 1018/990/404 1135/881/404 1129/880/404
f 1082/1022/577 1083/1000/577 1136/1028/577
f 1136/1028/578 1084/1001/578 1137/1029/578
f 1137/1029/579 1085/1002/579 1138/1030/579
f 1138/1030/580 1086/1003/580 1139/1031/580
f 1140/1032/581 1086/1003/581 1087/1004/581
f 1088/995/563 1087/1004/563 1127/695/563
f 1082/1022/582 1120/1018/582 1072/991/582
f 1137/1029/583 1120/1018/583 1136/1028/583
f 1138/1030/584 1121/1017/584 1137/1029/584
f 1139/1031/585 1122/1020/585 1138/1030/585
f 1140/1032/586 1123/1019/586 1139/1031/586
f 1088/995/587 1124/1021/587 1140/1032/587
f 1024/997/383 991/1012/383 992/996/383
f 1022/1024/383 991/1012/383 1023/1023/383
f 1021/1025/383 990/1011/383 1022/1024/383
f 1020/1026/383 989/1013/383 1021/1025/383
f 1019/1027/383 988/1014/383 1020/1026/383
f 1018/990/383 987/1016/383 1019/1027/383
f 1050/982/336 1142/999/336 1141/407/336
f 1056/666/341 1144/490/341 583/668/341
f 1002/669/404 1144/490/404 1145/491/404
f 1008/979/588 1142/999/588 582/1033/588
f 1008/979/403 1147/961/403 1146/493/403
f 1006/975/398 1147/961/398 1007/977/398
f 1005/973/395 1148/962/395 1006/975/395
f 1004/674/391 1149/963/391 1005/973/391
f 1003/671/387 1150/964/387 1004/674/387
f 1002/669/404 1151/965/404 1003/671/404
f 1056/666/341 1055/416/341 1143/418/341
f 1153/1034/589 1055/416/589 1152/663/589
f 1153/1034/590 1053/412/590 1054/414/590
f 1155/1035/591 1053/412/591 1154/1036/591
f 1155/1035/592 1051/408/592 1052/410/592
f 1050/982/593 1051/408/593 1156/1037/593
f 1098/665/564 1158/984/564 1157/675/564
f 1104/983/569 1160/661/569 680/981/569
f 1034/670/594 1158/984/594 679/667/594
f 1040/980/405 1160/661/405 1162/902/405
f 1040/980/405 1163/901/405 1039/978/405
f 1039/978/468 1164/900/468 1038/976/468
f 1038/976/401 1165/899/401 1037/974/401
f 1037/974/397 1166/898/397 1036/673/397
f 1036/673/393 1167/897/393 1035/672/393
f 1034/670/389 1167/897/389 1161/895/389
f 1098/665/595 1099/1005/595 1168/664/595
f 1168/664/596 1100/1007/596 1169/662/596
f 1170/1038/597 1100/1007/597 1101/1006/597
f 1170/1038/598 1102/1008/598 1171/1039/598
f 1171/1039/599 1103/1009/599 1172/1040/599
f 1104/983/569 1103/1009/569 1159/660/569
f 1169/662/600 1154/1036/600 1153/1034/600
f 1171/1039/601 1154/1036/601 1170/1038/601
f 1171/1039/602 1156/1037/602 1155/1035/602
f 1104/983/603 1156/1037/603 1172/1040/603
f 1200/953/404 980/954/404 979/953/404
f 937/928/369 1204/611/369 639/914/369
f 1173/960/369 840/945/369 521/936/369
f 1181/947/551 1184/934/551 1183/640/551
f 1183/640/551 1186/932/551 1185/637/551
f 1185/637/551 1188/933/551 1187/638/551
f 1187/638/551 1190/930/551 1189/949/551
f 1200/953/551 1191/924/551 1192/922/551
f 1198/635/551 1191/924/551 1199/636/551
f 1197/639/551 1193/925/551 1198/635/551
f 1196/951/551 1194/926/551 1197/639/551
f 971/638/393 1189/949/393 972/949/393
f 978/636/387 1200/953/387 979/953/387
f 932/922/393 1191/924/393 933/924/393
f 939/930/387 1188/933/387 940/933/387
f 933/924/397 1193/925/397 934/925/397
f 940/933/391 1186/932/391 941/932/391
f 934/925/401 1194/926/401 935/926/401
f 941/932/395 1184/934/395 942/934/395
f 1192/922/551 1175/955/551 1200/953/551
f 935/926/468 1195/927/468 936/927/468
f 1178/958/405 936/927/405 1195/927/405
f 1178/958/551 1196/951/551 1177/959/551
f 1177/959/403 975/951/403 974/952/403
f 1189/949/389 973/950/389 972/949/389
f 1190/930/551 1180/646/551 1189/949/551
f 939/930/404 1179/771/404 1190/930/404
f 1205/1041/604 1180/646/604 1179/771/604
f 1224/944/383 1217/614/383 1216/610/383
f 1227/612/383 1218/916/383 1226/613/383
f 1228/606/383 1219/917/383 1227/612/383
f 565/606/387 1227/612/387 563/612/387
f 611/907/398 1210/909/398 613/909/398
f 613/909/395 1213/910/395 615/910/395
f 615/910/391 1214/911/391 617/911/391
f 643/610/468 1217/614/468 645/614/468
f 1224/944/403 555/943/403 557/944/403
f 617/911/387 1215/912/387 619/912/387
f 527/939/468 1211/938/468 525/938/468
f 645/614/401 1218/916/401 647/916/401
f 559/615/398 1224/944/398 557/944/398
f 529/940/401 1209/939/401 527/939/401
f 647/916/397 1219/917/397 649/917/397
f 1202/957/383 1228/606/383 1201/605/383
f 653/919/389 1220/918/389 1202/957/389
f 1208/533/403 611/907/403 609/908/403
f 1208/533/383 1211/938/383 1212/907/383
f 523/937/405 1211/938/405 1207/532/405
f 1215/912/404 621/770/404 619/912/404
f 1223/608/383 1205/1041/383 1215/912/383
f 533/608/389 1206/1042/389 1223/608/389
f 602/398/331 601/1043/331 1046/399/331
f 1046/399/332 601/1043/332 604/401/332
f 1047/402/333 604/401/333 606/403/333
f 606/403/334 608/1044/334 1049/405/334
f 1049/405/335 608/1044/335 610/406/335
f 610/406/336 612/1045/336 1051/408/336
f 1051/408/337 612/1045/337 614/409/337
f 1052/410/338 614/409/338 616/411/338
f 1053/412/339 616/411/339 618/413/339
f 1054/414/340 618/413/340 620/415/340
f 1055/416/341 620/415/341 622/417/341
f 622/417/342 624/1046/342 1057/419/342
f 1057/419/343 624/1046/343 626/420/343
f 626/420/344 628/423/344 1059/422/344
f 628/423/345 630/425/345 1060/424/345
f 630/425/346 632/1047/346 1061/426/346
f 1061/426/347 632/1047/347 634/427/347
f 634/427/348 636/430/348 1063/429/348
f 636/430/349 638/432/349 1064/431/349
f 638/432/350 640/434/350 1065/433/350
f 640/434/351 642/436/351 1109/435/351
f 642/436/352 644/438/352 1067/437/352
f 644/438/353 646/440/353 1068/439/353
f 646/440/354 648/442/354 1069/441/354
f 648/442/355 650/444/355 1070/443/355
f 650/444/356 652/446/356 1071/445/356
f 652/446/357 654/448/357 1111/447/357
f 654/448/358 656/450/358 1073/449/358
f 656/450/359 658/452/359 1074/451/359
f 658/452/360 660/454/360 1075/453/360
f 660/454/361 662/1048/361 1076/455/361
f 1076/455/362 662/1048/362 602/456/362
f 844/458/363 813/603/363 575/459/363
f 598/461/364 577/986/364 981/462/364
f 597/464/365 598/461/365 982/463/365
f 984/466/366 596/468/366 597/464/366
f 985/467/367 595/987/367 596/468/367
f 1112/469/368 595/987/368 985/467/368
f 993/471/369 592/998/369 1110/472/369
f 591/474/370 592/998/370 993/471/370
f 590/476/371 591/474/371 994/475/371
f 589/478/372 590/476/372 995/477/372
f 588/480/373 589/478/373 996/479/373
f 587/482/363 588/480/363 997/481/363
f 586/484/374 587/482/374 998/483/374
f 585/486/375 586/484/375 999/485/375
f 584/488/376 585/486/376 1000/487/376
f 1144/490/377 584/488/377 1001/489/377
f 581/492/378 1142/999/378 1146/493/378
f 580/495/379 581/492/379 1009/494/379
f 579/497/380 580/495/380 1010/496/380
f 578/499/381 579/497/381 1011/498/381
f 577/501/382 578/499/382 1012/500/382
f 603/503/381 687/503/381 686/504/381
f 516/505/383 601/511/383 602/506/383
f 929/508/368 713/508/368 712/509/368
f 518/510/383 604/515/383 601/511/383
f 945/512/384 753/512/384 754/513/384
f 520/514/383 606/519/383 604/515/383
f 547/516/385 766/516/385 767/517/385
f 520/514/383 522/523/383 608/518/383
f 637/520/371 704/520/371 703/521/371
f 524/522/383 610/526/383 608/518/383
f 573/524/386 779/524/386 780/459/386
f 526/525/383 612/530/383 610/526/383
f 916/527/387 695/527/387 694/528/387
f 528/529/383 614/535/383 612/530/383
f 1174/531/388 1173/960/388 1207/532/388
f 530/534/383 616/538/383 614/535/383
f 928/509/389 712/509/389 711/536/389
f 530/534/383 532/541/383 618/537/383
f 945/512/390 519/539/390 752/539/390
f 534/540/383 620/544/383 618/537/383
f 600/504/382 686/504/382 685/542/382
f 536/543/383 622/547/383 620/544/383
f 635/521/372 703/521/372 702/545/372
f 536/543/383 538/550/383 624/546/383
f 915/528/391 694/528/391 693/548/391
f 540/549/383 626/552/383 624/546/383
f 542/551/383 628/555/383 626/552/383
f 545/553/392 765/553/392 766/516/392
f 544/554/383 630/558/383 628/555/383
f 927/536/393 711/536/393 710/556/393
f 546/557/383 632/561/383 630/558/383
f 573/524/394 571/559/394 778/559/394
f 548/560/383 634/564/383 632/561/383
f 633/545/373 702/545/373 701/562/373
f 550/563/383 636/566/383 634/564/383
f 552/565/383 638/569/383 636/566/383
f 914/548/395 693/548/395 692/567/395
f 552/565/383 554/572/383 640/568/383
f 517/570/396 751/570/396 752/539/396
f 556/571/383 642/575/383 640/568/383
f 926/556/397 710/556/397 709/573/397
f 558/574/383 644/577/383 642/575/383
f 560/576/383 646/580/383 644/577/383
f 631/562/363 701/562/363 700/578/363
f 562/579/383 648/583/383 646/580/383
f 913/567/398 692/567/398 691/581/398
f 562/579/383 564/586/383 650/582/383
f 545/553/399 543/584/399 764/584/399
f 566/585/383 652/589/383 650/582/383
f 962/587/400 777/587/400 778/559/400
f 568/588/383 654/592/383 652/589/383
f 925/573/401 709/573/401 708/590/401
f 568/588/383 570/595/383 656/591/383
f 629/578/374 700/578/374 699/593/374
f 572/594/383 658/597/383 656/591/383
f 574/596/383 660/600/383 658/597/383
f 515/598/402 750/598/402 751/570/402
f 576/599/383 662/602/383 660/600/383
f 912/581/403 691/581/403 690/601/403
f 514/507/383 602/506/383 662/602/383
f 813/603/374 814/604/374 573/524/374
f 814/604/375 815/617/375 571/559/375
f 1201/605/404 1228/606/404 565/606/404
f 533/608/393 1223/608/393 1222/609/393
f 643/610/405 641/915/405 1204/611/405
f 563/612/391 1227/612/391 1226/613/391
f 1226/613/383 1218/916/383 1217/614/383
f 963/616/376 962/587/376 571/559/376
f 655/620/368 653/919/368 1202/957/368
f 1176/618/368 931/923/368 721/619/368
f 655/620/368 1202/957/368 1176/618/368
f 1174/531/403 944/935/403 943/621/403
f 730/622/370 920/855/370 921/623/370
f 825/624/379 551/627/379 954/625/379
f 825/624/380 826/629/380 549/517/380
f 827/628/381 547/516/381 549/517/381
f 828/630/382 545/553/382 547/516/382
f 829/631/364 543/584/364 545/553/364
f 830/632/365 541/634/365 543/584/365
f 830/632/366 831/644/366 539/633/366
f 977/635/391 1198/635/391 1199/636/391
f 970/637/397 1185/637/397 1187/638/397
f 976/639/395 1197/639/395 1198/635/395
f 969/640/401 1183/640/401 1185/637/401
f 841/641/370 519/539/370 945/512/370
f 965/643/367 953/758/367 539/633/367
f 535/647/368 537/941/368 832/645/368
f 832/645/368 973/950/368 1180/646/368
f 1180/646/605 1206/1042/605 535/647/605
f 842/648/371 517/570/371 519/539/371
f 843/649/372 515/598/372 517/570/372
f 844/458/373 513/460/373 515/598/373
f 717/650/382 748/747/382 600/504/382
f 1077/651/406 663/705/406 684/652/406
f 1107/654/407 1108/653/407 684/652/407
f 1106/656/408 1107/654/408 683/655/408
f 1106/656/409 682/657/409 681/658/409
f 1159/660/410 1105/659/410 681/658/410
f 1169/662/411 1153/1034/411 1152/663/411
f 1098/665/606 1168/664/606 1152/663/606
f 679/667/413 1098/665/413 1056/666/413
f 679/667/607 583/668/607 1002/669/607
f 1034/670/383 1002/669/383 1003/671/383
f 1036/673/383 1035/672/383 1003/671/383
f 1157/675/415 1158/984/415 678/676/415
f 1096/678/416 1097/677/416 678/676/416
f 1096/678/417 677/679/417 676/680/417
f 1094/682/418 1095/681/418 676/680/418
f 1094/682/419 675/683/419 674/684/419
f 1092/686/420 1093/685/420 674/684/420
f 1091/688/421 1092/686/421 673/687/421
f 1091/688/422 672/689/422 671/690/422
f 1090/691/423 671/690/423 670/692/423
f 1089/693/424 670/692/424 1128/694/424
f 1125/696/425 1126/985/425 667/697/425
f 1080/699/426 1081/698/426 667/697/426
f 1080/699/427 666/700/427 665/701/427
f 1079/702/428 665/701/428 664/703/428
f 1078/704/429 664/703/429 663/705/429
f 797/570/430 796/598/430 686/706/430
f 798/539/431 797/570/431 687/707/431
f 689/709/432 799/512/432 798/539/432
f 800/513/433 799/512/433 689/709/433
f 691/711/434 801/769/434 800/513/434
f 792/712/435 801/769/435 691/711/435
f 693/714/436 791/768/436 792/712/436
f 789/715/437 791/768/437 693/714/437
f 787/717/438 789/715/438 694/716/438
f 785/719/439 787/717/439 695/718/439
f 697/721/440 783/758/440 785/719/440
f 781/633/441 783/758/441 697/721/441
f 802/634/442 781/633/442 698/722/442
f 803/584/443 802/634/443 699/723/443
f 804/553/444 803/584/444 700/724/444
f 805/516/445 804/553/445 701/725/445
f 703/727/446 806/517/446 805/516/446
f 704/728/447 807/627/447 806/517/447
f 705/729/448 794/625/448 807/627/448
f 793/730/449 794/625/449 705/729/449
f 707/732/450 790/767/450 793/730/450
f 788/733/451 790/767/451 707/732/451
f 709/735/452 786/766/452 788/733/452
f 784/736/453 786/766/453 709/735/453
f 782/738/454 784/736/454 710/737/454
f 808/740/455 782/738/455 711/739/455
f 713/742/456 809/587/456 808/740/456
f 810/559/457 809/587/457 713/742/457
f 811/524/458 810/559/458 714/743/458
f 812/459/459 811/524/459 715/744/459
f 795/460/460 812/459/460 716/745/460
f 748/747/381 747/756/381 603/503/381
f 541/634/461 763/634/461 764/584/461
f 962/587/462 961/740/462 776/740/462
f 917/748/404 696/748/404 695/527/404
f 921/623/370 705/623/370 704/520/370
f 657/749/367 714/749/367 713/508/367
f 513/460/463 749/460/463 750/598/463
f 605/750/380 688/750/380 687/503/380
f 918/751/377 697/751/377 696/748/377
f 541/634/464 539/633/464 762/633/464
f 922/752/369 706/752/369 705/623/369
f 960/738/465 775/738/465 776/740/465
f 659/753/366 715/753/366 714/749/366
f 910/754/379 689/754/379 688/750/379
f 930/755/367 720/760/367 657/749/367
f 747/756/380 746/762/380 605/750/380
f 625/757/376 698/757/376 697/751/376
f 953/758/466 761/758/466 762/633/466
f 923/759/405 707/759/405 706/752/405
f 720/760/366 719/763/366 659/753/366
f 661/761/365 716/761/365 715/753/365
f 959/736/467 774/736/467 775/738/467
f 746/762/379 909/780/379 910/754/379
f 911/601/378 690/601/378 689/754/378
f 627/593/375 699/593/375 698/757/375
f 719/763/365 718/764/365 661/761/365
f 924/590/468 708/590/468 707/759/468
f 718/764/364 717/874/364 599/765/364
f 599/765/364 685/765/364 716/761/364
f 749/460/373 795/460/373 796/598/373
f 762/633/366 781/633/366 802/634/366
f 775/738/404 782/738/404 808/740/404
f 761/758/367 783/758/367 781/633/367
f 774/736/387 784/736/387 782/738/387
f 760/719/368 785/719/368 783/758/368
f 773/766/391 786/766/391 784/736/391
f 759/717/389 787/717/389 785/719/389
f 772/733/395 788/733/395 786/766/395
f 758/715/393 789/715/393 787/717/393
f 771/767/398 790/767/398 788/733/398
f 757/768/397 791/768/397 789/715/397
f 770/730/403 793/730/403 790/767/403
f 756/712/401 792/712/401 791/768/401
f 769/625/378 794/625/378 793/730/378
f 776/740/377 808/740/377 809/587/377
f 763/634/365 802/634/365 803/584/365
f 750/598/372 796/598/372 797/570/372
f 777/587/376 809/587/376 810/559/376
f 764/584/364 803/584/364 804/553/364
f 751/570/371 797/570/371 798/539/371
f 778/559/375 810/559/375 811/524/375
f 765/553/382 804/553/382 805/516/382
f 752/539/370 798/539/370 799/512/370
f 779/524/374 811/524/374 812/459/374
f 766/516/381 805/516/381 806/517/381
f 753/512/369 799/512/369 800/513/369
f 780/459/363 812/459/363 795/460/363
f 767/517/380 806/517/380 807/627/380
f 754/513/405 800/513/405 801/769/405
f 768/627/379 807/627/379 794/625/379
f 755/769/468 801/769/468 792/712/468
f 737/772/377 623/913/377 621/770/377
f 621/770/608 1205/1041/608 1179/771/608
f 1179/771/377 938/931/377 737/772/377
f 731/773/371 730/622/371 637/520/371
f 513/460/469 575/459/469 780/459/469
f 549/517/470 767/517/470 768/627/470
f 947/769/471 946/513/471 754/513/471
f 732/774/372 731/773/372 635/521/372
f 733/775/373 732/774/373 633/545/373
f 954/625/472 551/627/472 768/627/472
f 947/769/473 755/769/473 756/712/473
f 734/776/363 733/775/363 631/562/363
f 735/777/374 734/776/374 629/578/374
f 954/625/474 769/625/474 770/730/474
f 736/778/375 735/777/375 627/593/375
f 949/768/609 948/712/609 756/712/609
f 956/767/476 955/730/476 770/730/476
f 949/768/610 757/768/610 758/715/610
f 956/767/478 771/767/478 772/733/478
f 950/715/479 758/715/479 759/717/479
f 958/766/611 957/733/611 772/733/611
f 951/717/481 759/717/481 760/719/481
f 607/779/378 910/754/378 909/780/378
f 958/766/612 773/766/612 774/736/612
f 953/758/483 952/719/483 760/719/483
f 796/598/484 795/460/484 685/746/484
f 877/782/485 844/458/485 843/649/485
f 908/783/486 843/649/486 842/648/486
f 907/784/487 842/648/487 841/641/487
f 906/785/488 841/641/488 966/642/488
f 905/786/489 966/642/489 839/787/489
f 904/788/490 839/787/490 838/789/490
f 903/790/491 838/789/491 837/791/491
f 902/792/492 837/791/492 836/793/492
f 901/794/493 836/793/493 835/795/493
f 900/796/494 835/795/494 834/797/494
f 899/798/495 834/797/495 833/799/495
f 898/800/496 833/799/496 965/643/496
f 897/801/497 965/643/497 831/644/497
f 896/802/498 831/644/498 830/632/498
f 895/803/499 830/632/499 829/631/499
f 894/804/500 829/631/500 828/630/500
f 892/806/501 893/805/501 828/630/501
f 892/806/502 827/628/502 826/629/502
f 890/808/503 891/807/503 826/629/503
f 889/809/504 890/808/504 825/624/504
f 888/810/505 889/809/505 964/626/505
f 887/812/506 888/810/506 823/811/506
f 886/814/507 887/812/507 822/813/507
f 885/816/508 886/814/508 821/815/508
f 884/818/509 885/816/509 820/817/509
f 883/820/510 884/818/510 819/819/510
f 882/822/511 883/820/511 818/821/511
f 881/824/512 882/822/512 817/823/512
f 880/825/513 881/824/513 963/616/513
f 879/826/514 880/825/514 815/617/514
f 878/827/515 879/826/515 814/604/515
f 877/782/516 878/827/516 813/603/516
f 845/828/517 876/829/517 748/747/517
f 876/829/518 875/830/518 747/756/518
f 875/830/519 874/831/519 746/762/519
f 874/831/520 873/832/520 909/780/520
f 873/832/521 872/834/521 744/833/521
f 872/834/522 871/836/522 743/835/522
f 871/836/523 870/838/523 742/837/523
f 870/838/524 869/840/524 741/839/524
f 869/840/525 868/842/525 740/841/525
f 868/842/526 867/844/526 739/843/526
f 867/844/527 866/846/527 738/845/527
f 866/846/528 865/848/528 919/847/528
f 865/848/529 864/849/529 736/778/529
f 864/849/530 863/850/530 735/777/530
f 863/850/531 862/851/531 734/776/531
f 862/851/532 861/966/532 733/775/532
f 733/775/533 861/966/533 860/852/533
f 860/852/534 859/967/534 731/773/534
f 731/773/535 859/967/535 858/853/535
f 730/622/536 858/853/536 857/854/536
f 857/854/537 856/968/537 728/856/537
f 728/856/538 856/968/538 855/857/538
f 727/858/539 855/857/539 854/859/539
f 726/860/540 854/859/540 853/861/540
f 725/862/541 853/861/541 852/863/541
f 724/864/542 852/863/542 851/865/542
f 723/866/543 851/865/543 850/867/543
f 722/868/544 850/867/544 849/869/544
f 930/755/545 849/869/545 848/870/545
f 720/760/546 848/870/546 847/871/546
f 719/763/547 847/871/547 846/872/547
f 718/764/548 846/872/548 845/873/548
f 1013/875/363 1014/876/363 878/827/363
f 1014/876/374 1015/878/374 879/826/374
f 1016/877/375 880/825/375 879/826/375
f 1017/879/376 881/824/376 880/825/376
f 1129/880/377 882/822/377 881/824/377
f 1135/881/404 883/820/404 882/822/404
f 1134/882/387 884/818/387 883/820/387
f 1133/883/391 885/816/391 884/818/391
f 1132/884/395 886/814/395 885/816/395
f 1131/885/398 887/812/398 886/814/398
f 1131/885/403 1130/887/403 888/810/403
f 1025/886/378 889/809/378 888/810/378
f 1026/888/379 890/808/379 889/809/379
f 1027/889/380 891/807/380 890/808/380
f 1027/889/381 1028/891/381 892/806/381
f 1029/890/382 893/805/382 892/806/382
f 1030/892/364 894/804/364 893/805/364
f 1031/893/365 895/803/365 894/804/365
f 1031/893/366 1032/894/366 896/802/366
f 1032/894/367 1033/896/367 897/801/367
f 1161/895/368 898/800/368 897/801/368
f 1167/897/389 899/798/389 898/800/389
f 1166/898/393 900/796/393 899/798/393
f 1165/899/397 901/794/397 900/796/397
f 1164/900/401 902/792/401 901/794/401
f 1163/901/468 903/790/468 902/792/468
f 1162/902/405 904/788/405 903/790/405
f 1041/903/369 905/786/369 904/788/369
f 1042/904/370 906/785/370 905/786/370
f 1043/905/371 907/784/371 906/785/371
f 1044/906/372 908/783/372 907/784/372
f 1013/875/373 877/782/373 908/783/373
f 721/619/368 930/755/368 929/508/368
f 607/779/378 609/908/378 911/601/378
f 611/907/403 912/581/403 911/601/403
f 613/909/398 913/567/398 912/581/398
f 615/910/395 914/548/395 913/567/395
f 617/911/391 915/528/391 914/548/391
f 619/912/387 916/527/387 915/528/387
f 621/770/404 917/748/404 916/527/404
f 623/913/377 918/751/377 917/748/377
f 919/847/376 736/778/376 625/757/376
f 737/772/377 919/847/377 918/751/377
f 639/914/369 641/915/369 922/752/369
f 643/610/405 923/759/405 922/752/405
f 645/614/468 924/590/468 923/759/468
f 647/916/401 925/573/401 924/590/401
f 649/917/397 926/556/397 925/573/397
f 651/918/393 927/536/393 926/556/393
f 653/919/389 928/509/389 927/536/389
f 655/620/368 929/508/368 928/509/368
f 569/920/377 962/587/377 963/616/377
f 721/619/368 931/923/368 722/868/368
f 932/922/389 723/866/389 722/868/389
f 933/924/393 724/864/393 723/866/393
f 934/925/397 725/862/397 724/864/397
f 935/926/401 726/860/401 725/862/401
f 936/927/468 727/858/468 726/860/468
f 937/928/405 728/856/405 727/858/405
f 729/929/369 920/855/369 728/856/369
f 737/772/377 938/931/377 738/845/377
f 939/930/404 739/843/404 738/845/404
f 939/930/387 940/933/387 740/841/387
f 941/932/391 741/839/391 740/841/391
f 942/934/395 742/837/395 741/839/395
f 943/621/398 743/835/398 742/837/398
f 944/935/403 744/833/403 743/835/403
f 745/781/378 909/780/378 744/833/378
f 521/936/369 945/512/369 946/513/369
f 523/937/405 946/513/405 947/769/405
f 525/938/468 947/769/468 948/712/468
f 527/939/401 948/712/401 949/768/401
f 529/940/397 949/768/397 950/715/397
f 531/609/393 950/715/393 951/717/393
f 533/608/389 951/717/389 952/719/389
f 537/941/368 535/647/368 952/719/368
f 553/942/378 954/625/378 955/730/378
f 555/943/403 955/730/403 956/767/403
f 557/944/398 956/767/398 957/733/398
f 559/615/395 957/733/395 958/766/395
f 561/613/391 958/766/391 959/736/391
f 563/612/387 959/736/387 960/738/387
f 565/606/404 960/738/404 961/740/404
f 569/920/377 567/607/377 961/740/377
f 840/945/369 966/642/369 945/512/369
f 729/929/369 639/914/369 921/623/369
f 824/946/378 964/626/378 954/625/378
f 1208/533/378 609/908/378 607/779/378
f 607/779/378 745/781/378 944/935/378
f 1174/531/378 1208/533/378 607/779/378
f 840/945/369 967/948/369 839/787/369
f 968/947/405 838/789/405 839/787/405
f 969/640/468 837/791/468 838/789/468
f 970/637/401 836/793/401 837/791/401
f 971/638/397 835/795/397 836/793/397
f 972/949/393 834/797/393 835/795/393
f 973/950/389 833/799/389 834/797/389
f 832/645/368 965/643/368 833/799/368
f 824/946/378 974/952/378 823/811/378
f 975/951/403 822/813/403 823/811/403
f 976/639/398 821/815/398 822/813/398
f 977/635/395 820/817/395 821/815/395
f 978/636/391 819/819/391 820/817/391
f 979/953/387 818/821/387 819/819/387
f 980/954/404 817/823/404 818/821/404
f 816/921/377 963/616/377 817/823/377
f 1211/938/383 1209/939/383 1210/909/383
f 1201/605/377 567/607/377 569/920/377
f 569/920/377 816/921/377 980/954/377
f 1175/955/377 1201/605/377 569/920/377
f 537/941/368 953/758/368 965/643/368
f 1222/609/383 1214/911/383 1213/910/383
f 553/942/378 555/943/378 1203/956/378
f 1203/956/613 1177/959/613 974/952/613
f 974/952/378 824/946/378 553/942/378
f 1202/957/549 1201/605/549 1175/955/549
f 1216/610/383 1204/611/383 1203/956/383
f 649/917/393 1219/917/393 1220/918/393
f 531/609/397 1222/609/397 1221/940/397
f 561/613/395 1226/613/395 1225/615/395
f 1203/956/550 1204/611/550 1178/958/550
f 1182/621/551 1181/947/551 1173/960/551
f 1221/940/383 1213/910/383 1210/909/383
f 932/922/389 931/923/389 1176/618/389
f 975/951/398 1196/951/398 1197/639/398
f 1181/947/405 968/947/405 967/948/405
f 942/934/398 1184/934/398 1182/621/398
f 968/947/468 1181/947/468 1183/640/468
f 1223/608/383 1215/912/383 1214/911/383
f 981/502/382 1012/500/382 876/829/382
f 1012/500/381 1011/498/381 875/830/381
f 1011/498/380 1010/496/380 874/831/380
f 874/831/379 1010/496/379 1009/494/379
f 1009/494/378 1146/493/378 872/834/378
f 1146/493/403 1147/961/403 871/836/403
f 1147/961/398 1148/962/398 870/838/398
f 1148/962/395 1149/963/395 869/840/395
f 1149/963/391 1150/964/391 868/842/391
f 1150/964/387 1151/965/387 867/844/387
f 1151/965/404 1145/491/404 866/846/404
f 1145/491/377 1001/489/377 865/848/377
f 1001/489/376 1000/487/376 864/849/376
f 1000/487/375 999/485/375 863/850/375
f 999/485/374 998/483/374 862/851/374
f 998/483/363 997/481/363 861/966/363
f 997/481/373 996/479/373 860/852/373
f 996/479/372 995/477/372 859/967/372
f 995/477/371 994/475/371 858/853/371
f 858/853/370 994/475/370 993/471/370
f 993/471/369 1114/473/369 856/968/369
f 1114/473/405 1115/969/405 855/857/405
f 1115/969/468 1116/970/468 854/859/468
f 1116/970/401 1117/1015/401 853/861/401
f 853/861/397 1117/1015/397 1118/971/397
f 852/863/393 1118/971/393 1119/972/393
f 1119/972/389 1113/470/389 850/867/389
f 850/867/368 1113/470/368 985/467/368
f 985/467/367 984/466/367 848/870/367
f 984/466/366 983/465/366 847/871/366
f 847/871/365 983/465/365 982/463/365
f 982/463/364 981/462/364 845/873/364
f 663/705/373 1013/875/373 1044/906/373
f 684/652/372 1044/906/372 1043/905/372
f 683/655/371 1043/905/371 1042/904/371
f 682/657/370 1042/904/370 1041/903/370
f 1160/661/369 681/658/369 1041/903/369
f 1036/673/383 1004/674/383 1005/973/383
f 1037/974/383 1005/973/383 1006/975/383
f 1038/976/383 1006/975/383 1007/977/383
f 1039/978/383 1007/977/383 1008/979/383
f 1008/979/614 582/1033/614 680/981/614
f 680/981/553 582/1033/553 1050/982/553
f 1158/984/368 1161/895/368 1033/896/368
f 678/676/367 1033/896/367 1032/894/367
f 677/679/366 1032/894/366 1031/893/366
f 676/680/365 1031/893/365 1030/892/365
f 674/684/364 675/683/364 1030/892/364
f 674/684/382 1029/890/382 1028/891/382
f 672/689/381 673/687/381 1028/891/381
f 672/689/380 1027/889/380 1026/888/380
f 671/690/379 1026/888/379 1025/886/379
f 1128/694/378 670/692/378 1025/886/378
f 1126/985/377 1129/880/377 1017/879/377
f 667/697/376 1017/879/376 1016/877/376
f 666/700/375 1016/877/375 1015/878/375
f 665/701/374 1015/878/374 1014/876/374
f 664/703/363 1014/876/363 1013/875/363
f 1076/455/362 1045/457/362 577/986/362
f 1075/453/361 1076/455/361 598/461/361
f 1074/451/360 1075/453/360 597/464/360
f 1073/449/359 1074/451/359 596/468/359
f 1111/447/358 1073/449/358 595/987/358
f 668/988/615 594/992/615 986/989/615
f 668/988/555 1082/1022/555 1072/991/555
f 669/993/556 593/1010/556 1066/994/556
f 992/996/616 593/1010/616 669/993/616
f 592/998/351 1065/433/351 1109/435/351
f 591/474/350 1064/431/350 1065/433/350
f 1063/429/349 1064/431/349 591/474/349
f 1062/428/348 1063/429/348 590/476/348
f 1061/426/347 1062/428/347 589/478/347
f 1060/424/346 1061/426/346 588/480/346
f 586/484/345 1059/422/345 1060/424/345
f 1058/421/344 1059/422/344 586/484/344
f 1057/419/343 1058/421/343 585/486/343
f 1143/418/342 1057/419/342 584/488/342
f 581/492/335 1049/405/335 1141/407/335
f 1048/404/334 1049/405/334 581/492/334
f 579/497/333 1047/402/333 1048/404/333
f 578/499/332 1046/399/332 1047/402/332
f 577/501/331 1045/400/331 1046/399/331
f 576/599/429 1078/704/429 1077/651/429
f 574/596/428 1079/702/428 1078/704/428
f 572/594/427 1080/699/427 1079/702/427
f 570/595/426 1081/698/426 1080/699/426
f 570/595/425 568/588/425 1125/696/425
f 566/585/558 1083/1000/558 1125/696/558
f 564/586/559 1084/1001/559 1083/1000/559
f 562/579/560 1085/1002/560 1084/1001/560
f 560/576/561 1086/1003/561 1085/1002/561
f 558/574/562 1087/1004/562 1086/1003/562
f 556/571/563 1127/695/563 1087/1004/563
f 554/572/424 1089/693/424 1127/695/424
f 552/565/423 1090/691/423 1089/693/423
f 552/565/422 550/563/422 1091/688/422
f 548/560/421 1092/686/421 1091/688/421
f 546/557/420 1093/685/420 1092/686/420
f 546/557/419 544/554/419 1094/682/419
f 542/551/418 1095/681/418 1094/682/418
f 540/549/417 1096/678/417 1095/681/417
f 538/550/416 1097/677/416 1096/678/416
f 538/550/415 536/543/415 1157/675/415
f 536/543/564 534/540/564 1099/1005/564
f 532/541/565 1100/1007/565 1099/1005/565
f 532/541/566 530/534/566 1101/1006/566
f 530/534/567 528/529/567 1102/1008/567
f 528/529/568 526/525/568 1103/1009/568
f 526/525/569 524/522/569 1159/660/569
f 522/523/410 1105/659/410 1159/660/410
f 520/514/409 1106/656/409 1105/659/409
f 518/510/408 1107/654/408 1106/656/408
f 516/505/407 1108/653/407 1107/654/407
f 516/505/406 514/507/406 1077/651/406
f 1066/994/352 593/1010/352 1110/472/352
f 1072/991/357 1111/447/357 1112/469/357
f 986/989/617 594/992/617 1112/469/617
f 992/996/405 1114/473/405 1110/472/405
f 992/996/405 991/1012/405 1115/969/405
f 990/1011/468 1116/970/468 1115/969/468
f 989/1013/401 1117/1015/401 1116/970/401
f 988/1014/397 1118/971/397 1117/1015/397
f 987/1016/393 1119/972/393 1118/971/393
f 986/989/389 1113/470/389 1119/972/389
f 1072/991/618 1120/1018/618 1071/445/618
f 1121/1017/571 1070/443/571 1071/445/571
f 1121/1017/572 1122/1020/572 1069/441/572
f 1123/1019/573 1068/439/573 1069/441/573
f 1123/1019/574 1124/1021/574 1067/437/574
f 1066/994/352 1109/435/352 1067/437/352
f 1082/1022/558 668/988/558 1126/985/558
f 1088/995/563 1127/695/563 1128/694/563
f 1018/990/404 1129/880/404 1126/985/404
f 1024/997/619 669/993/619 1128/694/619
f 1024/997/403 1130/887/403 1131/885/403
f 1023/1023/398 1131/885/398 1132/884/398
f 1022/1024/395 1132/884/395 1133/883/395
f 1021/1025/391 1133/883/391 1134/882/391
f 1020/1026/387 1134/882/387 1135/881/387
f 1018/990/404 1019/1027/404 1135/881/404
f 1082/1022/558 1125/696/558 1083/1000/558
f 1136/1028/578 1083/1000/578 1084/1001/578
f 1137/1029/579 1084/1001/579 1085/1002/579
f 1138/1030/580 1085/1002/580 1086/1003/580
f 1140/1032/581 1139/1031/581 1086/1003/581
f 1088/995/620 1140/1032/620 1087/1004/620
f 1082/1022/621 1136/1028/621 1120/1018/621
f 1137/1029/583 1121/1017/583 1120/1018/583
f 1138/1030/584 1122/1020/584 1121/1017/584
f 1139/1031/585 1123/1019/585 1122/1020/585
f 1140/1032/586 1124/1021/586 1123/1019/586
f 1088/995/622 1066/994/622 1124/1021/622
f 1024/997/383 1023/1023/383 991/1012/383
f 1022/1024/383 990/1011/383 991/1012/383
f 1021/1025/383 989/1013/383 990/1011/383
f 1020/1026/383 988/1014/383 989/1013/383
f 1019/1027/383 987/1016/383 988/1014/383
f 1018/990/383 986/989/383 987/1016/383
f 1050/982/336 582/1033/336 1142/999/336
f 1056/666/341 1143/418/341 1144/490/341
f 1002/669/623 583/668/623 1144/490/623
f 1008/979/403 1146/493/403 1142/999/403
f 1008/979/403 1007/977/403 1147/961/403
f 1006/975/398 1148/962/398 1147/961/398
f 1005/973/395 1149/963/395 1148/962/395
f 1004/674/391 1150/964/391 1149/963/391
f 1003/671/387 1151/965/387 1150/964/387
f 1002/669/404 1145/491/404 1151/965/404
f 1056/666/624 1152/663/624 1055/416/624
f 1153/1034/589 1054/414/589 1055/416/589
f 1153/1034/590 1154/1036/590 1053/412/590
f 1155/1035/591 1052/410/591 1053/412/591
f 1155/1035/592 1156/1037/592 1051/408/592
f 1050/982/336 1141/407/336 1051/408/336
f 1098/665/564 679/667/564 1158/984/564
f 1104/983/569 1159/660/569 1160/661/569
f 1034/670/389 1161/895/389 1158/984/389
f 1040/980/625 680/981/625 1160/661/625
f 1040/980/405 1162/902/405 1163/901/405
f 1039/978/468 1163/901/468 1164/900/468
f 1038/976/401 1164/900/401 1165/899/401
f 1037/974/397 1165/899/397 1166/898/397
f 1036/673/393 1166/898/393 1167/897/393
f 1034/670/389 1035/672/389 1167/897/389
f 1098/665/564 1157/675/564 1099/1005/564
f 1168/664/596 1099/1005/596 1100/1007/596
f 1170/1038/597 1169/662/597 1100/1007/597
f 1170/1038/598 1101/1006/598 1102/1008/598
f 1171/1039/599 1102/1008/599 1103/1009/599
f 1104/983/626 1172/1040/626 1103/1009/626
f 1169/662/600 1170/1038/600 1154/1036/600
f 1171/1039/601 1155/1035/601 1154/1036/601
f 1171/1039/602 1172/1040/602 1156/1037/602
f 1104/983/627 1050/982/627 1156/1037/627
f 1200/953/404 1175/955/404 980/954/404
f 639/914/369 729/929/369 937/928/369
f 937/928/605 1178/958/605 1204/611/605
f 1204/611/369 641/915/369 639/914/369
f 521/936/369 523/937/369 1207/532/369
f 1173/960/369 967/948/369 840/945/369
f 521/936/369 1207/532/369 1173/960/369
f 1181/947/551 1182/621/551 1184/934/551
f 1183/640/551 1184/934/551 1186/932/551
f 1185/637/551 1186/932/551 1188/933/551
f 1187/638/551 1188/933/551 1190/930/551
f 1200/953/551 1199/636/551 1191/924/551
f 1198/635/551 1193/925/551 1191/924/551
f 1197/639/551 1194/926/551 1193/925/551
f 1196/951/551 1195/927/551 1194/926/551
f 971/638/393 1187/638/393 1189/949/393
f 978/636/387 1199/636/387 1200/953/387
f 932/922/393 1192/922/393 1191/924/393
f 939/930/387 1190/930/387 1188/933/387
f 933/924/397 1191/924/397 1193/925/397
f 940/933/391 1188/933/391 1186/932/391
f 934/925/401 1193/925/401 1194/926/401
f 941/932/395 1186/932/395 1184/934/395
f 1192/922/551 1176/618/551 1175/955/551
f 935/926/468 1194/926/468 1195/927/468
f 1178/958/405 937/928/405 936/927/405
f 1178/958/551 1195/927/551 1196/951/551
f 1177/959/403 1196/951/403 975/951/403
f 1189/949/389 1180/646/389 973/950/389
f 1190/930/551 1179/771/551 1180/646/551
f 939/930/404 938/931/404 1179/771/404
f 1205/1041/604 1206/1042/604 1180/646/604
f 1224/944/383 1225/615/383 1217/614/383
f 1227/612/383 1219/917/383 1218/916/383
f 1228/606/383 1220/918/383 1219/917/383
f 565/606/387 1228/606/387 1227/612/387
f 611/907/398 1212/907/398 1210/909/398
f 613/909/395 1210/909/395 1213/910/395
f 615/910/391 1213/910/391 1214/911/391
f 643/610/468 1216/610/468 1217/614/468
f 1224/944/403 1203/956/403 555/943/403
f 617/911/387 1214/911/387 1215/912/387
f 527/939/468 1209/939/468 1211/938/468
f 645/614/401 1217/614/401 1218/916/401
f 559/615/398 1225/615/398 1224/944/398
f 529/940/401 1221/940/401 1209/939/401
f 647/916/397 1218/916/397 1219/917/397
f 1202/957/383 1220/918/383 1228/606/383
f 653/919/389 651/918/389 1220/918/389
f 1208/533/403 1212/907/403 611/907/403
f 1208/533/383 1207/532/383 1211/938/383
f 523/937/405 525/938/405 1211/938/405
f 1215/912/404 1205/1041/404 621/770/404
f 1223/608/383 1206/1042/383 1205/1041/383
f 533/608/389 535/647/389 1206/1042/389
