# Blender 5.1.1
# www.blender.org
mtllib cannon152mm.mtl
o Cannon152mm
v 0.116000 0.000000 0.000709
v 0.053740 -0.053741 -1.832624
v -0.063192 -0.042224 -1.832624
v 0.096451 0.064446 0.000709
v -0.029084 0.070214 -1.832624
v -0.014827 0.074539 -1.832624
v 0.107170 -0.044391 0.000709
v 0.096451 -0.064446 0.000709
v 0.076000 -0.000000 -1.832624
v 0.074539 -0.014827 -1.832624
v 0.082025 -0.082024 0.000709
v -0.014827 -0.074540 -1.832624
v -0.029084 -0.070215 -1.832624
v 0.064446 -0.096450 0.000709
v 0.044391 -0.107170 0.000709
v -0.070215 0.029084 -1.832624
v -0.063192 0.042223 -1.832624
v 0.022631 -0.113771 0.000709
v 0.000000 -0.116000 0.000709
v 0.053740 0.053740 -1.832624
v 0.063191 0.042223 -1.832624
v -0.022630 -0.113771 0.000709
v 0.042223 -0.063192 -1.832624
v 0.029083 -0.070215 -1.832624
v -0.044391 -0.107170 0.000709
v -0.064446 -0.096450 0.000709
v -0.070215 -0.029084 -1.832624
v -0.074540 -0.014827 -1.832624
v -0.082024 -0.082024 0.000709
v -0.014828 0.074539 -2.749291
v -0.000001 0.075999 -2.749291
v -0.029085 0.070214 -2.749291
v -0.042224 0.063191 -2.749291
v -0.053741 0.053739 -2.749291
v -0.063192 0.042223 -2.749291
v -0.070216 0.029083 -2.749291
v -0.074540 0.014826 -2.749291
v -0.076001 -0.000001 -2.749291
v -0.074540 -0.014828 -2.749291
v -0.070216 -0.029085 -2.749291
v -0.063192 -0.042224 -2.749291
v -0.053741 -0.053741 -2.749291
v -0.042224 -0.063192 -2.749291
v -0.029085 -0.070216 -2.749291
v -0.014828 -0.074540 -2.749291
v -0.000001 -0.076001 -2.749291
v 0.014826 -0.074540 -2.749291
v 0.029083 -0.070216 -2.749291
v 0.042223 -0.063192 -2.749291
v 0.053739 -0.053741 -2.749291
v 0.063191 -0.042224 -2.749291
v 0.070214 -0.029085 -2.749291
v 0.074539 -0.014828 -2.749291
v 0.075999 -0.000001 -2.749291
v 0.074539 0.014826 -2.749291
v 0.070214 0.029083 -2.749291
v 0.063191 0.042223 -2.749291
v 0.053739 0.053739 -2.749291
v 0.042223 0.063191 -2.749291
v 0.029083 0.070214 -2.749291
v 0.014826 0.074539 -2.749291
v 0.042223 0.063191 -1.832624
v -0.074540 0.014826 -1.832624
v 0.113771 -0.022630 0.000709
v -0.000000 -0.076000 -1.832624
v -0.096450 -0.064446 0.000709
v 0.074539 0.014826 -1.832624
v -0.107170 -0.044391 0.000709
v -0.042224 0.063191 -1.832624
v -0.113771 -0.022630 0.000709
v -0.053741 -0.053741 -1.832624
v -0.116000 0.000000 0.000709
v 0.063191 -0.042224 -1.832624
v 0.029083 0.070214 -1.832624
v -0.113771 0.022631 0.000709
v -0.076000 -0.000000 -1.832624
v -0.107170 0.044391 0.000709
v 0.014826 -0.074540 -1.832624
v -0.096450 0.064446 0.000709
v 0.070214 0.029084 -1.832624
v -0.082024 0.082024 0.000709
v -0.053741 0.053740 -1.832624
v -0.064446 0.096451 0.000709
v -0.042224 -0.063192 -1.832624
v 0.070214 -0.029084 -1.832624
v -0.044391 0.107170 0.000709
v 0.014826 0.074539 -1.832624
v -0.022630 0.113771 0.000709
v 0.000000 0.116000 0.000709
v -0.000000 0.076000 -1.832624
v -0.000000 0.096000 -0.915958
v 0.067882 -0.067882 -0.915958
v -0.079821 -0.053335 -0.915958
v 0.018728 0.094155 -0.915958
v -0.036738 0.088692 -0.915958
v 0.088692 -0.036738 -0.915958
v -0.018729 0.094155 -0.915958
v -0.053335 -0.079821 -0.915958
v 0.096000 -0.000000 -0.915958
v -0.067882 0.067882 -0.915958
v 0.094155 -0.018729 -0.915958
v 0.088692 0.036737 -0.915958
v -0.018729 -0.094156 -0.915958
v 0.018728 -0.094156 -0.915958
v -0.036738 -0.088693 -0.915958
v -0.096000 -0.000000 -0.915958
v -0.088693 0.036737 -0.915958
v 0.036737 0.088692 -0.915958
v -0.079821 0.053335 -0.915958
v 0.079821 -0.053335 -0.915958
v 0.067882 0.067882 -0.915958
v -0.067882 -0.067882 -0.915958
v 0.079821 0.053335 -0.915958
v -0.053335 0.079821 -0.915958
v 0.053335 -0.079821 -0.915958
v 0.094155 0.018729 -0.915958
v 0.036737 -0.088693 -0.915958
v -0.000000 -0.096000 -0.915958
v -0.088693 -0.036738 -0.915958
v -0.094156 0.018729 -0.915958
v -0.094156 -0.018729 -0.915958
v 0.053335 0.079821 -0.915958
v 0.113771 0.022631 0.000709
v 0.107170 0.044391 0.000709
v 0.082024 0.082024 0.000709
v 0.064446 0.096451 0.000709
v 0.044391 0.107170 0.000709
v 0.022631 0.113771 0.000709
v -0.000000 0.090422 -1.576975
v 0.063938 -0.063938 -1.576975
v -0.075184 -0.050236 -1.576975
v 0.017640 0.088684 -1.576975
v -0.034603 0.083539 -1.576975
v 0.083539 -0.034603 -1.576975
v -0.017641 0.088684 -1.576975
v -0.050236 -0.075184 -1.576975
v 0.090422 -0.000000 -1.576975
v -0.063939 0.063938 -1.576975
v 0.088684 -0.017641 -1.576975
v 0.083539 0.034603 -1.576975
v -0.017641 -0.088685 -1.576975
v 0.017640 -0.088685 -1.576975
v -0.034603 -0.083540 -1.576975
v -0.090423 -0.000000 -1.576975
v -0.083540 0.034603 -1.576975
v 0.034603 0.083539 -1.576975
v -0.075184 0.050236 -1.576975
v 0.075183 -0.050236 -1.576975
v 0.063938 0.063938 -1.576975
v -0.063939 -0.063938 -1.576975
v 0.075183 0.050236 -1.576975
v -0.050236 0.075183 -1.576975
v 0.050235 -0.075184 -1.576975
v 0.088684 0.017640 -1.576975
v 0.034603 -0.083540 -1.576975
v -0.000000 -0.090423 -1.576975
v -0.083540 -0.034603 -1.576975
v -0.088685 0.017640 -1.576975
v -0.088685 -0.017641 -1.576975
v 0.050235 0.075183 -1.576975
v 0.091813 0.061347 -0.660309
v -0.091813 0.061347 -0.660309
v -0.042257 -0.102017 -0.660309
v 0.108300 -0.021542 -0.660309
v -0.021542 0.108300 -0.660309
v -0.000000 0.110422 -0.660309
v 0.042257 -0.102017 -0.660309
v -0.108301 -0.021542 -0.660309
v -0.102017 -0.042257 -0.660309
v 0.061347 -0.091813 -0.660309
v 0.078080 0.078080 -0.660309
v -0.102017 0.042257 -0.660309
v -0.021542 -0.108301 -0.660309
v 0.110422 -0.000000 -0.660309
v -0.042257 0.102017 -0.660309
v -0.091813 -0.061347 -0.660309
v 0.078080 -0.078080 -0.660309
v 0.061347 0.091813 -0.660309
v -0.108301 0.021542 -0.660309
v -0.000000 -0.110422 -0.660309
v 0.108300 0.021542 -0.660309
v -0.061347 0.091813 -0.660309
v -0.078080 -0.078080 -0.660309
v 0.091813 -0.061347 -0.660309
v 0.042257 0.102017 -0.660309
v -0.110422 -0.000000 -0.660309
v 0.021542 -0.108301 -0.660309
v 0.102017 0.042257 -0.660309
v -0.078080 0.078080 -0.660309
v -0.061347 -0.091813 -0.660309
v 0.102017 -0.042257 -0.660309
v 0.021542 0.108300 -0.660309
vn -0.2903 0.9569 -0.0000
vn -0.4714 0.8819 -0.0000
vn -0.6344 0.7730 -0.0000
vn -0.7730 0.6344 -0.0000
vn -0.8819 0.4714 -0.0000
vn -0.9569 0.2903 -0.0000
vn -0.9952 0.0980 -0.0000
vn -0.9952 -0.0980 -0.0000
vn -0.9569 -0.2903 -0.0000
vn -0.8819 -0.4714 -0.0000
vn -0.7730 -0.6344 -0.0000
vn -0.6344 -0.7730 -0.0000
vn -0.4714 -0.8819 -0.0000
vn -0.2903 -0.9569 -0.0000
vn -0.0980 -0.9952 -0.0000
vn 0.0980 -0.9952 -0.0000
vn 0.2903 -0.9569 -0.0000
vn 0.4714 -0.8819 -0.0000
vn 0.6344 -0.7730 -0.0000
vn 0.7730 -0.6344 -0.0000
vn 0.8819 -0.4714 -0.0000
vn 0.9569 -0.2903 -0.0000
vn 0.9952 -0.0980 -0.0000
vn 0.9952 0.0980 -0.0000
vn 0.9569 0.2903 -0.0000
vn 0.8819 0.4714 -0.0000
vn 0.7730 0.6344 -0.0000
vn 0.6344 0.7730 -0.0000
vn 0.4714 0.8819 -0.0000
vn 0.2903 0.9569 -0.0000
vn 0.0980 0.9952 -0.0000
vn -0.0000 -0.0000 -1.0000
vn -0.0980 0.9952 -0.0000
vn -0.0000 -0.0000 1.0000
vn -0.0979 0.9936 -0.0561
vn -0.0980 0.9951 -0.0084
vn 0.0979 0.9936 -0.0561
vn 0.0980 0.9951 -0.0084
vn 0.2898 0.9554 -0.0561
vn 0.2903 0.9569 -0.0084
vn 0.4707 0.8805 -0.0561
vn 0.4714 0.8819 -0.0084
vn 0.6334 0.7718 -0.0561
vn 0.6344 0.7730 -0.0084
vn 0.7718 0.6334 -0.0561
vn 0.7730 0.6344 -0.0084
vn 0.8805 0.4707 -0.0561
vn 0.8819 0.4714 -0.0084
vn 0.9554 0.2898 -0.0561
vn 0.9569 0.2903 -0.0084
vn 0.9936 0.0979 -0.0561
vn 0.9951 0.0980 -0.0084
vn 0.9936 -0.0979 -0.0561
vn 0.9951 -0.0980 -0.0084
vn 0.9554 -0.2898 -0.0561
vn 0.9569 -0.2903 -0.0084
vn 0.8805 -0.4707 -0.0561
vn 0.8819 -0.4714 -0.0084
vn 0.7718 -0.6334 -0.0561
vn 0.7730 -0.6344 -0.0084
vn 0.6334 -0.7718 -0.0561
vn 0.6344 -0.7730 -0.0084
vn 0.4707 -0.8805 -0.0561
vn 0.4714 -0.8819 -0.0084
vn 0.2898 -0.9554 -0.0561
vn 0.2903 -0.9569 -0.0084
vn 0.0979 -0.9936 -0.0561
vn 0.0980 -0.9951 -0.0084
vn -0.0979 -0.9936 -0.0561
vn -0.0980 -0.9951 -0.0084
vn -0.2898 -0.9554 -0.0561
vn -0.2903 -0.9569 -0.0084
vn -0.4707 -0.8805 -0.0561
vn -0.4714 -0.8819 -0.0084
vn -0.6334 -0.7718 -0.0561
vn -0.6344 -0.7730 -0.0084
vn -0.7718 -0.6334 -0.0561
vn -0.7730 -0.6344 -0.0084
vn -0.8805 -0.4707 -0.0561
vn -0.8819 -0.4714 -0.0084
vn -0.9554 -0.2898 -0.0561
vn -0.9569 -0.2903 -0.0084
vn -0.9936 -0.0979 -0.0561
vn -0.9951 -0.0980 -0.0084
vn -0.9936 0.0979 -0.0561
vn -0.9951 0.0980 -0.0084
vn -0.9554 0.2898 -0.0561
vn -0.9569 0.2903 -0.0084
vn -0.8805 0.4707 -0.0561
vn -0.8819 0.4714 -0.0084
vn -0.7718 0.6334 -0.0561
vn -0.7730 0.6344 -0.0084
vn -0.6334 0.7718 -0.0561
vn -0.6344 0.7730 -0.0084
vn -0.4707 0.8805 -0.0561
vn -0.4714 0.8819 -0.0084
vn -0.2898 0.9554 -0.0561
vn -0.2903 0.9569 -0.0084
vn -0.0000 -0.0002 -1.0000
vn -0.0000 0.0002 -1.0000
vt 0.968750 1.000000
vt 0.937500 0.833333
vt 0.968750 0.833333
vt 0.937500 1.000000
vt 0.906250 0.833333
vt 0.906250 1.000000
vt 0.875000 0.833333
vt 0.875000 1.000000
vt 0.843750 0.833333
vt 0.843750 1.000000
vt 0.812500 0.833333
vt 0.812500 1.000000
vt 0.781250 0.833333
vt 0.781250 1.000000
vt 0.750000 0.833333
vt 0.750000 1.000000
vt 0.718750 0.833333
vt 0.718750 1.000000
vt 0.687500 0.833333
vt 0.687500 1.000000
vt 0.656250 0.833333
vt 0.656250 1.000000
vt 0.625000 0.833333
vt 0.625000 1.000000
vt 0.593750 0.833333
vt 0.593750 1.000000
vt 0.562500 0.833333
vt 0.562500 1.000000
vt 0.531250 0.833333
vt 0.531250 1.000000
vt 0.500000 0.833333
vt 0.500000 1.000000
vt 0.468750 0.833333
vt 0.468750 1.000000
vt 0.437500 0.833333
vt 0.437500 1.000000
vt 0.406250 0.833333
vt 0.406250 1.000000
vt 0.375000 0.833333
vt 0.375000 1.000000
vt 0.343750 0.833333
vt 0.312500 1.000000
vt 0.312500 0.833333
vt 0.281250 0.833333
vt 0.281250 1.000000
vt 0.250000 0.833333
vt 0.250000 1.000000
vt 0.218750 0.833333
vt 0.218750 1.000000
vt 0.187500 0.833333
vt 0.187500 1.000000
vt 0.156250 0.833333
vt 0.156250 1.000000
vt 0.125000 0.833333
vt 0.125000 1.000000
vt 0.093750 0.833333
vt 0.093750 1.000000
vt 0.062500 0.833333
vt 0.062500 1.000000
vt 0.031250 0.833333
vt 0.031250 1.000000
vt 0.000000 0.833333
vt 0.158156 0.028269
vt 0.471731 0.158156
vt 0.341844 0.471731
vt 1.000000 1.000000
vt 1.000000 0.833333
vt 0.531250 0.500000
vt 0.281250 0.500000
vt 0.031250 0.500000
vt 0.999092 0.833333
vt 0.968750 0.666667
vt 1.000000 0.666667
vt 0.031250 0.833333
vt 0.000908 0.833333
vt 0.031250 0.666667
vt 0.062500 0.833333
vt 0.062500 0.666667
vt 0.093750 0.833333
vt 0.093750 0.666667
vt 0.125000 0.833333
vt 0.125000 0.666667
vt 0.156250 0.833333
vt 0.156250 0.666667
vt 0.187500 0.833333
vt 0.187500 0.666667
vt 0.218750 0.833333
vt 0.218750 0.666667
vt 0.250000 0.833333
vt 0.250000 0.666667
vt 0.281250 0.833333
vt 0.281250 0.666667
vt 0.312500 0.833333
vt 0.312500 0.666667
vt 0.343750 0.833333
vt 0.343750 0.666667
vt 0.375000 0.833333
vt 0.375000 0.666667
vt 0.406250 0.833333
vt 0.406250 0.666667
vt 0.437500 0.833333
vt 0.437500 0.666667
vt 0.468750 0.833333
vt 0.468750 0.666667
vt 0.500000 0.666667
vt 0.531250 0.833333
vt 0.531250 0.666667
vt 0.562500 0.833333
vt 0.562500 0.666667
vt 0.593750 0.833333
vt 0.593750 0.666667
vt 0.625000 0.833333
vt 0.625000 0.666667
vt 0.656250 0.833333
vt 0.656250 0.666667
vt 0.687500 0.833333
vt 0.687500 0.666667
vt 0.718750 0.833333
vt 0.718750 0.666667
vt 0.750000 0.833333
vt 0.750000 0.666667
vt 0.781250 0.833333
vt 0.781250 0.666667
vt 0.812500 0.833333
vt 0.812500 0.666667
vt 0.843750 0.833333
vt 0.843750 0.666667
vt 0.875000 0.833333
vt 0.875000 0.666667
vt 0.906250 0.833333
vt 0.906250 0.666667
vt 0.937500 0.666667
vt 0.968750 0.666667
vt 0.999249 0.666667
vt 1.000000 0.500000
vt 0.000752 0.666667
vt 0.031250 0.666667
vt 0.062500 0.666667
vt 0.062500 0.500000
vt 0.093750 0.666667
vt 0.093750 0.500000
vt 0.124999 0.666667
vt 0.125000 0.500000
vt 0.156250 0.666667
vt 0.156250 0.500000
vt 0.187500 0.666667
vt 0.187500 0.500000
vt 0.218750 0.666667
vt 0.218750 0.500000
vt 0.249999 0.666667
vt 0.250000 0.500000
vt 0.281250 0.666667
vt 0.312500 0.666667
vt 0.312500 0.500000
vt 0.343750 0.666667
vt 0.343750 0.500000
vt 0.375000 0.666667
vt 0.375000 0.500000
vt 0.406249 0.666667
vt 0.406250 0.500000
vt 0.437500 0.666667
vt 0.437500 0.500000
vt 0.468750 0.666667
vt 0.468750 0.500000
vt 0.500000 0.500000
vt 0.531250 0.666667
vt 0.562500 0.500000
vt 0.593751 0.666667
vt 0.593750 0.500000
vt 0.625000 0.666667
vt 0.625000 0.500000
vt 0.656250 0.666667
vt 0.656250 0.500000
vt 0.687500 0.666667
vt 0.687500 0.500000
vt 0.718750 0.666667
vt 0.718750 0.500000
vt 0.750001 0.666667
vt 0.750000 0.500000
vt 0.781250 0.666667
vt 0.781250 0.500000
vt 0.812500 0.666667
vt 0.812500 0.500000
vt 0.843750 0.666667
vt 0.843750 0.500000
vt 0.875000 0.666667
vt 0.875000 0.500000
vt 0.906250 0.666667
vt 0.906250 0.500000
vt 0.937500 0.666667
vt 0.937500 0.500000
vt 0.968750 0.500000
vt 0.343750 1.000000
vt 0.000000 1.000000
vt 0.296822 0.485388
vt 0.250000 0.490000
vt 0.203178 0.485388
vt 0.158156 0.471731
vt 0.116663 0.449553
vt 0.080294 0.419706
vt 0.050447 0.383337
vt 0.028269 0.341844
vt 0.014612 0.296822
vt 0.010000 0.250000
vt 0.014612 0.203178
vt 0.028269 0.158156
vt 0.050447 0.116663
vt 0.080294 0.080294
vt 0.116663 0.050447
vt 0.203178 0.014612
vt 0.250000 0.010000
vt 0.296822 0.014612
vt 0.341844 0.028269
vt 0.383337 0.050447
vt 0.419706 0.080294
vt 0.449553 0.116663
vt 0.485388 0.203178
vt 0.490000 0.250000
vt 0.485388 0.296822
vt 0.471731 0.341844
vt 0.449553 0.383337
vt 0.419706 0.419706
vt 0.383337 0.449553
vt 0.000000 0.500000
vt 0.000000 0.666667
s 0
usemtl Green
f 30/1/1 5/2/1 6/3/1
f 32/4/2 69/5/2 5/2/2
f 33/6/3 82/7/3 69/5/3
f 34/8/4 17/9/4 82/7/4
f 35/10/5 16/11/5 17/9/5
f 36/12/6 63/13/6 16/11/6
f 37/14/7 76/15/7 63/13/7
f 38/16/8 28/17/8 76/15/8
f 39/18/9 27/19/9 28/17/9
f 40/20/10 3/21/10 27/19/10
f 41/22/11 71/23/11 3/21/11
f 42/24/12 84/25/12 71/23/12
f 43/26/13 13/27/13 84/25/13
f 44/28/14 12/29/14 13/27/14
f 45/30/15 65/31/15 12/29/15
f 46/32/16 78/33/16 65/31/16
f 47/34/17 24/35/17 78/33/17
f 48/36/18 23/37/18 24/35/18
f 49/38/19 2/39/19 23/37/19
f 50/40/20 73/41/20 2/39/20
f 73/41/21 52/42/21 85/43/21
f 52/42/22 10/44/22 85/43/22
f 53/45/23 9/46/23 10/44/23
f 54/47/24 67/48/24 9/46/24
f 55/49/25 80/50/25 67/48/25
f 56/51/26 21/52/26 80/50/26
f 57/53/27 20/54/27 21/52/27
f 58/55/28 62/56/28 20/54/28
f 59/57/29 74/58/29 62/56/29
f 60/59/30 87/60/30 74/58/30
f 61/61/31 90/62/31 87/60/31
f 48/63/32 40/64/32 32/65/32
f 31/66/33 6/3/33 90/67/33
f 22/68/34 64/69/34 128/70/34
f 6/3/35 129/71/35 90/67/35
f 129/71/36 97/72/36 91/73/36
f 90/62/37 132/74/37 87/60/37
f 129/75/38 94/76/38 132/74/38
f 74/58/39 132/74/39 146/77/39
f 146/77/40 94/76/40 108/78/40
f 74/58/41 160/79/41 62/56/41
f 160/79/42 108/78/42 122/80/42
f 62/56/43 149/81/43 20/54/43
f 160/79/44 111/82/44 149/81/44
f 20/54/45 151/83/45 21/52/45
f 149/81/46 113/84/46 151/83/46
f 21/52/47 140/85/47 80/50/47
f 140/85/48 113/84/48 102/86/48
f 80/50/49 154/87/49 67/48/49
f 140/85/50 116/88/50 154/87/50
f 67/48/51 137/89/51 9/46/51
f 154/87/52 99/90/52 137/89/52
f 9/46/53 139/91/53 10/44/53
f 137/89/54 101/92/54 139/91/54
f 10/44/55 134/93/55 85/43/55
f 139/91/56 96/94/56 134/93/56
f 85/43/57 148/95/57 73/41/57
f 134/93/58 110/96/58 148/95/58
f 2/39/59 148/95/59 130/97/59
f 148/95/60 92/98/60 130/97/60
f 2/39/61 153/99/61 23/37/61
f 130/97/62 115/100/62 153/99/62
f 23/37/63 155/101/63 24/35/63
f 153/99/64 117/102/64 155/101/64
f 24/35/65 142/103/65 78/33/65
f 142/103/66 117/102/66 104/104/66
f 78/33/67 156/31/67 65/31/67
f 142/103/68 118/105/68 156/31/68
f 65/31/69 141/106/69 12/29/69
f 156/31/70 103/107/70 141/106/70
f 12/29/71 143/108/71 13/27/71
f 141/106/72 105/109/72 143/108/72
f 13/27/73 136/110/73 84/25/73
f 136/110/74 105/109/74 98/111/74
f 71/23/75 136/110/75 150/112/75
f 136/110/76 112/113/76 150/112/76
f 71/23/77 131/114/77 3/21/77
f 150/112/78 93/115/78 131/114/78
f 3/21/79 157/116/79 27/19/79
f 131/114/80 119/117/80 157/116/80
f 27/19/81 159/118/81 28/17/81
f 159/118/82 119/117/82 121/119/82
f 28/17/83 144/120/83 76/15/83
f 159/118/84 106/121/84 144/120/84
f 76/15/85 158/122/85 63/13/85
f 158/122/86 106/121/86 120/123/86
f 16/11/87 158/122/87 145/124/87
f 145/124/88 120/123/88 107/125/88
f 16/11/89 147/126/89 17/9/89
f 145/124/90 109/127/90 147/126/90
f 17/9/91 138/128/91 82/7/91
f 147/126/92 100/129/92 138/128/92
f 69/5/93 138/128/93 152/130/93
f 152/130/94 100/129/94 114/131/94
f 5/2/95 152/130/95 133/2/95
f 152/130/96 95/132/96 133/2/96
f 6/3/97 133/2/97 135/3/97
f 133/2/98 97/72/98 135/3/98
f 91/73/35 165/133/35 166/134/35
f 165/133/36 89/135/36 166/134/36
f 94/76/37 166/136/37 192/137/37
f 166/136/38 128/70/38 192/137/38
f 94/76/39 185/138/39 108/78/39
f 192/137/40 127/139/40 185/138/40
f 108/78/41 178/140/41 122/80/41
f 185/138/42 126/141/42 178/140/42
f 122/80/43 171/142/43 111/82/43
f 178/140/44 125/143/44 171/142/44
f 111/82/45 161/144/45 113/84/45
f 171/142/46 4/145/46 161/144/46
f 102/86/47 161/144/47 188/146/47
f 161/144/48 124/147/48 188/146/48
f 102/86/49 181/148/49 116/88/49
f 188/146/50 123/149/50 181/148/50
f 116/88/51 174/150/51 99/90/51
f 181/148/52 1/151/52 174/150/52
f 99/90/53 164/152/53 101/92/53
f 174/150/54 64/69/54 164/152/54
f 96/94/55 164/152/55 191/153/55
f 164/152/56 7/154/56 191/153/56
f 96/94/57 184/155/57 110/96/57
f 191/153/58 8/156/58 184/155/58
f 110/96/59 177/157/59 92/98/59
f 184/155/60 11/158/60 177/157/60
f 92/98/61 170/159/61 115/100/61
f 177/157/62 14/160/62 170/159/62
f 115/100/63 167/161/63 117/102/63
f 170/159/64 15/162/64 167/161/64
f 104/104/65 167/161/65 187/163/65
f 187/163/66 15/162/66 18/164/66
f 104/104/67 180/105/67 118/105/67
f 187/163/68 19/165/68 180/105/68
f 118/105/69 173/166/69 103/107/69
f 173/166/70 19/165/70 22/68/70
f 103/107/71 163/109/71 105/109/71
f 173/166/72 25/167/72 163/109/72
f 98/111/73 163/109/73 190/168/73
f 190/168/74 25/167/74 26/169/74
f 98/111/75 183/170/75 112/113/75
f 190/168/76 29/171/76 183/170/76
f 112/113/77 176/172/77 93/115/77
f 183/170/78 66/173/78 176/172/78
f 93/115/79 169/174/79 119/117/79
f 176/172/80 68/175/80 169/174/80
f 119/117/81 168/176/81 121/119/81
f 169/174/82 70/177/82 168/176/82
f 106/121/83 168/176/83 186/178/83
f 186/178/84 70/177/84 72/179/84
f 106/121/85 179/180/85 120/123/85
f 179/180/86 72/179/86 75/181/86
f 107/125/87 179/180/87 172/182/87
f 179/180/88 77/183/88 172/182/88
f 107/125/89 162/184/89 109/127/89
f 172/182/90 79/185/90 162/184/90
f 100/129/91 162/184/91 189/186/91
f 189/186/92 79/185/92 81/187/92
f 100/129/93 182/188/93 114/131/93
f 189/186/94 83/189/94 182/188/94
f 114/131/95 175/190/95 95/132/95
f 182/188/96 86/191/96 175/190/96
f 95/132/97 165/133/97 97/72/97
f 175/190/98 88/192/98 165/133/98
f 30/1/1 32/4/1 5/2/1
f 32/4/2 33/6/2 69/5/2
f 33/6/3 34/8/3 82/7/3
f 34/8/4 35/10/4 17/9/4
f 35/10/5 36/12/5 16/11/5
f 36/12/6 37/14/6 63/13/6
f 37/14/7 38/16/7 76/15/7
f 38/16/8 39/18/8 28/17/8
f 39/18/9 40/20/9 27/19/9
f 40/20/10 41/22/10 3/21/10
f 41/22/11 42/24/11 71/23/11
f 42/24/12 43/26/12 84/25/12
f 43/26/13 44/28/13 13/27/13
f 44/28/14 45/30/14 12/29/14
f 45/30/15 46/32/15 65/31/15
f 46/32/16 47/34/16 78/33/16
f 47/34/17 48/36/17 24/35/17
f 48/36/18 49/38/18 23/37/18
f 49/38/19 50/40/19 2/39/19
f 50/40/20 51/193/20 73/41/20
f 73/41/21 51/193/21 52/42/21
f 52/42/22 53/45/22 10/44/22
f 53/45/23 54/47/23 9/46/23
f 54/47/24 55/49/24 67/48/24
f 55/49/25 56/51/25 80/50/25
f 56/51/26 57/53/26 21/52/26
f 57/53/27 58/55/27 20/54/27
f 58/55/28 59/57/28 62/56/28
f 59/57/29 60/59/29 74/58/29
f 60/59/30 61/61/30 87/60/30
f 61/61/31 31/194/31 90/62/31
f 32/65/99 30/195/99 31/196/99
f 31/196/99 61/197/99 60/198/99
f 60/198/99 59/199/99 58/200/99
f 58/200/32 57/201/32 56/202/32
f 56/202/32 55/203/32 54/204/32
f 54/204/32 53/205/32 52/206/32
f 52/206/32 51/207/32 50/208/32
f 50/208/100 49/209/100 48/63/100
f 48/63/100 47/210/100 46/211/100
f 46/211/100 45/212/100 44/213/100
f 44/213/100 43/214/100 42/215/100
f 42/215/32 41/216/32 40/64/32
f 40/64/32 39/217/32 38/218/32
f 38/218/32 37/219/32 36/220/32
f 36/220/32 35/221/32 34/222/32
f 34/222/99 33/223/99 32/65/99
f 32/65/32 31/196/32 60/198/32
f 60/198/32 58/200/32 56/202/32
f 56/202/32 54/204/32 52/206/32
f 52/206/32 50/208/32 48/63/32
f 48/63/32 46/211/32 44/213/32
f 44/213/32 42/215/32 40/64/32
f 40/64/32 38/218/32 36/220/32
f 36/220/32 34/222/32 32/65/32
f 32/65/32 60/198/32 56/202/32
f 56/202/32 52/206/32 48/63/32
f 48/63/32 44/213/32 40/64/32
f 40/64/32 36/220/32 32/65/32
f 32/65/32 56/202/32 48/63/32
f 31/66/33 30/1/33 6/3/33
f 128/70/34 89/224/34 88/192/34
f 88/192/34 86/191/34 83/189/34
f 83/189/34 81/187/34 79/185/34
f 79/185/34 77/183/34 75/181/34
f 75/181/34 72/179/34 70/177/34
f 70/177/34 68/175/34 66/173/34
f 66/173/34 29/171/34 26/169/34
f 26/169/34 25/167/34 22/68/34
f 22/68/34 19/165/34 18/164/34
f 18/164/34 15/162/34 14/160/34
f 14/160/34 11/158/34 8/156/34
f 8/156/34 7/154/34 64/69/34
f 64/69/34 1/151/34 123/149/34
f 123/149/34 124/147/34 4/145/34
f 4/145/34 125/143/34 126/141/34
f 126/141/34 127/139/34 128/70/34
f 128/70/34 88/192/34 83/189/34
f 83/189/34 79/185/34 75/181/34
f 75/181/34 70/177/34 66/173/34
f 66/173/34 26/169/34 22/68/34
f 22/68/34 18/164/34 14/160/34
f 14/160/34 8/156/34 64/69/34
f 64/69/34 123/149/34 4/145/34
f 4/145/34 126/141/34 128/70/34
f 128/70/34 83/189/34 75/181/34
f 75/181/34 66/173/34 22/68/34
f 22/68/34 14/160/34 64/69/34
f 64/69/34 4/145/34 128/70/34
f 128/70/34 75/181/34 22/68/34
f 6/3/35 135/3/35 129/71/35
f 129/71/36 135/3/36 97/72/36
f 90/62/37 129/75/37 132/74/37
f 129/75/38 91/225/38 94/76/38
f 74/58/39 87/60/39 132/74/39
f 146/77/40 132/74/40 94/76/40
f 74/58/41 146/77/41 160/79/41
f 160/79/42 146/77/42 108/78/42
f 62/56/43 160/79/43 149/81/43
f 160/79/44 122/80/44 111/82/44
f 20/54/45 149/81/45 151/83/45
f 149/81/46 111/82/46 113/84/46
f 21/52/47 151/83/47 140/85/47
f 140/85/48 151/83/48 113/84/48
f 80/50/49 140/85/49 154/87/49
f 140/85/50 102/86/50 116/88/50
f 67/48/51 154/87/51 137/89/51
f 154/87/52 116/88/52 99/90/52
f 9/46/53 137/89/53 139/91/53
f 137/89/54 99/90/54 101/92/54
f 10/44/55 139/91/55 134/93/55
f 139/91/56 101/92/56 96/94/56
f 85/43/57 134/93/57 148/95/57
f 134/93/58 96/94/58 110/96/58
f 2/39/59 73/41/59 148/95/59
f 148/95/60 110/96/60 92/98/60
f 2/39/61 130/97/61 153/99/61
f 130/97/62 92/98/62 115/100/62
f 23/37/63 153/99/63 155/101/63
f 153/99/64 115/100/64 117/102/64
f 24/35/65 155/101/65 142/103/65
f 142/103/66 155/101/66 117/102/66
f 78/33/67 142/103/67 156/31/67
f 142/103/68 104/104/68 118/105/68
f 65/31/69 156/31/69 141/106/69
f 156/31/70 118/105/70 103/107/70
f 12/29/71 141/106/71 143/108/71
f 141/106/72 103/107/72 105/109/72
f 13/27/73 143/108/73 136/110/73
f 136/110/74 143/108/74 105/109/74
f 71/23/75 84/25/75 136/110/75
f 136/110/76 98/111/76 112/113/76
f 71/23/77 150/112/77 131/114/77
f 150/112/78 112/113/78 93/115/78
f 3/21/79 131/114/79 157/116/79
f 131/114/80 93/115/80 119/117/80
f 27/19/81 157/116/81 159/118/81
f 159/118/82 157/116/82 119/117/82
f 28/17/83 159/118/83 144/120/83
f 159/118/84 121/119/84 106/121/84
f 76/15/85 144/120/85 158/122/85
f 158/122/86 144/120/86 106/121/86
f 16/11/87 63/13/87 158/122/87
f 145/124/88 158/122/88 120/123/88
f 16/11/89 145/124/89 147/126/89
f 145/124/90 107/125/90 109/127/90
f 17/9/91 147/126/91 138/128/91
f 147/126/92 109/127/92 100/129/92
f 69/5/93 82/7/93 138/128/93
f 152/130/94 138/128/94 100/129/94
f 5/2/95 69/5/95 152/130/95
f 152/130/96 114/131/96 95/132/96
f 6/3/97 5/2/97 133/2/97
f 133/2/98 95/132/98 97/72/98
f 91/73/35 97/72/35 165/133/35
f 165/133/36 88/192/36 89/135/36
f 94/76/37 91/225/37 166/136/37
f 166/136/38 89/224/38 128/70/38
f 94/76/39 192/137/39 185/138/39
f 192/137/40 128/70/40 127/139/40
f 108/78/41 185/138/41 178/140/41
f 185/138/42 127/139/42 126/141/42
f 122/80/43 178/140/43 171/142/43
f 178/140/44 126/141/44 125/143/44
f 111/82/45 171/142/45 161/144/45
f 171/142/46 125/143/46 4/145/46
f 102/86/47 113/84/47 161/144/47
f 161/144/48 4/145/48 124/147/48
f 102/86/49 188/146/49 181/148/49
f 188/146/50 124/147/50 123/149/50
f 116/88/51 181/148/51 174/150/51
f 181/148/52 123/149/52 1/151/52
f 99/90/53 174/150/53 164/152/53
f 174/150/54 1/151/54 64/69/54
f 96/94/55 101/92/55 164/152/55
f 164/152/56 64/69/56 7/154/56
f 96/94/57 191/153/57 184/155/57
f 191/153/58 7/154/58 8/156/58
f 110/96/59 184/155/59 177/157/59
f 184/155/60 8/156/60 11/158/60
f 92/98/61 177/157/61 170/159/61
f 177/157/62 11/158/62 14/160/62
f 115/100/63 170/159/63 167/161/63
f 170/159/64 14/160/64 15/162/64
f 104/104/65 117/102/65 167/161/65
f 187/163/66 167/161/66 15/162/66
f 104/104/67 187/163/67 180/105/67
f 187/163/68 18/164/68 19/165/68
f 118/105/69 180/105/69 173/166/69
f 173/166/70 180/105/70 19/165/70
f 103/107/71 173/166/71 163/109/71
f 173/166/72 22/68/72 25/167/72
f 98/111/73 105/109/73 163/109/73
f 190/168/74 163/109/74 25/167/74
f 98/111/75 190/168/75 183/170/75
f 190/168/76 26/169/76 29/171/76
f 112/113/77 183/170/77 176/172/77
f 183/170/78 29/171/78 66/173/78
f 93/115/79 176/172/79 169/174/79
f 176/172/80 66/173/80 68/175/80
f 119/117/81 169/174/81 168/176/81
f 169/174/82 68/175/82 70/177/82
f 106/121/83 121/119/83 168/176/83
f 186/178/84 168/176/84 70/177/84
f 106/121/85 186/178/85 179/180/85
f 179/180/86 186/178/86 72/179/86
f 107/125/87 120/123/87 179/180/87
f 179/180/88 75/181/88 77/183/88
f 107/125/89 172/182/89 162/184/89
f 172/182/90 77/183/90 79/185/90
f 100/129/91 109/127/91 162/184/91
f 189/186/92 162/184/92 79/185/92
f 100/129/93 189/186/93 182/188/93
f 189/186/94 81/187/94 83/189/94
f 114/131/95 182/188/95 175/190/95
f 182/188/96 83/189/96 86/191/96
f 95/132/97 175/190/97 165/133/97
f 175/190/98 86/191/98 88/192/98
o CannonBreak152mm
v -0.000000 0.076000 -2.732709
v -0.000000 0.076000 -3.212709
v -0.014827 0.074540 -2.732709
v -0.014827 0.074540 -3.212709
v -0.029084 0.070215 -2.732709
v -0.029084 0.070215 -3.212709
v -0.042223 0.063192 -2.732709
v -0.042224 0.063192 -3.212709
v -0.053740 0.053740 -2.732709
v -0.053740 0.053740 -3.212709
v -0.063192 0.042223 -2.732709
v -0.063192 0.042223 -3.212709
v -0.070215 0.029084 -2.732709
v -0.070215 0.029084 -3.212709
v -0.074540 0.014827 -2.732709
v -0.074540 0.014827 -3.212709
v -0.076000 0.000000 -2.732709
v -0.076000 -0.000000 -3.212709
v -0.074540 -0.014827 -2.732709
v -0.074540 -0.014827 -3.212709
v -0.070215 -0.029084 -2.732709
v -0.070215 -0.029084 -3.212709
v -0.063192 -0.042223 -2.732709
v -0.063192 -0.042223 -3.212709
v -0.053740 -0.053740 -2.732709
v -0.053740 -0.053740 -3.212709
v -0.042223 -0.063192 -2.732709
v -0.042224 -0.063192 -3.212709
v -0.029084 -0.070215 -2.732709
v -0.029084 -0.070215 -3.212709
v -0.014827 -0.074540 -2.732709
v -0.014827 -0.074540 -3.212709
v -0.000000 -0.076000 -2.732709
v -0.000000 -0.076000 -3.212709
v 0.014827 -0.074540 -2.732709
v 0.014827 -0.074540 -3.212709
v 0.029084 -0.070215 -2.732709
v 0.029084 -0.070215 -3.212709
v 0.042223 -0.063192 -2.732709
v 0.042223 -0.063192 -3.212709
v 0.053740 -0.053740 -2.732709
v 0.053740 -0.053740 -3.212709
v 0.063192 -0.042223 -2.732709
v 0.063191 -0.042223 -3.212709
v 0.070215 -0.029084 -2.732709
v 0.070215 -0.029084 -3.212709
v 0.074540 -0.014827 -2.732709
v 0.074539 -0.014827 -3.212709
v 0.076000 0.000000 -2.732709
v 0.076000 -0.000000 -3.212709
v 0.074540 0.014827 -2.732709
v 0.074539 0.014827 -3.212709
v 0.070215 0.029084 -2.732709
v 0.070215 0.029084 -3.212709
v 0.063192 0.042223 -2.732709
v 0.063191 0.042223 -3.212709
v 0.053740 0.053740 -2.732709
v 0.053740 0.053740 -3.212709
v 0.042223 0.063192 -2.732709
v 0.042223 0.063192 -3.212709
v 0.029084 0.070215 -2.732709
v 0.029084 0.070215 -3.212709
v 0.014827 0.074540 -2.732709
v 0.014827 0.074540 -3.212709
v -0.000000 0.096000 -3.046042
v -0.000000 0.096000 -3.159376
v -0.018729 0.094155 -3.159376
v -0.018729 0.094155 -3.046042
v -0.036738 0.088692 -3.159376
v -0.036738 0.088692 -3.046042
v -0.053335 0.079821 -3.159376
v -0.053335 0.079821 -3.046042
v -0.074226 0.060152 -3.149376
v -0.074226 0.060152 -3.056042
v -0.079821 0.053335 -3.149376
v -0.079821 0.053335 -3.056042
v -0.088693 0.036738 -3.149376
v -0.088693 0.036738 -3.056042
v -0.094156 0.018729 -3.149376
v -0.094156 0.018729 -3.056042
v -0.096000 -0.000000 -3.149376
v -0.096000 -0.000000 -3.056042
v -0.094156 -0.018729 -3.149376
v -0.094156 -0.018729 -3.056042
v -0.088693 -0.036738 -3.149376
v -0.088693 -0.036738 -3.056042
v -0.079821 -0.053335 -3.149376
v -0.079821 -0.053335 -3.056042
v -0.074226 -0.060152 -3.149376
v -0.074226 -0.060152 -3.056042
v -0.053335 -0.079821 -3.159376
v -0.053335 -0.079821 -3.046042
v -0.036738 -0.088692 -3.159376
v -0.036738 -0.088692 -3.046042
v -0.018729 -0.094155 -3.159376
v -0.018729 -0.094155 -3.046042
v -0.000000 -0.096000 -3.159376
v -0.000000 -0.096000 -3.046042
v 0.018728 -0.094155 -3.159376
v 0.018729 -0.094155 -3.046042
v 0.036737 -0.088692 -3.159376
v 0.036737 -0.088692 -3.046042
v 0.053335 -0.079821 -3.159376
v 0.053335 -0.079821 -3.046042
v 0.074226 -0.060152 -3.149376
v 0.074226 -0.060152 -3.056042
v 0.079821 -0.053335 -3.149376
v 0.079821 -0.053335 -3.056042
v 0.088692 -0.036738 -3.149376
v 0.088692 -0.036738 -3.056042
v 0.094155 -0.018729 -3.149376
v 0.094155 -0.018729 -3.056042
v 0.096000 -0.000000 -3.149376
v 0.096000 -0.000000 -3.056042
v 0.094155 0.018729 -3.149376
v 0.094155 0.018729 -3.056042
v 0.088692 0.036738 -3.149376
v 0.088692 0.036738 -3.056042
v 0.079821 0.053335 -3.149376
v 0.079821 0.053335 -3.056042
v 0.074226 0.060152 -3.149376
v 0.074226 0.060152 -3.056042
v 0.053335 0.079821 -3.159376
v 0.053335 0.079821 -3.046042
v 0.036737 0.088692 -3.159376
v 0.036737 0.088692 -3.046042
v 0.018728 0.094155 -3.159376
v 0.018729 0.094155 -3.046042
v -0.000000 0.076000 -3.046042
v -0.000000 0.076000 -3.159376
v -0.014827 0.074540 -3.159376
v -0.014827 0.074540 -3.046042
v -0.029084 0.070215 -3.159376
v -0.029084 0.070215 -3.046042
v -0.042224 0.063192 -3.159376
v -0.042223 0.063192 -3.046042
v -0.060084 0.046010 -3.149376
v -0.060084 0.046010 -3.056042
v -0.063192 0.042223 -3.149376
v -0.063192 0.042223 -3.056042
v -0.070215 0.029084 -3.149376
v -0.070215 0.029084 -3.056042
v -0.074540 0.014827 -3.149376
v -0.074540 0.014827 -3.056042
v -0.076000 -0.000000 -3.149376
v -0.076000 -0.000000 -3.056042
v -0.074540 -0.014827 -3.149376
v -0.074540 -0.014827 -3.056042
v -0.070215 -0.029084 -3.149376
v -0.070215 -0.029084 -3.056042
v -0.063192 -0.042223 -3.149376
v -0.063192 -0.042223 -3.056042
v -0.060084 -0.046010 -3.149376
v -0.060084 -0.046010 -3.056042
v -0.042224 -0.063192 -3.159376
v -0.042223 -0.063192 -3.046042
v -0.029084 -0.070215 -3.159376
v -0.029084 -0.070215 -3.046042
v -0.014827 -0.074540 -3.159376
v -0.014827 -0.074540 -3.046042
v -0.000000 -0.076000 -3.159376
v -0.000000 -0.076000 -3.046042
v 0.014827 -0.074540 -3.159376
v 0.014827 -0.074540 -3.046042
v 0.029084 -0.070215 -3.159376
v 0.029084 -0.070215 -3.046042
v 0.042223 -0.063192 -3.159376
v 0.042223 -0.063192 -3.046042
v 0.060084 -0.046010 -3.149376
v 0.060084 -0.046010 -3.056042
v 0.063192 -0.042223 -3.149376
v 0.063192 -0.042223 -3.056042
v 0.070215 -0.029084 -3.149376
v 0.070215 -0.029084 -3.056042
v 0.074539 -0.014827 -3.149376
v 0.074540 -0.014827 -3.056042
v 0.076000 -0.000000 -3.149376
v 0.076000 -0.000000 -3.056042
v 0.074539 0.014827 -3.149376
v 0.074540 0.014827 -3.056042
v 0.070215 0.029084 -3.149376
v 0.070215 0.029084 -3.056042
v 0.063192 0.042223 -3.149376
v 0.063192 0.042223 -3.056042
v 0.060084 0.046010 -3.149376
v 0.060084 0.046010 -3.056042
v 0.042223 0.063192 -3.159376
v 0.042223 0.063192 -3.046042
v 0.029084 0.070215 -3.159376
v 0.029084 0.070215 -3.046042
v 0.014827 0.074540 -3.159376
v 0.014827 0.074540 -3.046042
v -0.067882 0.067882 -3.159376
v -0.067882 0.067882 -3.046042
v -0.067882 -0.067882 -3.159376
v -0.067882 -0.067882 -3.046042
v 0.067882 -0.067882 -3.159376
v 0.067882 -0.067882 -3.046042
v 0.067882 0.067882 -3.159376
v 0.067882 0.067882 -3.046042
v 0.079821 0.053335 -3.046042
v 0.079821 0.053335 -3.159376
v 0.088692 0.036738 -3.046042
v 0.088692 0.036738 -3.159376
v 0.094155 0.018729 -3.046042
v 0.094155 0.018729 -3.159376
v 0.096000 -0.000000 -3.046042
v 0.096000 -0.000000 -3.159376
v 0.094155 -0.018729 -3.046042
v 0.094155 -0.018729 -3.159376
v 0.088692 -0.036738 -3.046042
v 0.088692 -0.036738 -3.159376
v 0.079821 -0.053335 -3.046042
v 0.079821 -0.053335 -3.159376
v -0.079821 -0.053335 -3.046042
v -0.079821 -0.053335 -3.159376
v -0.088693 -0.036738 -3.046042
v -0.088693 -0.036738 -3.159376
v -0.094156 -0.018729 -3.046042
v -0.094156 -0.018729 -3.159376
v -0.096000 -0.000000 -3.046042
v -0.096000 -0.000000 -3.159376
v -0.094156 0.018729 -3.046042
v -0.094156 0.018729 -3.159376
v -0.088693 0.036738 -3.046042
v -0.088693 0.036738 -3.159376
v -0.079821 0.053335 -3.046042
v -0.079821 0.053335 -3.159376
v 0.053740 -0.053740 -3.159376
v 0.053740 -0.053740 -3.046042
v 0.053740 0.053740 -3.159376
v 0.053740 0.053740 -3.046042
v 0.063192 0.042223 -3.046042
v 0.063191 0.042223 -3.159376
v 0.070215 0.029084 -3.046042
v 0.070215 0.029084 -3.159376
v 0.074540 0.014827 -3.046042
v 0.074539 0.014827 -3.159376
v 0.076000 -0.000000 -3.046042
v 0.076000 -0.000000 -3.159376
v 0.074540 -0.014827 -3.046042
v 0.074539 -0.014827 -3.159376
v 0.070215 -0.029084 -3.046042
v 0.070215 -0.029084 -3.159376
v 0.063192 -0.042223 -3.046042
v 0.063191 -0.042223 -3.159376
v -0.053740 0.053740 -3.159376
v -0.053740 0.053740 -3.046042
v -0.053740 -0.053740 -3.159376
v -0.053740 -0.053740 -3.046042
v -0.063192 -0.042223 -3.046042
v -0.063192 -0.042223 -3.159376
v -0.070215 -0.029084 -3.046042
v -0.070215 -0.029084 -3.159376
v -0.074540 -0.014827 -3.046042
v -0.074540 -0.014827 -3.159376
v -0.076000 -0.000000 -3.046042
v -0.076000 -0.000000 -3.159376
v -0.074540 0.014827 -3.046042
v -0.074540 0.014827 -3.159376
v -0.070215 0.029084 -3.046042
v -0.070215 0.029084 -3.159376
v -0.063192 0.042223 -3.046042
v -0.063192 0.042223 -3.159376
v -0.018729 0.094155 -3.025154
v -0.018729 0.094155 -2.850709
v -0.036738 0.088692 -3.025154
v -0.036738 0.088692 -2.850709
v -0.053335 0.079821 -3.025154
v -0.053335 0.079821 -2.850709
v -0.074226 0.060152 -3.015154
v -0.074226 0.060152 -2.860709
v -0.079821 0.053335 -3.015154
v -0.079821 0.053335 -2.860709
v -0.088693 0.036738 -3.015154
v -0.088693 0.036738 -2.860709
v -0.094156 0.018729 -3.015154
v -0.094155 0.018729 -2.860709
v -0.096000 0.000000 -3.015154
v -0.096000 0.000000 -2.860709
v -0.094156 -0.018729 -3.015154
v -0.094155 -0.018729 -2.860709
v -0.088693 -0.036738 -3.015154
v -0.088693 -0.036738 -2.860709
v -0.079821 -0.053335 -3.015154
v -0.079821 -0.053335 -2.860709
v -0.074226 -0.060152 -3.015154
v -0.074226 -0.060152 -2.860709
v -0.053335 -0.079821 -3.025154
v -0.053335 -0.079821 -2.850709
v -0.036738 -0.088692 -3.025154
v -0.036738 -0.088692 -2.850709
v -0.018729 -0.094155 -3.025154
v -0.018729 -0.094155 -2.850709
v -0.000000 -0.096000 -3.025154
v -0.000000 -0.096000 -2.850709
v 0.018729 -0.094155 -3.025154
v 0.018729 -0.094155 -2.850709
v 0.036737 -0.088692 -3.025154
v 0.036738 -0.088692 -2.850709
v 0.053335 -0.079821 -3.025154
v 0.053335 -0.079821 -2.850709
v 0.074226 -0.060152 -3.015154
v 0.074226 -0.060152 -2.860709
v 0.079821 -0.053335 -3.015154
v 0.079821 -0.053335 -2.860709
v 0.088692 -0.036738 -3.015154
v 0.088692 -0.036738 -2.860709
v 0.094155 -0.018729 -3.015154
v 0.094155 -0.018729 -2.860709
v 0.096000 0.000000 -3.015154
v 0.096000 0.000000 -2.860709
v 0.094155 0.018729 -3.015154
v 0.094155 0.018729 -2.860709
v 0.088692 0.036738 -3.015154
v 0.088692 0.036738 -2.860709
v 0.079821 0.053335 -3.015154
v 0.079821 0.053335 -2.860709
v 0.074226 0.060152 -3.015154
v 0.074226 0.060152 -2.860709
v 0.053335 0.079821 -3.025154
v 0.053335 0.079821 -2.850709
v 0.036737 0.088692 -3.025154
v 0.036738 0.088692 -2.850709
v 0.018729 0.094155 -3.025154
v 0.018729 0.094155 -2.850709
v -0.000000 0.096000 -2.850709
v -0.000000 0.096000 -3.025154
v -0.014827 0.074540 -3.025154
v -0.014827 0.074540 -2.850709
v -0.029084 0.070215 -3.025154
v -0.029084 0.070215 -2.850709
v -0.042223 0.063192 -3.025154
v -0.042223 0.063192 -2.850709
v -0.060084 0.046010 -3.015154
v -0.060084 0.046010 -2.860709
v -0.063192 0.042223 -3.015154
v -0.063192 0.042223 -2.860709
v -0.070215 0.029084 -3.015154
v -0.070215 0.029084 -2.860709
v -0.074540 0.014827 -3.015154
v -0.074540 0.014827 -2.860709
v -0.076000 0.000000 -3.015154
v -0.076000 0.000000 -2.860709
v -0.074540 -0.014827 -3.015154
v -0.074540 -0.014827 -2.860709
v -0.070215 -0.029084 -3.015154
v -0.070215 -0.029084 -2.860709
v -0.063192 -0.042223 -3.015154
v -0.063192 -0.042223 -2.860709
v -0.060084 -0.046010 -3.015154
v -0.060084 -0.046010 -2.860709
v -0.042223 -0.063192 -3.025154
v -0.042223 -0.063192 -2.850709
v -0.029084 -0.070215 -3.025154
v -0.029084 -0.070215 -2.850709
v -0.014827 -0.074540 -3.025154
v -0.014827 -0.074540 -2.850709
v -0.000000 -0.076000 -3.025154
v -0.000000 -0.076000 -2.850709
v 0.014827 -0.074540 -3.025154
v 0.014827 -0.074540 -2.850709
v 0.029084 -0.070215 -3.025154
v 0.029084 -0.070215 -2.850709
v 0.042223 -0.063192 -3.025154
v 0.042223 -0.063192 -2.850709
v 0.060084 -0.046010 -3.015154
v 0.060084 -0.046010 -2.860709
v 0.063192 -0.042223 -3.015154
v 0.063192 -0.042223 -2.860709
v 0.070215 -0.029084 -3.015154
v 0.070215 -0.029084 -2.860709
v 0.074540 -0.014827 -3.015154
v 0.074540 -0.014827 -2.860709
v 0.076000 0.000000 -3.015154
v 0.076000 0.000000 -2.860709
v 0.074540 0.014827 -3.015154
v 0.074540 0.014827 -2.860709
v 0.070215 0.029084 -3.015154
v 0.070215 0.029084 -2.860709
v 0.063192 0.042223 -3.015154
v 0.063192 0.042223 -2.860709
v 0.060084 0.046010 -3.015154
v 0.060084 0.046010 -2.860709
v 0.042223 0.063192 -3.025154
v 0.042223 0.063192 -2.850709
v 0.029084 0.070215 -3.025154
v 0.029084 0.070215 -2.850709
v 0.014827 0.074540 -3.025154
v 0.014827 0.074540 -2.850709
v -0.000000 0.076000 -2.850709
v -0.000000 0.076000 -3.025154
v 0.067882 -0.067882 -3.025154
v 0.067882 -0.067882 -2.850709
v 0.067882 0.067882 -3.025154
v 0.067882 0.067882 -2.850709
v 0.079821 -0.053335 -2.850709
v 0.079821 -0.053335 -3.025154
v 0.088692 -0.036738 -2.850709
v 0.088692 -0.036738 -3.025154
v 0.094155 -0.018729 -2.850709
v 0.094155 -0.018729 -3.025154
v 0.096000 0.000000 -2.850709
v 0.096000 0.000000 -3.025154
v 0.094155 0.018729 -2.850709
v 0.094155 0.018729 -3.025154
v 0.088692 0.036738 -2.850709
v 0.088692 0.036738 -3.025154
v 0.079821 0.053335 -2.850709
v 0.079821 0.053335 -3.025154
v -0.067882 0.067882 -3.025154
v -0.067882 0.067882 -2.850709
v -0.067882 -0.067882 -3.025154
v -0.067882 -0.067882 -2.850709
v -0.079821 0.053335 -2.850709
v -0.079821 0.053335 -3.025154
v -0.088693 0.036738 -2.850709
v -0.088693 0.036738 -3.025154
v -0.094155 0.018729 -2.850709
v -0.094156 0.018729 -3.025154
v -0.096000 0.000000 -2.850709
v -0.096000 0.000000 -3.025154
v -0.094155 -0.018729 -2.850709
v -0.094156 -0.018729 -3.025154
v -0.088693 -0.036738 -2.850709
v -0.088693 -0.036738 -3.025154
v -0.079821 -0.053335 -2.850709
v -0.079821 -0.053335 -3.025154
v -0.053740 0.053740 -3.025154
v -0.053740 0.053740 -2.850709
v -0.053740 -0.053740 -3.025154
v -0.053740 -0.053740 -2.850709
v 0.053740 -0.053740 -3.025154
v 0.053740 -0.053740 -2.850709
v 0.053740 0.053740 -3.025154
v 0.053740 0.053740 -2.850709
v -0.063192 0.042223 -2.850709
v -0.063192 0.042223 -3.025154
v -0.070215 0.029084 -2.850709
v -0.070215 0.029084 -3.025154
v -0.074540 0.014827 -2.850709
v -0.074540 0.014827 -3.025154
v -0.076000 0.000000 -2.850709
v -0.076000 0.000000 -3.025154
v -0.074540 -0.014827 -2.850709
v -0.074540 -0.014827 -3.025154
v -0.070215 -0.029084 -2.850709
v -0.070215 -0.029084 -3.025154
v -0.063192 -0.042223 -2.850709
v -0.063192 -0.042223 -3.025154
v 0.063192 -0.042223 -2.850709
v 0.063192 -0.042223 -3.025154
v 0.070215 -0.029084 -2.850709
v 0.070215 -0.029084 -3.025154
v 0.074540 -0.014827 -2.850709
v 0.074540 -0.014827 -3.025154
v 0.076000 0.000000 -2.850709
v 0.076000 0.000000 -3.025154
v 0.074540 0.014827 -2.850709
v 0.074540 0.014827 -3.025154
v 0.070215 0.029084 -2.850709
v 0.070215 0.029084 -3.025154
v 0.063192 0.042223 -2.850709
v 0.063192 0.042223 -3.025154
v -0.078091 0.063324 -3.149376
v -0.078091 0.063324 -3.056042
v -0.078091 -0.063324 -3.149376
v -0.078091 -0.063324 -3.056042
v 0.078091 -0.063324 -3.149376
v 0.078091 -0.063324 -3.056042
v 0.078091 0.063324 -3.149376
v 0.078091 0.063324 -3.056042
v 0.083978 0.056113 -3.056042
v 0.083978 0.056113 -3.149376
v 0.093312 0.038651 -3.056042
v 0.093312 0.038651 -3.149376
v 0.099059 0.019704 -3.056042
v 0.099059 0.019704 -3.149376
v 0.101000 -0.000000 -3.056042
v 0.101000 -0.000000 -3.149376
v 0.099059 -0.019704 -3.056042
v 0.099059 -0.019704 -3.149376
v 0.093312 -0.038651 -3.056042
v 0.093312 -0.038651 -3.149376
v 0.083978 -0.056113 -3.056042
v 0.083978 -0.056113 -3.149376
v -0.083979 -0.056113 -3.056042
v -0.083979 -0.056113 -3.149376
v -0.093312 -0.038651 -3.056042
v -0.093312 -0.038651 -3.149376
v -0.099059 -0.019704 -3.056042
v -0.099059 -0.019704 -3.149376
v -0.101000 -0.000000 -3.056042
v -0.101000 -0.000000 -3.149376
v -0.099059 0.019704 -3.056042
v -0.099059 0.019704 -3.149376
v -0.093312 0.038651 -3.056042
v -0.093312 0.038651 -3.149376
v -0.083979 0.056113 -3.056042
v -0.083979 0.056113 -3.149376
v 0.078091 -0.063324 -3.015154
v 0.078091 -0.063324 -2.860709
v 0.078091 0.063324 -3.015154
v 0.078091 0.063324 -2.860709
v 0.083978 -0.056113 -2.860709
v 0.083978 -0.056113 -3.015154
v 0.093312 -0.038651 -2.860709
v 0.093312 -0.038651 -3.015154
v 0.099059 -0.019704 -2.860709
v 0.099059 -0.019704 -3.015154
v 0.101000 0.000000 -2.860709
v 0.101000 0.000000 -3.015154
v 0.099059 0.019704 -2.860709
v 0.099059 0.019704 -3.015154
v 0.093312 0.038651 -2.860709
v 0.093312 0.038651 -3.015154
v 0.083978 0.056113 -2.860709
v 0.083978 0.056113 -3.015154
v -0.078091 0.063324 -3.015154
v -0.078091 0.063324 -2.860709
v -0.078091 -0.063324 -3.015154
v -0.078091 -0.063324 -2.860709
v -0.083979 0.056113 -2.860709
v -0.083979 0.056113 -3.015154
v -0.093312 0.038651 -2.860709
v -0.093312 0.038651 -3.015154
v -0.099059 0.019704 -2.860709
v -0.099059 0.019704 -3.015154
v -0.101000 0.000000 -2.860709
v -0.101000 0.000000 -3.015154
v -0.099059 -0.019704 -2.860709
v -0.099059 -0.019704 -3.015154
v -0.093312 -0.038651 -2.860709
v -0.093312 -0.038651 -3.015154
v -0.083979 -0.056113 -2.860709
v -0.083979 -0.056113 -3.015154
v -0.072439 0.068014 -3.156587
v -0.072439 0.068014 -3.048831
v -0.072439 -0.068014 -3.156587
v -0.072439 -0.068014 -3.048831
v 0.072438 -0.068014 -3.156587
v 0.072438 -0.068014 -3.048831
v 0.072438 0.068014 -3.156587
v 0.072438 0.068014 -3.048831
v 0.082819 0.055338 -3.048831
v 0.082819 0.055338 -3.156587
v 0.092023 0.038117 -3.048831
v 0.092023 0.038117 -3.156587
v 0.097691 0.019432 -3.048831
v 0.097691 0.019432 -3.156587
v 0.099605 -0.000000 -3.048831
v 0.099605 -0.000000 -3.156587
v 0.097691 -0.019432 -3.048831
v 0.097691 -0.019432 -3.156587
v 0.092023 -0.038117 -3.048831
v 0.092023 -0.038117 -3.156587
v 0.082819 -0.055338 -3.048831
v 0.082819 -0.055338 -3.156587
v -0.082819 -0.055338 -3.048831
v -0.082819 -0.055338 -3.156587
v -0.092024 -0.038117 -3.048831
v -0.092024 -0.038117 -3.156587
v -0.097692 -0.019432 -3.048831
v -0.097692 -0.019432 -3.156587
v -0.099606 -0.000000 -3.048831
v -0.099606 -0.000000 -3.156587
v -0.097692 0.019432 -3.048831
v -0.097692 0.019432 -3.156587
v -0.092024 0.038117 -3.048831
v -0.092024 0.038117 -3.156587
v -0.082819 0.055338 -3.048831
v -0.082819 0.055338 -3.156587
v -0.072439 0.068014 -3.022365
v -0.072439 0.068014 -2.853498
v -0.072439 -0.068014 -3.022365
v -0.072439 -0.068014 -2.853498
v 0.072439 -0.068014 -3.022365
v 0.072439 -0.068014 -2.853498
v 0.072439 0.068014 -3.022365
v 0.072439 0.068014 -2.853498
v -0.082819 0.055338 -2.853498
v -0.082819 0.055338 -3.022365
v -0.092024 0.038117 -2.853498
v -0.092024 0.038117 -3.022365
v -0.097692 0.019432 -2.853498
v -0.097692 0.019432 -3.022365
v -0.099606 0.000000 -2.853498
v -0.099606 0.000000 -3.022365
v -0.097692 -0.019432 -2.853498
v -0.097692 -0.019432 -3.022365
v -0.092024 -0.038117 -2.853498
v -0.092024 -0.038117 -3.022365
v 0.068180 -0.045557 -3.212709
v -0.057983 -0.057983 -3.212709
v -0.082819 -0.055338 -2.853498
v -0.045557 0.068181 -3.212709
v 0.045557 0.068181 -3.212709
v -0.082819 -0.055338 -3.022365
v 0.057983 -0.057983 -3.212709
v -0.068181 -0.045557 -3.212709
v 0.082819 -0.055338 -2.853498
v -0.031380 0.075758 -3.212709
v 0.057983 0.057983 -3.212709
v 0.082819 -0.055338 -3.022365
v 0.045557 -0.068181 -3.212709
v -0.075758 -0.031380 -3.212709
v 0.092023 -0.038117 -2.853498
v 0.068180 0.045557 -3.212709
v -0.015998 0.080424 -3.212709
v 0.092023 -0.038117 -3.022365
v 0.031380 -0.075758 -3.212709
v -0.080425 -0.015997 -3.212709
v 0.097692 -0.019432 -2.853498
v 0.075758 0.031380 -3.212709
v 0.015997 -0.080424 -3.212709
v 0.097692 -0.019432 -3.022365
v -0.082000 -0.000000 -3.212709
v 0.080424 0.015997 -3.212709
v 0.099605 0.000000 -2.853498
v -0.000000 -0.082000 -3.212709
v -0.080425 0.015997 -3.212709
v 0.099605 0.000000 -3.022365
v 0.082000 -0.000000 -3.212709
v -0.015998 -0.080424 -3.212709
v 0.097692 0.019432 -2.853498
v -0.075758 0.031380 -3.212709
v -0.000000 0.082000 -3.212709
v 0.097692 0.019432 -3.022365
v 0.075758 -0.031380 -3.212709
v 0.080424 -0.015997 -3.212709
v 0.092023 0.038117 -2.853498
v -0.045557 -0.068181 -3.212709
v -0.031380 -0.075758 -3.212709
v 0.092023 0.038117 -3.022365
v -0.057983 0.057983 -3.212709
v -0.068181 0.045557 -3.212709
v 0.082819 0.055338 -2.853498
v 0.031380 0.075758 -3.212709
v 0.015997 0.080424 -3.212709
v 0.082819 0.055338 -3.022365
v -0.014827 0.074540 -3.222709
v -0.000000 0.076000 -3.222709
v -0.029084 0.070215 -3.222709
v -0.042224 0.063192 -3.222709
v -0.053740 0.053740 -3.222709
v -0.063192 0.042223 -3.222709
v -0.070215 0.029084 -3.222709
v -0.074540 0.014827 -3.222709
v -0.076000 -0.000000 -3.222709
v -0.074540 -0.014827 -3.222709
v -0.070215 -0.029084 -3.222709
v -0.063192 -0.042223 -3.222709
v -0.053740 -0.053740 -3.222709
v -0.042224 -0.063192 -3.222709
v -0.029084 -0.070215 -3.222709
v -0.014827 -0.074540 -3.222709
v -0.000000 -0.076000 -3.222709
v 0.014827 -0.074540 -3.222709
v 0.029084 -0.070215 -3.222709
v 0.042223 -0.063192 -3.222709
v 0.053740 -0.053740 -3.222709
v 0.063191 -0.042223 -3.222709
v 0.070215 -0.029084 -3.222709
v 0.074539 -0.014827 -3.222709
v 0.076000 -0.000000 -3.222709
v 0.074539 0.014827 -3.222709
v 0.070215 0.029084 -3.222709
v 0.063191 0.042223 -3.222709
v 0.053740 0.053740 -3.222709
v 0.042223 0.063192 -3.222709
v 0.029084 0.070215 -3.222709
v 0.014827 0.074540 -3.222709
v 0.030739 0.074212 -3.219920
v -0.056800 0.056800 -3.219920
v -0.044627 -0.066789 -3.219920
v 0.074212 -0.030740 -3.219920
v 0.015671 0.078783 -3.219920
v -0.066789 0.044627 -3.219920
v -0.030740 -0.074212 -3.219920
v 0.078783 -0.015671 -3.219920
v -0.000000 0.080327 -3.219920
v -0.074212 0.030740 -3.219920
v -0.015671 -0.078783 -3.219920
v 0.080326 -0.000000 -3.219920
v -0.078783 0.015671 -3.219920
v -0.000000 -0.080327 -3.219920
v 0.078783 0.015671 -3.219920
v -0.080327 -0.000000 -3.219920
v 0.015671 -0.078783 -3.219920
v 0.074212 0.030740 -3.219920
v -0.078783 -0.015671 -3.219920
v 0.030739 -0.074212 -3.219920
v -0.015671 0.078783 -3.219920
v 0.066789 0.044627 -3.219920
v -0.074212 -0.030740 -3.219920
v 0.044627 -0.066789 -3.219920
v 0.056799 0.056800 -3.219920
v -0.030740 0.074212 -3.219920
v -0.066789 -0.044627 -3.219920
v 0.056799 -0.056800 -3.219920
v 0.044627 0.066789 -3.219920
v -0.044627 0.066789 -3.219920
v -0.056800 -0.056800 -3.219920
v 0.066789 -0.044627 -3.219920
v -0.016965 0.085286 -3.212709
v -0.018729 0.094155 -3.203709
v -0.018237 0.091682 -3.210199
v -0.000000 0.096000 -3.203709
v -0.000000 0.086956 -3.212709
v -0.000000 0.093478 -3.210199
v -0.033277 0.080337 -3.212709
v -0.036738 0.088692 -3.203709
v -0.035773 0.086362 -3.210199
v -0.048311 0.072302 -3.212709
v -0.053335 0.079821 -3.203709
v -0.051934 0.077724 -3.210199
v -0.061488 0.061487 -3.212709
v -0.067882 0.067882 -3.203709
v -0.066099 0.066099 -3.210199
v -0.072302 0.048310 -3.212709
v -0.079821 0.053335 -3.203709
v -0.077724 0.051934 -3.210199
v -0.080337 0.033277 -3.212709
v -0.088693 0.036738 -3.203709
v -0.086362 0.035772 -3.210199
v -0.085286 0.016964 -3.212709
v -0.094156 0.018729 -3.203709
v -0.091682 0.018237 -3.210199
v -0.086957 -0.000000 -3.212709
v -0.096000 -0.000000 -3.203709
v -0.093478 -0.000000 -3.210199
v -0.085286 -0.016964 -3.212709
v -0.094156 -0.018729 -3.203709
v -0.091682 -0.018237 -3.210199
v -0.080337 -0.033277 -3.212709
v -0.088693 -0.036738 -3.203709
v -0.086362 -0.035772 -3.210199
v -0.072302 -0.048310 -3.212709
v -0.079821 -0.053335 -3.203709
v -0.077724 -0.051934 -3.210199
v -0.061488 -0.061488 -3.212709
v -0.067882 -0.067882 -3.203709
v -0.066099 -0.066099 -3.210199
v -0.048311 -0.072302 -3.212709
v -0.053335 -0.079821 -3.203709
v -0.051934 -0.077724 -3.210199
v -0.033277 -0.080337 -3.212709
v -0.036738 -0.088692 -3.203709
v -0.035773 -0.086362 -3.210199
v -0.016965 -0.085286 -3.212709
v -0.018729 -0.094155 -3.203709
v -0.018237 -0.091682 -3.210199
v -0.000000 -0.086956 -3.212709
v -0.000000 -0.096000 -3.203709
v -0.000000 -0.093478 -3.210199
v 0.016964 -0.085286 -3.212709
v 0.018728 -0.094155 -3.203709
v 0.018236 -0.091682 -3.210199
v 0.033277 -0.080337 -3.212709
v 0.036737 -0.088692 -3.203709
v 0.035772 -0.086362 -3.210199
v 0.048310 -0.072302 -3.212709
v 0.053335 -0.079821 -3.203709
v 0.051933 -0.077724 -3.210199
v 0.061487 -0.061488 -3.212709
v 0.067882 -0.067882 -3.203709
v 0.066099 -0.066099 -3.210199
v 0.072301 -0.048310 -3.212709
v 0.079821 -0.053335 -3.203709
v 0.077724 -0.051934 -3.210199
v 0.080337 -0.033277 -3.212709
v 0.088692 -0.036738 -3.203709
v 0.086362 -0.035772 -3.210199
v 0.085285 -0.016964 -3.212709
v 0.094155 -0.018729 -3.203709
v 0.091681 -0.018237 -3.210199
v 0.086956 -0.000000 -3.212709
v 0.096000 -0.000000 -3.203709
v 0.093478 -0.000000 -3.210199
v 0.085285 0.016964 -3.212709
v 0.094155 0.018729 -3.203709
v 0.091681 0.018237 -3.210199
v 0.080337 0.033277 -3.212709
v 0.088692 0.036738 -3.203709
v 0.086362 0.035772 -3.210199
v 0.072301 0.048310 -3.212709
v 0.079821 0.053335 -3.203709
v 0.077724 0.051933 -3.210199
v 0.061487 0.061487 -3.212709
v 0.067882 0.067882 -3.203709
v 0.066099 0.066099 -3.210199
v 0.048310 0.072302 -3.212709
v 0.053335 0.079821 -3.203709
v 0.051933 0.077724 -3.210199
v 0.033277 0.080337 -3.212709
v 0.036737 0.088692 -3.203709
v 0.035772 0.086362 -3.210199
v 0.016964 0.085286 -3.212709
v 0.018728 0.094155 -3.203709
v 0.018236 0.091682 -3.210199
v -0.000000 0.090422 -2.765618
v -0.017641 0.088685 -2.765618
v -0.034603 0.083539 -2.765618
v -0.050236 0.075183 -2.765618
v -0.063938 0.063938 -2.765618
v -0.075183 0.050236 -2.765618
v -0.083539 0.034603 -2.765618
v -0.088685 0.017641 -2.765618
v -0.090422 0.000000 -2.765618
v -0.088685 -0.017640 -2.765618
v -0.083539 -0.034603 -2.765618
v -0.075183 -0.050236 -2.765618
v -0.063938 -0.063938 -2.765618
v -0.050236 -0.075183 -2.765618
v -0.034603 -0.083539 -2.765618
v -0.017641 -0.088685 -2.765618
v -0.000000 -0.090422 -2.765618
v 0.017640 -0.088685 -2.765618
v 0.034603 -0.083539 -2.765618
v 0.050236 -0.075183 -2.765618
v 0.063938 -0.063938 -2.765618
v 0.075183 -0.050236 -2.765618
v 0.083539 -0.034603 -2.765618
v 0.088685 -0.017640 -2.765618
v 0.090422 0.000000 -2.765618
v 0.088685 0.017641 -2.765618
v 0.083539 0.034603 -2.765618
v 0.075183 0.050236 -2.765618
v 0.063938 0.063938 -2.765618
v 0.050236 0.075183 -2.765618
v 0.034603 0.083539 -2.765618
v 0.017640 0.088685 -2.765618
vn 0.0980 -0.9952 -0.0000
vn 0.2903 -0.9569 -0.0000
vn 0.4714 -0.8819 -0.0000
vn 0.6344 -0.7730 -0.0000
vn 0.7730 -0.6344 -0.0000
vn 0.8819 -0.4714 -0.0000
vn 0.9569 -0.2903 -0.0000
vn 0.9952 -0.0980 -0.0000
vn 0.9952 0.0980 -0.0000
vn 0.9569 0.2903 -0.0000
vn 0.8819 0.4714 -0.0000
vn 0.7730 0.6344 -0.0000
vn 0.6344 0.7730 -0.0000
vn 0.4714 0.8819 -0.0000
vn 0.2903 0.9569 -0.0000
vn 0.0980 0.9952 -0.0000
vn -0.0980 0.9952 -0.0000
vn -0.2903 0.9569 -0.0000
vn -0.4714 0.8819 -0.0000
vn -0.6344 0.7730 -0.0000
vn -0.7730 0.6344 -0.0000
vn -0.8819 0.4714 -0.0000
vn -0.9569 0.2903 -0.0000
vn -0.9952 0.0980 -0.0000
vn -0.9952 -0.0980 -0.0000
vn -0.9569 -0.2903 -0.0000
vn -0.8819 -0.4714 -0.0000
vn -0.7730 -0.6344 -0.0000
vn -0.6344 -0.7730 -0.0000
vn -0.4714 -0.8819 -0.0000
vn -0.2903 -0.9569 -0.0000
vn -0.0980 -0.9952 -0.0000
vn -0.0000 -0.0000 -1.0000
vn 0.7071 -0.7071 -0.0000
vn -0.0000 -0.0000 1.0000
vn -0.7071 0.7071 -0.0000
vn -0.7071 -0.7071 -0.0000
vn 0.7071 0.7071 -0.0000
vn -0.6385 0.7696 -0.0000
vn 0.0288 0.9996 -0.0000
vn 0.0288 -0.9996 -0.0000
vn -0.6385 -0.7696 -0.0000
vn 0.6385 -0.7696 -0.0000
vn -0.0288 -0.9996 -0.0000
vn -0.0288 0.9996 -0.0000
vn 0.6385 0.7696 -0.0000
vn 0.7607 0.6210 0.1890
vn 0.4748 0.3888 0.7896
vn 0.4748 0.3888 -0.7896
vn 0.7607 0.6210 -0.1890
vn 0.8660 0.4629 0.1890
vn 0.5412 0.2893 0.7896
vn 0.5412 0.2893 -0.7896
vn 0.8660 0.4629 -0.1890
vn 0.9397 0.2851 0.1890
vn 0.5873 0.1781 0.7896
vn 0.5873 0.1781 -0.7896
vn 0.9397 0.2851 -0.1890
vn 0.9773 0.0963 0.1890
vn 0.6107 0.0602 0.7896
vn 0.6107 0.0602 -0.7896
vn 0.9773 0.0963 -0.1890
vn 0.9773 -0.0963 0.1890
vn 0.6107 -0.0602 0.7896
vn 0.6107 -0.0602 -0.7896
vn 0.9773 -0.0963 -0.1890
vn 0.9397 -0.2851 0.1890
vn 0.5873 -0.1781 0.7896
vn 0.5873 -0.1781 -0.7896
vn 0.9397 -0.2851 -0.1890
vn 0.8660 -0.4629 0.1890
vn 0.5412 -0.2893 0.7896
vn 0.5412 -0.2893 -0.7896
vn 0.8660 -0.4629 -0.1890
vn 0.7595 -0.6219 0.1909
vn 0.4730 -0.3881 0.7910
vn 0.4730 -0.3881 -0.7910
vn 0.7595 -0.6219 -0.1909
vn -0.7607 -0.6210 0.1890
vn -0.4748 -0.3888 0.7896
vn -0.4748 -0.3888 -0.7896
vn -0.7607 -0.6210 -0.1890
vn -0.8660 -0.4629 0.1890
vn -0.5412 -0.2893 0.7896
vn -0.5412 -0.2893 -0.7896
vn -0.8660 -0.4629 -0.1890
vn -0.9397 -0.2851 0.1890
vn -0.5873 -0.1781 0.7896
vn -0.5873 -0.1781 -0.7896
vn -0.9397 -0.2851 -0.1890
vn -0.9773 -0.0963 0.1890
vn -0.6107 -0.0602 0.7896
vn -0.6107 -0.0602 -0.7896
vn -0.9773 -0.0963 -0.1890
vn -0.9773 0.0963 0.1890
vn -0.6107 0.0602 0.7896
vn -0.6107 0.0602 -0.7896
vn -0.9773 0.0963 -0.1890
vn -0.9397 0.2851 0.1890
vn -0.5873 0.1781 0.7896
vn -0.5873 0.1781 -0.7896
vn -0.9397 0.2851 -0.1890
vn -0.8660 0.4629 0.1890
vn -0.5412 0.2893 0.7896
vn -0.5412 0.2893 -0.7896
vn -0.8660 0.4629 -0.1890
vn -0.7595 0.6219 0.1909
vn -0.4730 0.3881 0.7910
vn -0.4730 0.3881 -0.7910
vn -0.7595 0.6219 -0.1909
vn 0.2828 0.9324 -0.2250
vn 0.1578 0.5202 -0.8393
vn -0.7532 0.6181 -0.2250
vn -0.4202 0.3449 -0.8393
vn -0.4593 -0.8593 -0.2250
vn -0.2563 -0.4794 -0.8393
vn 0.9324 -0.2828 -0.2250
vn 0.5202 -0.1578 -0.8393
vn 0.0955 0.9697 -0.2250
vn 0.0533 0.5410 -0.8393
vn -0.8593 0.4593 -0.2250
vn -0.4794 0.2563 -0.8393
vn -0.2828 -0.9324 -0.2250
vn -0.1578 -0.5202 -0.8393
vn 0.9697 -0.0955 -0.2250
vn 0.5410 -0.0533 -0.8393
vn -0.9324 0.2828 -0.2250
vn -0.5202 0.1578 -0.8393
vn -0.0955 -0.9697 -0.2250
vn -0.0533 -0.5410 -0.8393
vn 0.9697 0.0955 -0.2250
vn 0.5410 0.0533 -0.8393
vn -0.9697 0.0955 -0.2250
vn -0.5410 0.0533 -0.8393
vn 0.0955 -0.9697 -0.2250
vn 0.0533 -0.5410 -0.8393
vn 0.9324 0.2828 -0.2250
vn 0.5202 0.1578 -0.8393
vn -0.9697 -0.0955 -0.2250
vn -0.5410 -0.0533 -0.8393
vn 0.2828 -0.9324 -0.2250
vn 0.1578 -0.5202 -0.8393
vn -0.0955 0.9697 -0.2250
vn -0.0533 0.5410 -0.8393
vn 0.8593 0.4593 -0.2250
vn 0.4794 0.2563 -0.8393
vn -0.9324 -0.2828 -0.2250
vn -0.5202 -0.1578 -0.8393
vn 0.4593 -0.8593 -0.2250
vn 0.2563 -0.4794 -0.8393
vn 0.7532 0.6181 -0.2250
vn 0.4202 0.3449 -0.8393
vn -0.2828 0.9324 -0.2250
vn -0.1578 0.5202 -0.8393
vn -0.8593 -0.4593 -0.2250
vn -0.4794 -0.2563 -0.8393
vn 0.6181 -0.7532 -0.2250
vn 0.3449 -0.4202 -0.8393
vn 0.6181 0.7532 -0.2250
vn 0.3449 0.4202 -0.8393
vn -0.4593 0.8593 -0.2250
vn -0.2563 0.4794 -0.8393
vn -0.7532 -0.6181 -0.2250
vn -0.4202 -0.3449 -0.8393
vn 0.7532 -0.6181 -0.2250
vn 0.4202 -0.3449 -0.8393
vn 0.4593 0.8593 -0.2250
vn 0.2563 0.4794 -0.8393
vn -0.6181 0.7532 -0.2250
vn -0.3449 0.4202 -0.8393
vn -0.6181 -0.7532 -0.2250
vn -0.3449 -0.4202 -0.8393
vn 0.8593 -0.4593 -0.2250
vn 0.4794 -0.2563 -0.8393
vn -0.0914 0.9282 -0.3607
vn -0.0354 0.3590 -0.9327
vn -0.2707 0.8925 -0.3607
vn -0.1047 0.3452 -0.9327
vn -0.4397 0.8225 -0.3607
vn -0.1700 0.3181 -0.9327
vn -0.5917 0.7210 -0.3607
vn -0.2288 0.2788 -0.9327
vn -0.7210 0.5917 -0.3607
vn -0.2788 0.2288 -0.9327
vn -0.8225 0.4397 -0.3607
vn -0.3181 0.1700 -0.9327
vn -0.8925 0.2707 -0.3607
vn -0.3452 0.1047 -0.9327
vn -0.9282 0.0914 -0.3607
vn -0.3590 0.0354 -0.9327
vn -0.9282 -0.0914 -0.3607
vn -0.3590 -0.0354 -0.9327
vn -0.8925 -0.2707 -0.3607
vn -0.3452 -0.1047 -0.9327
vn -0.8225 -0.4397 -0.3607
vn -0.3181 -0.1700 -0.9327
vn -0.7210 -0.5917 -0.3607
vn -0.2788 -0.2288 -0.9327
vn -0.5917 -0.7210 -0.3607
vn -0.2288 -0.2788 -0.9327
vn -0.4397 -0.8225 -0.3607
vn -0.1700 -0.3181 -0.9327
vn -0.2707 -0.8925 -0.3607
vn -0.1047 -0.3452 -0.9327
vn -0.0914 -0.9282 -0.3607
vn -0.0354 -0.3590 -0.9327
vn 0.0914 -0.9282 -0.3607
vn 0.0354 -0.3590 -0.9327
vn 0.2707 -0.8925 -0.3607
vn 0.1047 -0.3452 -0.9327
vn 0.4397 -0.8225 -0.3607
vn 0.1700 -0.3181 -0.9327
vn 0.5917 -0.7210 -0.3607
vn 0.2288 -0.2788 -0.9327
vn 0.7210 -0.5917 -0.3607
vn 0.2788 -0.2288 -0.9327
vn 0.8225 -0.4397 -0.3607
vn 0.3181 -0.1700 -0.9327
vn 0.8925 -0.2707 -0.3607
vn 0.3452 -0.1047 -0.9327
vn 0.9282 -0.0914 -0.3607
vn 0.3590 -0.0354 -0.9327
vn 0.9282 0.0914 -0.3607
vn 0.3590 0.0354 -0.9327
vn 0.8925 0.2707 -0.3607
vn 0.3452 0.1047 -0.9327
vn 0.8225 0.4397 -0.3607
vn 0.3181 0.1700 -0.9327
vn 0.7210 0.5917 -0.3607
vn 0.2788 0.2288 -0.9327
vn 0.5917 0.7210 -0.3607
vn 0.2288 0.2788 -0.9327
vn 0.4397 0.8225 -0.3607
vn 0.1700 0.3181 -0.9327
vn 0.2707 0.8925 -0.3607
vn 0.1047 0.3452 -0.9327
vn 0.0914 0.9282 -0.3607
vn 0.0354 0.3590 -0.9327
vn -0.0978 0.9931 0.0651
vn -0.0898 0.9122 0.3998
vn -0.2897 0.9549 0.0651
vn -0.2661 0.8771 0.3998
vn -0.4704 0.8801 0.0651
vn -0.4321 0.8084 0.3998
vn -0.6330 0.7714 0.0651
vn -0.5815 0.7086 0.3998
vn -0.7714 0.6330 0.0651
vn -0.7086 0.5815 0.3998
vn -0.8801 0.4704 0.0651
vn -0.8084 0.4321 0.3998
vn -0.9549 0.2897 0.0651
vn -0.8771 0.2661 0.3998
vn -0.9931 0.0978 0.0651
vn -0.9122 0.0898 0.3998
vn -0.9931 -0.0978 0.0651
vn -0.9122 -0.0898 0.3998
vn -0.9549 -0.2897 0.0651
vn -0.8771 -0.2661 0.3998
vn -0.8801 -0.4704 0.0651
vn -0.8084 -0.4321 0.3998
vn -0.7714 -0.6330 0.0651
vn -0.7086 -0.5815 0.3998
vn -0.6330 -0.7714 0.0651
vn -0.5815 -0.7086 0.3998
vn -0.4704 -0.8801 0.0651
vn -0.4321 -0.8084 0.3998
vn -0.2897 -0.9549 0.0651
vn -0.2661 -0.8771 0.3998
vn -0.0978 -0.9931 0.0651
vn -0.0898 -0.9122 0.3998
vn 0.0978 -0.9931 0.0651
vn 0.0898 -0.9122 0.3998
vn 0.2897 -0.9549 0.0651
vn 0.2661 -0.8771 0.3998
vn 0.4704 -0.8801 0.0651
vn 0.4321 -0.8084 0.3998
vn 0.6330 -0.7714 0.0651
vn 0.5815 -0.7086 0.3998
vn 0.7714 -0.6330 0.0651
vn 0.7086 -0.5815 0.3998
vn 0.8801 -0.4704 0.0651
vn 0.8084 -0.4321 0.3998
vn 0.9549 -0.2897 0.0651
vn 0.8771 -0.2661 0.3998
vn 0.9931 -0.0978 0.0651
vn 0.9122 -0.0898 0.3998
vn 0.9931 0.0978 0.0651
vn 0.9122 0.0898 0.3998
vn 0.9549 0.2897 0.0651
vn 0.8771 0.2661 0.3998
vn 0.8801 0.4704 0.0651
vn 0.8084 0.4321 0.3998
vn 0.7714 0.6330 0.0651
vn 0.7086 0.5815 0.3998
vn 0.6330 0.7714 0.0651
vn 0.5815 0.7086 0.3998
vn 0.4704 0.8801 0.0651
vn 0.4321 0.8084 0.3998
vn 0.2897 0.9549 0.0651
vn 0.2661 0.8771 0.3998
vn 0.0978 0.9931 0.0651
vn 0.0898 0.9122 0.3998
vn 0.7595 0.6219 0.1909
vn 0.4730 0.3881 0.7910
vn 0.4730 0.3881 -0.7910
vn 0.7595 0.6219 -0.1909
vn 0.7607 -0.6210 0.1890
vn 0.4748 -0.3888 0.7896
vn 0.4748 -0.3888 -0.7896
vn 0.7607 -0.6210 -0.1890
vn -0.7595 -0.6219 0.1909
vn -0.4730 -0.3881 0.7910
vn -0.4730 -0.3881 -0.7910
vn -0.7595 -0.6219 -0.1909
vn -0.7607 0.6210 0.1890
vn -0.4748 0.3888 0.7896
vn -0.4748 0.3888 -0.7896
vn -0.7607 0.6210 -0.1890
vt 0.968750 0.933333
vt 1.000000 1.000000
vt 1.000000 0.933333
vt 0.937500 0.933333
vt 0.968750 1.000000
vt 0.906250 0.933333
vt 0.937500 1.000000
vt 0.875000 0.933333
vt 0.906250 1.000000
vt 0.843750 0.933333
vt 0.875000 1.000000
vt 0.812500 0.933333
vt 0.843750 1.000000
vt 0.781250 0.933333
vt 0.812500 1.000000
vt 0.750000 0.933333
vt 0.781250 1.000000
vt 0.718750 0.933333
vt 0.750000 1.000000
vt 0.687500 0.933333
vt 0.718750 1.000000
vt 0.656250 0.933333
vt 0.687500 1.000000
vt 0.625000 0.933333
vt 0.656250 1.000000
vt 0.593750 0.933333
vt 0.625000 1.000000
vt 0.562500 0.933333
vt 0.593750 1.000000
vt 0.531250 0.933333
vt 0.562500 1.000000
vt 0.500000 0.933333
vt 0.531250 1.000000
vt 0.468750 0.933333
vt 0.500000 1.000000
vt 0.437500 0.933333
vt 0.468750 1.000000
vt 0.406250 0.933333
vt 0.437500 1.000000
vt 0.375000 0.933333
vt 0.406250 1.000000
vt 0.343750 0.933333
vt 0.375000 1.000000
vt 0.312500 0.933333
vt 0.343750 1.000000
vt 0.281250 0.933333
vt 0.312500 1.000000
vt 0.250000 0.933333
vt 0.281250 1.000000
vt 0.218750 0.933333
vt 0.250000 1.000000
vt 0.187500 0.933333
vt 0.218750 1.000000
vt 0.156250 0.933333
vt 0.187500 1.000000
vt 0.125000 0.933333
vt 0.156250 1.000000
vt 0.093750 0.933333
vt 0.125000 1.000000
vt 0.062500 0.933333
vt 0.093750 1.000000
vt 0.031250 0.933333
vt 0.062500 1.000000
vt 0.000000 0.933333
vt 0.031250 1.000000
vt 0.031250 0.766667
vt 0.000000 0.748889
vt 0.031250 0.748889
vt 0.000000 0.766667
vt 0.062500 0.766667
vt 0.062500 0.748889
vt 0.093750 0.766667
vt 0.093750 0.748889
vt 0.125000 0.766667
vt 0.125000 0.748889
vt 0.093750 0.933333
vt 0.156250 0.766667
vt 0.156250 0.748889
vt 0.187500 0.766667
vt 0.187500 0.748889
vt 0.218750 0.766667
vt 0.218750 0.748889
vt 0.250000 0.766667
vt 0.250000 0.748889
vt 0.281250 0.766667
vt 0.281250 0.748889
vt 0.312500 0.766667
vt 0.312500 0.748889
vt 0.343750 0.766667
vt 0.343750 0.748889
vt 0.145975 0.779167
vt 0.156250 0.779167
vt 0.375000 0.766667
vt 0.375000 0.748889
vt 0.145975 0.920833
vt 0.141605 0.779167
vt 0.406250 0.766667
vt 0.406250 0.748889
vt 0.375000 0.933333
vt 0.437500 0.766667
vt 0.437500 0.748889
vt 0.468750 0.766667
vt 0.468750 0.748889
vt 0.468750 0.933333
vt 0.500000 0.766667
vt 0.500000 0.748889
vt 0.531250 0.766667
vt 0.531250 0.748889
vt 0.531250 0.933333
vt 0.562500 0.766667
vt 0.562500 0.748889
vt 0.562500 0.933333
vt 0.593750 0.766667
vt 0.593750 0.748889
vt 0.625000 0.766667
vt 0.625000 0.748889
vt 0.625000 0.933333
vt 0.656250 0.766667
vt 0.656250 0.748889
vt 0.687500 0.766667
vt 0.687500 0.748889
vt 0.718750 0.766667
vt 0.718750 0.748889
vt 0.750000 0.766667
vt 0.750000 0.748889
vt 0.781250 0.766667
vt 0.781250 0.748889
vt 0.812500 0.766667
vt 0.812500 0.748889
vt 0.843750 0.766667
vt 0.843750 0.748889
vt 0.875000 0.766667
vt 0.875000 0.748889
vt 0.906250 0.766667
vt 0.906250 0.748889
vt 0.937500 0.766667
vt 0.937500 0.748889
vt 0.937500 0.933333
vt 0.968750 0.766667
vt 0.968750 0.748889
vt 1.000000 0.766667
vt 1.000000 0.748889
vt 0.000000 0.748889
vt 0.031250 0.766667
vt 0.031250 0.748889
vt 0.062500 0.766667
vt 0.062500 0.748889
vt 0.093750 0.748889
vt 0.125000 0.766667
vt 0.125000 0.748889
vt 0.218750 0.748889
vt 0.281250 0.748889
vt 0.375000 0.766667
vt 0.375000 0.748889
vt 0.406250 0.766667
vt 0.406250 0.748889
vt 0.468750 0.766667
vt 0.468750 0.748889
vt 0.531250 0.766667
vt 0.531250 0.748889
vt 0.593750 0.766667
vt 0.593750 0.748889
vt 0.812500 0.920833
vt 0.781250 0.920833
vt 0.781250 0.920833
vt 0.750000 0.920833
vt 0.750000 0.920833
vt 0.718750 0.748889
vt 0.718750 0.920833
vt 0.718750 0.920833
vt 0.750000 0.766667
vt 0.750000 0.748889
vt 0.687500 0.920833
vt 0.687500 0.920833
vt 0.781250 0.766667
vt 0.781250 0.748889
vt 0.656250 0.920833
vt 0.641605 0.920833
vt 0.645975 0.920833
vt 0.645975 0.779167
vt 0.641605 0.779167
vt 0.875000 0.748889
vt 0.858395 0.779167
vt 0.854025 0.920833
vt 0.854025 0.779167
vt 0.906250 0.766667
vt 0.906250 0.748889
vt 0.937500 0.766667
vt 0.937500 0.748889
vt 0.968750 0.766667
vt 0.968750 0.748889
vt 1.000000 0.748889
vt 0.343750 0.779167
vt 0.358395 0.779167
vt 0.343750 0.920833
vt 0.312500 0.920833
vt 0.312500 0.779167
vt 0.281250 0.920833
vt 0.281250 0.779167
vt 0.250000 0.920833
vt 0.250000 0.779167
vt 0.218750 0.920833
vt 0.218750 0.779167
vt 0.187500 0.920833
vt 0.187500 0.779167
vt 0.156250 0.920833
vt 0.354025 0.779167
vt 0.156250 0.920833
vt 0.187500 0.920833
vt 0.218750 0.920833
vt 0.250000 0.920833
vt 0.281250 0.779167
vt 0.281250 0.920833
vt 0.312500 0.779167
vt 0.312500 0.920833
vt 0.343750 0.779167
vt 0.343750 0.920833
vt 0.354025 0.920833
vt 0.358395 0.920833
vt 0.141605 0.920833
vt 0.687500 0.779167
vt 0.656250 0.779167
vt 0.718750 0.779167
vt 0.781250 0.779167
vt 0.750000 0.779167
vt 0.812500 0.779167
vt 0.843750 0.779167
vt 0.843750 0.920833
vt 0.858395 0.920833
vt 0.781250 0.779167
vt 0.750000 0.779167
vt 0.687500 0.779167
vt 0.656250 0.779167
vt 0.968750 0.660000
vt 1.000000 0.660000
vt 0.937500 0.660000
vt 0.906250 0.660000
vt 0.875000 0.660000
vt 0.593750 0.660000
vt 0.625000 0.660000
vt 0.562500 0.660000
vt 0.531250 0.660000
vt 0.500000 0.660000
vt 0.468750 0.660000
vt 0.437500 0.660000
vt 0.406250 0.660000
vt 0.375000 0.660000
vt 0.093750 0.660000
vt 0.125000 0.660000
vt 0.062500 0.660000
vt 0.031250 0.660000
vt 0.000000 0.660000
vt 0.968750 0.500000
vt 1.000000 0.500000
vt 0.937500 0.660000
vt 0.906250 0.500000
vt 0.937500 0.500000
vt 0.875000 0.500000
vt 0.843750 0.500000
vt 0.812500 0.500000
vt 0.843750 0.660000
vt 0.781250 0.500000
vt 0.812500 0.660000
vt 0.750000 0.500000
vt 0.781250 0.660000
vt 0.718750 0.500000
vt 0.750000 0.660000
vt 0.687500 0.500000
vt 0.718750 0.660000
vt 0.656250 0.500000
vt 0.687500 0.660000
vt 0.625000 0.500000
vt 0.656250 0.660000
vt 0.593750 0.500000
vt 0.562500 0.500000
vt 0.531250 0.500000
vt 0.500000 0.500000
vt 0.468750 0.500000
vt 0.468750 0.660000
vt 0.437500 0.500000
vt 0.406250 0.500000
vt 0.375000 0.500000
vt 0.375000 0.660000
vt 0.343750 0.500000
vt 0.312500 0.500000
vt 0.343750 0.660000
vt 0.281250 0.500000
vt 0.312500 0.660000
vt 0.250000 0.500000
vt 0.281250 0.660000
vt 0.218750 0.660000
vt 0.250000 0.660000
vt 0.187500 0.500000
vt 0.218750 0.500000
vt 0.156250 0.500000
vt 0.187500 0.660000
vt 0.125000 0.500000
vt 0.156250 0.660000
vt 0.093750 0.500000
vt 0.093750 0.660000
vt 0.062500 0.500000
vt 0.031250 0.500000
vt 0.156250 0.743793
vt 0.141605 0.743793
vt 0.156250 0.665096
vt 0.141605 0.665096
vt 0.187500 0.743793
vt 0.187500 0.665096
vt 0.218750 0.743793
vt 0.218750 0.665096
vt 0.250000 0.743793
vt 0.250000 0.665096
vt 0.281250 0.743793
vt 0.281250 0.665096
vt 0.312500 0.743793
vt 0.312500 0.665096
vt 0.343750 0.743793
vt 0.343750 0.665096
vt 0.358395 0.743793
vt 0.358395 0.665096
vt 0.656250 0.743793
vt 0.641605 0.743793
vt 0.854025 0.743793
vt 0.854025 0.665095
vt 0.645975 0.665096
vt 0.645975 0.743793
vt 0.354025 0.743793
vt 0.354025 0.665095
vt 0.145975 0.665096
vt 0.145975 0.743793
vt 0.843750 0.665096
vt 0.812500 0.665096
vt 0.812500 0.743793
vt 0.843750 0.743793
vt 0.781250 0.665096
vt 0.781250 0.743793
vt 0.750000 0.665096
vt 0.750000 0.743793
vt 0.718750 0.665096
vt 0.718750 0.743793
vt 0.687500 0.665096
vt 0.687500 0.743793
vt 0.656250 0.665096
vt 0.281250 0.665096
vt 0.281250 0.743793
vt 0.218750 0.665096
vt 0.218750 0.743793
vt 0.156250 0.743793
vt 0.858395 0.743793
vt 0.858395 0.665096
vt 0.641605 0.665096
vt 0.812500 0.665096
vt 0.718750 0.665096
vt 0.718750 0.743793
vt 0.781250 0.743793
vt 0.750000 0.743793
vt 0.872742 0.931283
vt 0.875000 0.933333
vt 0.627258 0.931283
vt 0.627258 0.768717
vt 0.372742 0.931283
vt 0.127258 0.931283
vt 0.125000 0.933333
vt 0.127258 0.768717
vt 0.156249 0.766667
vt 0.156250 0.933333
vt 0.156249 0.933333
vt 0.187500 0.933333
vt 0.218750 0.933333
vt 0.250000 0.933333
vt 0.281250 0.933333
vt 0.312500 0.933333
vt 0.343751 0.766667
vt 0.343751 0.933333
vt 0.343750 0.933333
vt 0.372742 0.768717
vt 0.656249 0.766667
vt 0.656249 0.933333
vt 0.687500 0.933333
vt 0.718750 0.933333
vt 0.750000 0.933333
vt 0.781250 0.933333
vt 0.843751 0.766667
vt 0.843751 0.933333
vt 0.843750 0.933333
vt 0.872742 0.768717
vt 0.872742 0.748178
vt 0.872742 0.660711
vt 0.627258 0.748178
vt 0.627258 0.660711
vt 0.372742 0.748178
vt 0.372742 0.660711
vt 0.127258 0.748178
vt 0.127258 0.660711
vt 0.843751 0.660000
vt 0.843751 0.748889
vt 0.718750 0.660000
vt 0.656249 0.660000
vt 0.656249 0.748889
vt 0.343751 0.660000
vt 0.343751 0.748889
vt 0.218750 0.660000
vt 0.187500 0.660000
vt 0.156249 0.660000
vt 0.156249 0.748889
vt 0.000000 1.000000
vt 0.062500 1.000000
vt 0.031252 1.000000
vt 0.843750 1.000000
vt 0.562500 1.000000
vt 0.281250 1.000000
vt 0.000677 1.000000
vt 0.000362 1.000000
vt 0.531250 1.000000
vt 0.781250 1.000000
vt 0.500000 1.000000
vt 0.218750 1.000000
vt 0.468750 1.000000
vt 0.187500 1.000000
vt 0.187500 1.000000
vt 0.718750 1.000000
vt 0.437500 1.000000
vt 0.968750 1.000000
vt 0.999323 1.000000
vt 0.968748 1.000000
vt 0.687500 1.000000
vt 0.406250 1.000000
vt 0.937500 1.000000
vt 0.937500 1.000000
vt 0.656250 1.000000
vt 0.375000 1.000000
vt 0.093750 1.000000
vt 0.093750 1.000000
vt 0.906250 1.000000
vt 0.343750 1.000000
vt 1.000000 0.988750
vt 0.968750 0.988750
vt 0.999589 1.000000
vt 0.968750 1.000000
vt 0.937500 0.988750
vt 0.906250 0.988750
vt 0.875000 0.988750
vt 0.843750 0.988750
vt 0.812500 0.988750
vt 0.781250 0.988750
vt 0.750000 0.988750
vt 0.718750 0.988750
vt 0.687500 0.988750
vt 0.687500 1.000000
vt 0.656250 0.988750
vt 0.656250 1.000000
vt 0.625000 0.988750
vt 0.593750 0.988750
vt 0.562500 0.988750
vt 0.531250 0.988750
vt 0.500000 0.988750
vt 0.468750 0.988750
vt 0.468750 1.000000
vt 0.437500 0.988750
vt 0.406250 0.988750
vt 0.375000 0.988750
vt 0.343750 0.988750
vt 0.312500 0.988750
vt 0.281250 0.988750
vt 0.281250 1.000000
vt 0.250000 0.988750
vt 0.218750 0.988750
vt 0.187500 0.988750
vt 0.187500 1.000000
vt 0.156250 0.988750
vt 0.125000 0.988750
vt 0.093750 0.988750
vt 0.093750 1.000000
vt 0.062500 0.988750
vt 0.062500 1.000000
vt 0.031250 1.000000
vt 0.031250 0.988750
vt 0.000000 0.988750
vt 0.000411 1.000000
vt 0.000234 1.000000
vt 0.999766 1.000000
vt 0.999638 1.000000
vt 0.999092 0.500000
vt 0.093750 0.500000
vt 0.000908 0.500000
vt 0.000000 0.500000
s 0
usemtl Green
f 323/226/101 194/227/101 322/228/101
f 325/229/102 196/230/102 323/226/102
f 327/231/103 198/232/103 325/229/103
f 439/233/104 200/234/104 327/231/104
f 456/235/105 202/236/105 439/233/105
f 454/237/106 204/238/106 456/235/106
f 452/239/107 206/240/107 454/237/107
f 450/241/108 208/242/108 452/239/108
f 448/243/109 210/244/109 450/241/109
f 446/245/110 212/246/110 448/243/110
f 444/247/111 214/248/111 446/245/111
f 441/249/112 216/250/112 444/247/112
f 347/251/113 218/252/113 441/249/113
f 349/253/114 220/254/114 347/251/114
f 351/255/115 222/256/115 349/253/115
f 353/257/116 224/258/116 351/255/116
f 355/259/117 226/260/117 353/257/117
f 357/261/118 228/262/118 355/259/118
f 359/263/119 230/264/119 357/261/119
f 421/265/120 232/266/120 359/263/120
f 438/267/121 234/268/121 421/265/121
f 436/269/122 236/270/122 438/267/122
f 434/271/123 238/272/123 436/269/123
f 432/273/124 240/274/124 434/271/124
f 430/275/125 242/276/125 432/273/125
f 428/277/126 244/278/126 430/275/126
f 426/279/127 246/280/127 428/277/127
f 423/281/128 248/282/128 426/279/128
f 379/283/129 250/284/129 423/281/129
f 381/285/130 252/286/130 379/283/130
f 383/287/131 254/288/131 381/285/131
f 322/289/132 256/290/132 383/287/132
f 320/291/116 520/292/116 517/293/116
f 319/287/116 257/294/116 320/291/116
f 318/295/115 517/293/115 515/296/115
f 317/285/115 320/291/115 318/295/115
f 316/297/114 515/296/114 513/298/114
f 316/297/114 317/285/114 318/295/114
f 392/299/113 513/298/113 587/300/113
f 392/299/113 315/301/113 316/297/113
f 393/302/112 587/300/112 602/303/112
f 395/304/111 602/303/111 600/305/111
f 397/306/110 600/305/110 598/307/110
f 399/308/109 598/307/109 596/309/109
f 401/310/108 596/309/108 594/311/108
f 403/312/107 594/311/107 592/313/107
f 405/314/106 592/313/106 590/315/106
f 378/316/133 312/317/133 376/317/133
f 390/318/105 590/315/105 585/319/105
f 377/320/134 314/321/134 378/316/134
f 296/322/104 585/319/104 493/323/104
f 296/322/104 389/324/104 390/318/104
f 294/325/103 493/323/103 491/326/103
f 294/325/103 295/263/103 296/322/103
f 292/327/102 491/326/102 489/328/102
f 291/329/102 294/325/102 292/327/102
f 290/330/101 489/328/101 487/331/101
f 289/257/101 292/327/101 290/330/101
f 288/332/132 487/331/132 485/333/132
f 287/334/132 290/330/132 288/332/132
f 286/335/131 485/333/131 483/336/131
f 285/337/131 288/332/131 286/335/131
f 284/338/130 483/336/130 481/339/130
f 283/251/130 286/335/130 284/338/130
f 388/340/129 481/339/129 605/341/129
f 387/342/129 284/338/129 388/340/129
f 407/343/128 605/341/128 620/344/128
f 409/345/127 620/344/127 618/346/127
f 411/347/126 618/346/126 616/348/126
f 413/349/125 616/348/125 614/350/125
f 415/351/124 614/350/124 612/352/124
f 417/353/123 612/352/123 610/354/123
f 419/355/122 610/354/122 608/356/122
f 386/357/121 608/356/121 603/358/121
f 264/359/120 603/358/120 461/360/120
f 263/231/120 386/357/120 264/359/120
f 262/361/119 461/360/119 459/362/119
f 261/363/119 264/359/119 262/361/119
f 260/364/118 459/362/118 457/365/118
f 259/226/118 262/361/118 260/364/118
f 257/366/117 457/365/117 520/367/117
f 258/228/117 260/364/117 257/366/117
f 584/368/132 384/369/132 581/370/132
f 384/369/132 322/289/132 383/287/132
f 581/370/131 382/371/131 579/372/131
f 382/371/131 383/287/131 381/285/131
f 579/372/130 380/297/130 577/373/130
f 382/371/130 379/283/130 380/297/130
f 577/373/129 424/374/129 627/375/129
f 380/297/129 423/281/129 424/374/129
f 627/375/128 425/302/128 656/303/128
f 656/303/127 427/304/127 654/305/127
f 654/305/126 429/306/126 652/376/126
f 652/376/125 431/308/125 650/309/125
f 648/377/124 431/308/124 433/310/124
f 646/313/123 433/310/123 435/312/123
f 646/313/122 437/314/122 644/315/122
f 644/315/121 422/378/121 625/379/121
f 625/379/120 360/380/120 557/381/120
f 360/380/120 421/265/120 359/263/120
f 557/381/119 358/325/119 555/326/119
f 360/380/119 357/261/119 358/325/119
f 555/326/118 356/382/118 553/383/118
f 356/382/118 357/261/118 355/259/118
f 553/383/117 354/330/117 551/331/117
f 356/382/117 353/257/117 354/330/117
f 551/331/116 352/384/116 549/385/116
f 354/330/116 351/255/116 352/384/116
f 549/385/115 350/335/115 547/336/115
f 352/384/115 349/253/115 350/335/115
f 547/336/114 348/386/114 545/387/114
f 350/335/114 347/251/114 348/386/114
f 545/387/113 442/340/113 623/341/113
f 348/386/113 441/249/113 442/340/113
f 623/341/112 443/343/112 642/344/112
f 333/388/135 271/389/135 335/390/135
f 642/344/111 445/345/111 640/346/111
f 337/391/135 271/389/135 273/392/135
f 640/346/110 447/347/110 638/393/110
f 337/391/135 275/394/135 339/395/135
f 638/393/109 449/396/109 636/397/109
f 339/395/135 277/398/135 341/399/135
f 636/397/108 451/400/108 634/401/108
f 343/402/135 277/398/135 279/402/135
f 634/401/107 453/353/107 632/354/107
f 343/402/135 281/403/135 345/404/135
f 632/354/106 455/355/106 630/356/106
f 346/405/136 281/403/136 282/406/136
f 630/356/105 440/357/105 621/407/105
f 266/408/137 329/409/137 330/410/137
f 621/407/104 328/411/104 525/412/104
f 440/357/104 327/231/104 328/411/104
f 525/412/103 326/413/103 523/414/103
f 326/413/103 327/231/103 325/229/103
f 523/414/102 324/415/102 521/416/102
f 326/413/102 323/226/102 324/415/102
f 521/416/101 321/366/101 584/417/101
f 324/415/101 322/228/101 321/366/101
f 300/418/133 662/419/133 298/419/133
f 299/420/135 676/421/135 301/421/135
f 300/418/133 675/422/133 677/418/133
f 301/421/135 674/423/135 303/423/135
f 304/424/133 675/422/133 302/422/133
f 303/423/135 672/425/135 305/425/135
f 306/426/133 673/424/133 304/424/133
f 305/425/135 670/427/135 307/427/135
f 306/426/133 669/428/133 671/426/133
f 307/427/135 668/429/135 309/429/135
f 310/430/133 669/428/133 308/428/133
f 309/429/135 666/431/135 311/431/135
f 312/317/133 667/430/133 310/430/133
f 362/432/121 421/265/121 422/378/121
f 378/316/128 423/281/128 377/320/128
f 378/316/128 425/302/128 424/374/128
f 377/320/128 426/279/128 375/433/128
f 374/430/127 425/302/127 376/317/127
f 375/433/127 428/277/127 373/434/127
f 372/428/126 427/304/126 374/430/126
f 373/434/126 430/275/126 371/435/126
f 372/428/125 431/308/125 429/306/125
f 371/435/125 432/273/125 369/436/125
f 368/437/124 431/308/124 370/426/124
f 369/436/124 434/271/124 367/438/124
f 366/439/123 433/310/123 368/437/123
f 367/438/123 436/269/123 365/440/123
f 364/441/122 435/312/122 366/439/122
f 365/440/122 438/267/122 363/442/122
f 362/432/121 437/314/121 364/441/121
f 361/443/121 438/267/121 421/265/121
f 376/317/133 310/430/133 374/430/133
f 372/428/133 310/430/133 308/428/133
f 370/426/133 308/428/133 306/426/133
f 368/437/133 306/426/133 304/424/133
f 366/439/133 304/424/133 302/422/133
f 364/441/133 302/422/133 300/418/133
f 298/419/133 364/441/133 300/418/133
f 297/444/138 362/432/138 298/419/138
f 375/433/135 313/445/135 377/320/135
f 309/429/135 375/433/135 373/434/135
f 371/435/135 309/429/135 373/434/135
f 369/436/135 307/427/135 371/435/135
f 367/438/135 305/425/135 369/436/135
f 365/440/135 303/423/135 367/438/135
f 363/442/135 301/421/135 365/440/135
f 363/442/135 297/444/135 299/420/135
f 329/409/105 440/357/105 330/410/105
f 346/405/112 441/249/112 345/404/112
f 346/405/112 443/343/112 442/340/112
f 345/404/112 444/247/112 343/402/112
f 342/446/111 443/343/111 344/447/111
f 343/402/111 446/245/111 341/399/111
f 340/448/110 445/345/110 342/446/110
f 341/399/110 448/243/110 339/395/110
f 340/448/109 449/396/109 447/347/109
f 339/395/109 450/241/109 337/391/109
f 336/449/108 449/396/108 338/450/108
f 337/391/108 452/239/108 335/390/108
f 334/451/107 451/400/107 336/449/107
f 335/390/107 454/237/107 333/388/107
f 332/452/106 453/353/106 334/451/106
f 333/388/106 456/235/106 331/453/106
f 330/410/105 455/355/105 332/452/105
f 329/409/105 456/235/105 439/233/105
f 331/453/135 269/388/135 333/388/135
f 331/453/135 265/454/135 267/453/135
f 332/452/133 266/408/133 330/410/133
f 334/451/133 268/452/133 332/452/133
f 336/449/133 270/451/133 334/451/133
f 338/450/133 272/455/133 336/449/133
f 338/450/133 276/448/133 274/456/133
f 342/446/133 276/448/133 340/448/133
f 344/447/133 278/457/133 342/446/133
f 344/447/133 282/406/133 280/458/133
f 520/367/117 458/459/117 519/460/117
f 457/365/118 460/461/118 458/459/118
f 459/362/119 462/462/119 460/461/119
f 461/360/120 604/463/120 462/462/120
f 605/341/129 482/464/129 606/465/129
f 481/339/130 484/466/130 482/464/130
f 483/336/131 486/467/131 484/466/131
f 485/333/132 488/468/132 486/467/132
f 487/331/101 490/469/101 488/468/101
f 489/328/102 492/470/102 490/469/102
f 491/326/103 494/471/103 492/470/103
f 493/323/104 586/472/104 494/471/104
f 587/300/113 514/473/113 588/474/113
f 513/298/114 516/475/114 514/473/114
f 515/296/115 518/476/115 516/475/115
f 517/293/116 519/477/116 518/476/116
f 195/478/101 583/460/101 193/479/101
f 522/459/101 584/417/101 583/460/101
f 195/478/102 524/480/102 522/459/102
f 524/480/102 521/416/102 522/459/102
f 199/481/103 524/480/103 197/482/103
f 526/462/103 523/414/103 524/480/103
f 201/483/104 526/462/104 199/481/104
f 622/463/104 525/412/104 526/462/104
f 203/484/105 622/463/105 201/483/105
f 205/485/106 629/486/106 203/484/106
f 207/487/107 631/488/107 205/485/107
f 209/489/108 633/490/108 207/487/108
f 211/491/109 635/492/109 209/489/109
f 213/493/110 637/494/110 211/491/110
f 215/495/111 639/496/111 213/493/111
f 217/497/112 641/498/112 215/495/112
f 219/499/113 624/465/113 217/497/113
f 546/464/113 623/341/113 624/465/113
f 221/500/114 546/464/114 219/499/114
f 548/466/114 545/387/114 546/464/114
f 223/501/115 548/466/115 221/500/115
f 550/467/115 547/336/115 548/466/115
f 225/502/116 550/467/116 223/501/116
f 552/468/116 549/385/116 550/467/116
f 227/503/117 552/468/117 225/502/117
f 554/504/117 551/331/117 552/468/117
f 229/505/118 554/504/118 227/503/118
f 556/470/118 553/383/118 554/504/118
f 231/506/119 556/470/119 229/505/119
f 558/471/119 555/326/119 556/470/119
f 233/507/120 558/471/120 231/506/120
f 626/508/120 557/381/120 558/471/120
f 235/509/121 626/508/121 233/507/121
f 237/510/122 643/511/122 235/509/122
f 239/512/123 645/513/123 237/510/123
f 241/514/124 647/515/124 239/512/124
f 241/514/125 651/516/125 649/517/125
f 245/518/126 651/516/126 243/519/126
f 247/520/127 653/521/127 245/518/127
f 249/522/128 655/523/128 247/520/128
f 251/524/129 628/474/129 249/522/129
f 578/525/129 627/375/129 628/474/129
f 253/526/130 578/525/130 251/524/130
f 580/475/130 577/373/130 578/525/130
f 255/527/131 580/475/131 253/526/131
f 582/476/131 579/372/131 580/475/131
f 255/527/132 583/477/132 582/476/132
f 582/476/132 584/368/132 581/370/132
f 311/431/135 663/445/135 313/445/135
f 312/317/133 664/321/133 665/317/133
f 509/528/135 695/529/135 511/529/135
f 313/445/104 664/321/104 314/321/104
f 510/530/133 696/531/133 709/530/133
f 298/419/113 661/444/113 297/444/113
f 509/528/135 708/532/135 710/528/135
f 281/403/120 660/406/120 282/406/120
f 510/530/133 707/533/133 508/533/133
f 266/408/129 657/454/129 265/454/129
f 505/534/135 708/532/135 507/532/135
f 506/535/133 707/533/133 705/535/133
f 503/536/135 706/534/135 505/534/135
f 504/537/133 705/535/133 703/537/133
f 501/538/135 704/536/135 503/536/135
f 504/537/133 701/539/133 502/539/133
f 499/540/135 702/538/135 501/538/135
f 502/539/133 699/541/133 500/541/133
f 497/542/135 700/540/135 499/540/135
f 500/541/133 697/543/133 498/543/133
f 497/542/135 693/544/135 698/542/135
f 498/543/133 694/545/133 496/545/133
f 477/546/135 713/547/135 479/547/135
f 511/529/104 696/531/104 512/531/104
f 527/548/105 622/463/105 528/549/105
f 544/550/112 623/341/112 543/551/112
f 559/552/121 626/508/121 560/553/121
f 576/554/128 627/375/128 575/555/128
f 528/549/105 629/486/105 530/556/105
f 527/548/105 630/356/105 621/407/105
f 530/556/106 631/488/106 532/557/106
f 531/558/106 630/356/106 529/559/106
f 532/557/107 633/490/107 534/560/107
f 533/561/107 632/354/107 531/558/107
f 534/560/108 635/492/108 536/562/108
f 535/563/108 634/401/108 533/561/108
f 536/562/109 637/494/109 538/564/109
f 537/565/109 636/397/109 535/563/109
f 538/564/110 639/496/110 540/566/110
f 539/567/110 638/393/110 537/565/110
f 540/566/111 641/498/111 542/568/111
f 541/546/111 640/346/111 539/567/111
f 544/550/112 641/498/112 624/465/112
f 543/551/112 642/344/112 541/546/112
f 560/553/121 643/511/121 562/543/121
f 559/552/121 644/315/121 625/379/121
f 562/543/122 645/513/122 564/541/122
f 563/540/122 644/315/122 561/542/122
f 564/541/123 647/515/123 566/569/123
f 565/570/123 646/313/123 563/540/123
f 566/569/124 649/517/124 568/537/124
f 567/536/124 648/377/124 565/570/124
f 568/537/125 651/516/125 570/571/125
f 569/572/125 650/309/125 567/536/125
f 570/571/126 653/521/126 572/533/126
f 571/532/126 652/376/126 569/572/126
f 572/533/127 655/523/127 574/530/127
f 573/573/127 654/305/127 571/532/127
f 576/554/128 655/523/128 628/474/128
f 575/555/128 656/303/128 573/573/128
f 463/574/137 528/549/137 464/575/137
f 544/550/136 479/547/136 480/576/136
f 530/556/133 464/575/133 528/549/133
f 530/556/133 468/577/133 466/556/133
f 532/557/133 470/560/133 468/577/133
f 536/562/133 470/560/133 534/560/133
f 538/564/133 472/562/133 536/562/133
f 540/566/133 474/578/133 538/564/133
f 542/568/133 476/566/133 540/566/133
f 544/550/133 478/568/133 542/568/133
f 541/546/135 479/547/135 543/551/135
f 541/546/135 475/567/135 477/546/135
f 537/565/135 475/567/135 539/567/135
f 535/563/135 473/579/135 537/565/135
f 535/563/135 469/580/135 471/581/135
f 531/558/135 469/580/135 533/561/135
f 529/559/135 467/558/135 531/558/135
f 527/548/135 465/559/135 529/559/135
f 495/544/138 560/553/138 496/545/138
f 576/554/134 511/529/134 512/531/134
f 562/543/133 496/545/133 560/553/133
f 562/543/133 500/541/133 498/543/133
f 566/569/133 500/541/133 564/541/133
f 568/537/133 502/539/133 566/569/133
f 568/537/133 506/535/133 504/537/133
f 572/533/133 506/535/133 570/571/133
f 574/530/133 508/533/133 572/533/133
f 574/530/133 512/531/133 510/530/133
f 575/555/135 509/528/135 511/529/135
f 573/573/135 507/532/135 509/528/135
f 569/572/135 507/532/135 571/532/135
f 567/536/135 505/534/135 569/572/135
f 565/570/135 503/536/135 567/536/135
f 563/540/135 501/538/135 565/570/135
f 561/542/135 499/540/135 563/540/135
f 561/542/135 495/544/135 497/542/135
f 299/420/135 661/444/135 678/420/135
f 280/458/133 660/406/133 679/458/133
f 279/402/135 659/403/135 281/403/135
f 280/458/133 681/457/133 278/457/133
f 464/575/129 711/574/129 463/574/129
f 277/398/135 680/402/135 279/402/135
f 479/547/120 714/576/120 480/576/120
f 276/448/133 681/457/133 683/448/133
f 466/556/133 712/575/133 464/575/133
f 275/394/135 682/398/135 277/398/135
f 465/559/135 711/574/135 716/559/135
f 276/448/133 685/456/133 274/456/133
f 468/577/133 715/556/133 466/556/133
f 273/392/135 684/394/135 275/394/135
f 465/559/135 718/558/135 467/558/135
f 274/456/133 687/455/133 272/455/133
f 470/560/133 717/577/133 468/577/133
f 273/392/135 688/389/135 686/392/135
f 469/580/135 718/558/135 720/580/135
f 272/455/133 689/451/133 270/451/133
f 472/562/133 719/560/133 470/560/133
f 269/388/135 688/389/135 271/389/135
f 471/581/135 720/580/135 722/581/135
f 268/452/133 689/451/133 691/452/133
f 474/578/133 721/562/133 472/562/133
f 267/453/135 690/388/135 269/388/135
f 471/581/135 724/579/135 473/579/135
f 268/452/133 658/408/133 266/408/133
f 476/566/133 723/578/133 474/578/133
f 267/453/135 657/454/135 692/453/135
f 473/579/135 726/567/135 475/567/135
f 478/568/133 725/566/133 476/566/133
f 477/546/135 726/567/135 728/546/135
f 496/545/113 693/544/113 495/544/113
f 478/568/133 714/576/133 727/568/133
f 658/408/139 729/582/139 657/454/139
f 729/582/140 386/357/140 385/583/140
f 388/340/141 731/584/141 387/342/141
f 732/585/142 659/403/142 731/584/142
f 662/419/143 733/586/143 661/444/143
f 733/586/144 390/318/144 389/324/144
f 392/299/145 735/587/145 391/588/145
f 736/589/146 663/445/146 735/587/146
f 664/321/147 737/590/147 665/317/147
f 736/589/148 393/302/148 737/590/148
f 394/591/149 735/587/149 738/592/149
f 738/592/150 663/445/150 666/431/150
f 667/430/151 737/590/151 739/304/151
f 739/304/152 393/302/152 395/304/152
f 394/591/153 740/593/153 396/593/153
f 738/592/154 668/429/154 740/593/154
f 669/428/155 739/304/155 741/306/155
f 739/304/156 397/306/156 741/306/156
f 396/593/157 742/594/157 398/594/157
f 742/594/158 668/429/158 670/427/158
f 669/428/159 743/308/159 671/426/159
f 741/306/160 399/308/160 743/308/160
f 400/595/161 742/594/161 744/595/161
f 742/594/162 672/425/162 744/595/162
f 673/424/163 743/308/163 745/310/163
f 743/308/164 401/310/164 745/310/164
f 400/595/165 746/596/165 402/596/165
f 744/595/166 674/423/166 746/596/166
f 673/424/167 747/312/167 675/422/167
f 745/310/168 403/312/168 747/312/168
f 402/596/169 748/597/169 404/597/169
f 748/597/170 674/423/170 676/421/170
f 675/422/171 749/598/171 677/418/171
f 747/312/172 405/314/172 749/598/172
f 404/597/173 750/599/173 406/600/173
f 748/597/174 678/420/174 750/599/174
f 662/419/175 749/598/175 734/601/175
f 734/601/176 405/314/176 390/318/176
f 406/600/177 733/586/177 389/324/177
f 750/599/178 661/444/178 733/586/178
f 660/406/179 751/602/179 679/458/179
f 732/585/180 407/343/180 751/602/180
f 408/247/181 731/584/181 752/603/181
f 752/603/182 659/403/182 680/402/182
f 681/457/183 751/602/183 753/345/183
f 753/345/184 407/343/184 409/345/184
f 410/604/185 752/603/185 754/604/185
f 752/603/186 682/398/186 754/604/186
f 681/457/187 755/347/187 683/448/187
f 753/345/188 411/347/188 755/347/188
f 412/605/189 754/604/189 756/605/189
f 754/604/190 684/394/190 756/605/190
f 683/448/191 757/349/191 685/456/191
f 755/347/192 413/349/192 757/349/192
f 412/605/193 758/606/193 414/606/193
f 758/606/194 684/394/194 686/392/194
f 685/456/195 759/351/195 687/455/195
f 759/351/196 413/349/196 415/351/196
f 414/606/197 760/607/197 416/607/197
f 758/606/198 688/389/198 760/607/198
f 689/451/199 759/351/199 761/353/199
f 759/351/200 417/353/200 761/353/200
f 418/237/201 760/607/201 762/237/201
f 760/607/202 690/388/202 762/237/202
f 689/451/203 763/608/203 691/452/203
f 761/353/204 419/355/204 763/608/204
f 418/237/205 764/609/205 420/610/205
f 762/237/206 692/453/206 764/609/206
f 658/408/207 763/608/207 730/611/207
f 730/611/208 419/355/208 386/357/208
f 420/610/209 729/582/209 385/583/209
f 764/609/210 657/454/210 729/582/210
f 712/575/139 765/612/139 711/574/139
f 766/613/140 603/358/140 765/612/140
f 606/465/141 767/614/141 605/341/141
f 768/615/142 713/547/142 767/614/142
f 694/545/143 769/616/143 693/544/143
f 770/617/144 585/319/144 769/616/144
f 588/474/145 771/618/145 587/300/145
f 772/619/146 695/529/146 771/618/146
f 712/575/207 773/620/207 766/613/207
f 766/613/208 607/486/208 604/463/208
f 608/356/209 765/612/209 603/358/209
f 774/621/210 711/574/210 765/612/210
f 717/577/203 773/620/203 715/556/203
f 773/620/204 609/488/204 607/486/204
f 608/356/205 776/354/205 774/621/205
f 776/354/206 716/559/206 774/621/206
f 719/560/199 775/488/199 717/577/199
f 775/488/200 611/490/200 609/488/200
f 612/352/201 776/354/201 610/354/201
f 778/352/202 718/558/202 776/354/202
f 719/560/195 779/492/195 777/490/195
f 779/492/196 611/490/196 777/490/196
f 612/352/197 780/350/197 778/352/197
f 780/350/198 720/580/198 778/352/198
f 723/578/191 779/492/191 721/562/191
f 781/622/192 613/492/192 779/492/192
f 616/348/193 780/350/193 614/350/193
f 782/348/194 722/581/194 780/350/194
f 723/578/187 783/496/187 781/622/187
f 783/496/188 615/622/188 781/622/188
f 618/346/189 782/348/189 616/348/189
f 784/346/190 724/579/190 782/348/190
f 725/566/183 787/623/183 783/496/183
f 783/496/184 619/498/184 617/496/184
f 620/344/185 784/346/185 618/346/185
f 784/346/186 728/546/186 726/567/186
f 714/576/179 787/623/179 727/568/179
f 768/615/180 619/498/180 787/623/180
f 620/344/181 767/614/181 790/624/181
f 790/624/182 713/547/182 728/546/182
f 694/545/175 793/625/175 770/617/175
f 770/617/176 589/511/176 586/472/176
f 590/315/177 769/616/177 585/319/177
f 796/626/178 693/544/178 769/616/178
f 699/541/171 793/625/171 697/543/171
f 793/625/172 591/513/172 589/511/172
f 590/315/173 802/313/173 796/626/173
f 802/313/174 698/542/174 796/626/174
f 701/539/167 799/513/167 699/541/167
f 805/515/168 591/513/168 799/513/168
f 594/311/169 802/313/169 592/313/169
f 808/311/170 700/540/170 802/313/170
f 701/539/163 811/517/163 805/515/163
f 811/517/164 593/515/164 805/515/164
f 596/309/165 808/311/165 594/311/165
f 814/309/166 702/538/166 808/311/166
f 705/535/159 811/517/159 703/537/159
f 817/627/160 595/517/160 811/517/160
f 598/307/161 814/309/161 596/309/161
f 814/309/162 706/534/162 704/536/162
f 707/533/155 817/627/155 705/535/155
f 823/628/156 597/627/156 817/627/156
f 598/307/157 826/305/157 820/307/157
f 826/305/158 706/534/158 820/307/158
f 709/530/151 823/628/151 707/533/151
f 823/628/152 601/523/152 599/521/152
f 602/303/153 826/305/153 600/305/153
f 826/305/154 710/528/154 708/532/154
f 696/531/147 829/629/147 709/530/147
f 772/619/148 601/523/148 829/629/148
f 602/303/149 771/618/149 832/630/149
f 832/630/150 695/529/150 710/528/150
f 198/232/102 833/230/102 196/230/102
f 250/284/128 860/282/128 248/282/128
f 232/266/119 851/264/119 230/264/119
f 214/248/110 842/246/110 212/246/110
f 248/282/127 859/280/127 246/280/127
f 196/230/101 834/227/101 194/227/101
f 230/264/118 850/262/118 228/262/118
f 212/246/109 841/244/109 210/244/109
f 246/280/126 858/278/126 244/278/126
f 228/262/117 849/260/117 226/260/117
f 210/244/108 840/242/108 208/242/108
f 244/278/125 857/276/125 242/276/125
f 226/260/116 848/258/116 224/258/116
f 208/242/107 839/240/107 206/240/107
f 216/250/111 843/248/111 214/248/111
f 234/268/120 852/266/120 232/266/120
f 252/286/129 861/284/129 250/284/129
f 200/234/103 835/232/103 198/232/103
f 218/252/112 844/250/112 216/250/112
f 236/270/121 853/268/121 234/268/121
f 254/288/130 862/286/130 252/286/130
f 202/236/104 836/234/104 200/234/104
f 220/254/113 845/252/113 218/252/113
f 238/272/122 854/270/122 236/270/122
f 256/290/131 863/288/131 254/288/131
f 204/238/105 837/236/105 202/236/105
f 222/256/114 846/254/114 220/254/114
f 240/274/123 855/272/123 238/272/123
f 194/631/132 864/290/132 256/290/132
f 206/240/106 838/238/106 204/238/106
f 224/258/115 847/256/115 222/256/115
f 242/276/124 856/274/124 240/274/124
f 830/632/211 869/633/211 831/290/211
f 869/633/212 863/288/212 864/290/212
f 828/634/213 866/236/213 870/238/213
f 866/236/214 838/238/214 870/238/214
f 824/254/215 871/635/215 825/635/215
f 867/254/216 847/256/216 871/635/216
f 821/272/217 872/636/217 822/636/217
f 868/272/218 856/274/218 872/636/218
f 831/290/219 873/637/219 819/638/219
f 869/633/220 834/631/220 873/637/220
f 818/240/221 870/238/221 874/240/221
f 870/238/222 839/240/222 874/240/222
f 825/635/223 875/639/223 816/639/223
f 875/639/224 847/256/224 848/258/224
f 815/276/225 872/636/225 876/276/225
f 872/636/226 857/276/226 876/276/226
f 813/242/227 874/240/227 877/640/227
f 874/240/228 840/242/228 877/640/228
f 816/639/229 878/641/229 812/641/229
f 875/639/230 849/260/230 878/641/230
f 810/642/231 876/276/231 879/642/231
f 879/642/232 857/276/232 858/278/232
f 813/242/233 880/244/233 809/244/233
f 877/640/234 841/244/234 880/244/234
f 807/643/235 878/641/235 881/643/235
f 878/641/236 850/262/236 881/643/236
f 810/642/237 882/644/237 806/645/237
f 879/642/238 859/280/238 882/644/238
f 809/244/239 883/646/239 804/246/239
f 883/646/240 841/244/240 842/246/240
f 807/643/241 884/647/241 803/647/241
f 884/647/242 850/262/242 851/264/242
f 801/648/243 873/649/243 885/650/243
f 873/649/244 833/230/244 885/650/244
f 806/645/245 886/282/245 800/282/245
f 886/282/246 859/280/246 860/282/246
f 804/246/247 887/651/247 798/651/247
f 883/646/248 843/248/248 887/651/248
f 803/647/249 888/652/249 797/652/249
f 888/652/250 851/264/250 852/266/250
f 800/282/251 889/284/251 795/284/251
f 889/284/252 860/282/252 861/284/252
f 801/648/253 890/653/253 794/654/253
f 890/653/254 833/230/254 835/232/254
f 798/651/255 891/655/255 792/655/255
f 887/651/256 844/250/256 891/655/256
f 791/656/257 888/652/257 892/656/257
f 888/652/258 853/268/258 892/656/258
f 795/284/259 893/657/259 789/658/259
f 893/657/260 861/284/260 862/286/260
f 788/659/261 890/653/261 894/234/261
f 894/234/262 835/232/262 836/234/262
f 786/252/263 891/655/263 895/252/263
f 895/252/264 844/250/264 845/252/264
f 785/270/265 892/656/265 896/660/265
f 892/656/266 854/270/266 896/660/266
f 789/658/267 865/632/267 830/632/267
f 893/657/268 863/288/268 865/632/268
f 827/236/269 894/234/269 866/236/269
f 894/234/270 837/236/270 866/236/270
f 786/252/271 867/254/271 824/254/271
f 867/254/272 845/252/272 846/254/272
f 785/270/273 868/272/273 821/272/273
f 896/660/274 855/272/274 868/272/274
f 900/661/275 899/230/275 898/662/275
f 902/663/276 897/664/276 899/230/276
f 904/665/277 899/230/277 905/232/277
f 899/230/278 903/232/278 905/232/278
f 907/666/279 905/232/279 908/234/279
f 905/232/280 906/234/280 908/234/280
f 910/667/281 908/234/281 911/236/281
f 908/234/282 909/236/282 911/236/282
f 913/668/283 911/236/283 914/238/283
f 914/238/284 909/236/284 912/238/284
f 913/668/285 917/240/285 916/669/285
f 917/240/286 912/238/286 915/240/286
f 916/669/287 920/242/287 919/670/287
f 920/242/288 915/240/288 918/242/288
f 919/670/289 923/244/289 922/671/289
f 920/242/290 921/244/290 923/244/290
f 925/672/291 923/244/291 926/246/291
f 926/246/292 921/244/292 924/246/292
f 925/672/293 929/248/293 928/673/293
f 926/246/294 927/674/294 929/248/294
f 931/675/295 929/248/295 932/250/295
f 929/248/296 930/676/296 932/250/296
f 934/677/297 932/250/297 935/252/297
f 932/250/298 933/252/298 935/252/298
f 937/678/299 935/252/299 938/254/299
f 938/254/300 933/252/300 936/254/300
f 940/679/301 938/254/301 941/256/301
f 938/254/302 939/256/302 941/256/302
f 940/679/303 944/258/303 943/680/303
f 944/258/304 939/256/304 942/258/304
f 946/681/305 944/258/305 947/260/305
f 947/260/306 942/258/306 945/260/306
f 946/681/307 950/262/307 949/682/307
f 947/260/308 948/683/308 950/262/308
f 949/682/309 953/264/309 952/684/309
f 950/262/310 951/264/310 953/264/310
f 952/684/311 956/266/311 955/685/311
f 953/264/312 954/652/312 956/266/312
f 958/686/313 956/266/313 959/268/313
f 956/266/314 957/268/314 959/268/314
f 958/686/315 962/270/315 961/687/315
f 962/270/316 957/268/316 960/270/316
f 961/687/317 965/272/317 964/688/317
f 962/270/318 963/272/318 965/272/318
f 967/689/319 965/272/319 968/274/319
f 968/274/320 963/272/320 966/690/320
f 967/689/321 971/276/321 970/691/321
f 968/274/322 969/276/322 971/276/322
f 970/691/323 974/278/323 973/692/323
f 974/278/324 969/276/324 972/642/324
f 976/693/325 974/278/325 977/280/325
f 974/278/326 975/694/326 977/280/326
f 979/695/327 977/280/327 980/282/327
f 977/280/328 978/282/328 980/282/328
f 979/695/329 983/284/329 982/696/329
f 983/284/330 978/282/330 981/284/330
f 985/697/331 983/284/331 986/698/331
f 986/698/332 981/284/332 984/286/332
f 988/699/333 986/698/333 989/700/333
f 986/698/334 987/288/334 989/700/334
f 988/699/335 992/701/335 991/702/335
f 992/701/336 987/288/336 990/290/336
f 900/703/337 992/701/337 902/704/337
f 902/704/338 990/290/338 901/705/338
f 801/648/133 901/706/133 819/707/133
f 898/662/118 261/363/118 259/226/118
f 794/654/133 897/664/133 801/648/133
f 900/661/117 259/226/117 258/228/117
f 991/702/116 258/289/116 319/287/116
f 831/290/133 901/705/133 990/290/133
f 904/665/119 263/231/119 261/363/119
f 794/654/133 906/234/133 903/232/133
f 907/666/120 385/583/120 263/231/120
f 827/236/133 906/234/133 788/659/133
f 910/667/121 420/610/121 385/583/121
f 827/236/133 912/238/133 909/236/133
f 913/668/122 418/237/122 420/610/122
f 818/240/133 912/238/133 828/634/133
f 916/669/123 416/607/123 418/237/123
f 813/242/133 915/240/133 818/240/133
f 919/670/124 414/606/124 416/607/124
f 809/244/133 918/242/133 813/242/133
f 922/671/125 412/605/125 414/606/125
f 804/246/133 921/244/133 809/244/133
f 925/672/126 410/604/126 412/605/126
f 804/246/133 927/674/133 924/246/133
f 928/673/127 408/247/127 410/604/127
f 792/655/133 927/674/133 798/651/133
f 931/675/128 387/342/128 408/247/128
f 786/252/133 930/676/133 792/655/133
f 934/677/129 283/251/129 387/342/129
f 824/254/133 933/252/133 786/252/133
f 937/678/130 285/337/130 283/251/130
f 825/635/133 936/254/133 824/254/133
f 940/679/131 287/334/131 285/337/131
f 816/639/133 939/256/133 825/635/133
f 943/680/132 289/257/132 287/334/132
f 816/639/133 945/260/133 942/258/133
f 946/681/101 291/329/101 289/257/101
f 807/643/133 945/260/133 812/641/133
f 949/682/102 293/261/102 291/329/102
f 803/647/133 948/683/133 807/643/133
f 952/684/103 295/263/103 293/261/103
f 803/647/133 954/652/133 951/264/133
f 955/685/104 389/324/104 295/263/104
f 791/656/133 954/652/133 797/652/133
f 958/686/105 406/600/105 389/324/105
f 791/656/133 960/270/133 957/268/133
f 406/600/106 964/688/106 404/597/106
f 821/272/133 960/270/133 785/270/133
f 964/688/107 402/596/107 404/597/107
f 822/636/133 963/272/133 821/272/133
f 402/596/108 970/691/108 400/595/108
f 822/636/133 969/276/133 966/690/133
f 970/691/109 398/594/109 400/595/109
f 815/276/133 972/642/133 969/276/133
f 973/692/110 396/593/110 398/594/110
f 810/642/133 975/694/133 972/642/133
f 976/693/111 394/591/111 396/593/111
f 806/645/133 978/282/133 975/694/133
f 979/695/112 391/588/112 394/591/112
f 795/284/133 978/282/133 800/282/133
f 982/696/113 315/301/113 391/588/113
f 789/658/133 981/284/133 795/284/133
f 985/697/114 317/285/114 315/301/114
f 830/632/133 984/286/133 789/658/133
f 988/699/115 319/287/115 317/285/115
f 831/290/133 987/288/133 830/632/133
f 519/460/339 994/478/339 993/708/339
f 993/708/340 195/478/340 193/479/340
f 460/461/341 994/478/341 458/459/341
f 995/482/342 195/478/342 994/478/342
f 462/462/343 995/482/343 460/461/343
f 996/481/344 197/482/344 995/482/344
f 604/463/345 996/481/345 462/462/345
f 997/483/346 199/481/346 996/481/346
f 607/486/347 997/483/347 604/463/347
f 998/484/348 201/483/348 997/483/348
f 607/486/349 999/485/349 998/484/349
f 998/484/350 205/485/350 203/484/350
f 611/490/351 999/485/351 609/488/351
f 999/485/352 207/487/352 205/485/352
f 613/492/353 1000/487/353 611/490/353
f 1001/489/354 207/487/354 1000/487/354
f 615/622/355 1001/489/355 613/492/355
f 1001/489/356 211/491/356 209/489/356
f 615/622/357 1003/493/357 1002/491/357
f 1003/493/358 211/491/358 1002/491/358
f 619/498/359 1003/493/359 617/496/359
f 1004/495/360 213/493/360 1003/493/360
f 606/465/361 1004/495/361 619/498/361
f 1004/495/362 217/497/362 215/495/362
f 482/464/363 1005/497/363 606/465/363
f 1005/497/364 219/499/364 217/497/364
f 484/466/365 1006/499/365 482/464/365
f 1007/500/366 219/499/366 1006/499/366
f 486/467/367 1007/500/367 484/466/367
f 1008/501/368 221/500/368 1007/500/368
f 488/468/369 1008/501/369 486/467/369
f 1008/501/370 225/502/370 223/501/370
f 490/469/371 1009/502/371 488/468/371
f 1010/503/372 225/502/372 1009/502/372
f 490/469/373 1011/505/373 1010/503/373
f 1010/503/374 229/505/374 227/503/374
f 494/471/375 1011/505/375 492/470/375
f 1011/505/376 231/506/376 229/505/376
f 586/472/377 1012/506/377 494/471/377
f 1013/507/378 231/506/378 1012/506/378
f 589/511/379 1013/507/379 586/472/379
f 1014/509/380 233/507/380 1013/507/380
f 591/513/381 1014/509/381 589/511/381
f 1015/510/382 235/509/382 1014/509/382
f 593/515/383 1015/510/383 591/513/383
f 1016/512/384 237/510/384 1015/510/384
f 595/517/385 1016/512/385 593/515/385
f 1017/514/386 239/512/386 1016/512/386
f 597/627/387 1017/514/387 595/517/387
f 1018/519/388 241/514/388 1017/514/388
f 599/521/389 1018/519/389 597/627/389
f 1019/518/390 243/519/390 1018/519/390
f 601/523/391 1019/518/391 599/521/391
f 1020/520/392 245/518/392 1019/518/392
f 588/474/393 1020/520/393 601/523/393
f 1020/520/394 249/522/394 247/520/394
f 514/473/395 1021/522/395 588/474/395
f 1022/709/396 249/522/396 1021/522/396
f 516/475/397 1022/709/397 514/473/397
f 1022/709/398 253/526/398 251/524/398
f 518/476/399 1023/526/399 516/475/399
f 1024/527/400 253/526/400 1023/526/400
f 519/477/401 1024/527/401 518/476/401
f 993/710/402 255/527/402 1024/527/402
f 323/226/101 196/230/101 194/227/101
f 325/229/102 198/232/102 196/230/102
f 327/231/103 200/234/103 198/232/103
f 439/233/104 202/236/104 200/234/104
f 456/235/105 204/238/105 202/236/105
f 454/237/106 206/240/106 204/238/106
f 452/239/107 208/242/107 206/240/107
f 450/241/108 210/244/108 208/242/108
f 448/243/109 212/246/109 210/244/109
f 446/245/110 214/248/110 212/246/110
f 444/247/111 216/250/111 214/248/111
f 441/249/112 218/252/112 216/250/112
f 347/251/113 220/254/113 218/252/113
f 349/253/114 222/256/114 220/254/114
f 351/255/115 224/258/115 222/256/115
f 353/257/116 226/260/116 224/258/116
f 355/259/117 228/262/117 226/260/117
f 357/261/118 230/264/118 228/262/118
f 359/263/119 232/266/119 230/264/119
f 421/265/120 234/268/120 232/266/120
f 438/267/121 236/270/121 234/268/121
f 436/269/122 238/272/122 236/270/122
f 434/271/123 240/274/123 238/272/123
f 432/273/124 242/276/124 240/274/124
f 430/275/125 244/278/125 242/276/125
f 428/277/126 246/280/126 244/278/126
f 426/279/127 248/282/127 246/280/127
f 423/281/128 250/284/128 248/282/128
f 379/283/129 252/286/129 250/284/129
f 381/285/130 254/288/130 252/286/130
f 383/287/131 256/290/131 254/288/131
f 322/289/132 194/631/132 256/290/132
f 320/291/116 257/294/116 520/292/116
f 319/287/116 258/289/116 257/294/116
f 318/295/115 320/291/115 517/293/115
f 317/285/115 319/287/115 320/291/115
f 316/297/114 318/295/114 515/296/114
f 316/297/114 315/301/114 317/285/114
f 392/299/113 316/297/113 513/298/113
f 392/299/113 391/588/113 315/301/113
f 393/302/112 392/299/112 587/300/112
f 395/304/111 393/302/111 602/303/111
f 397/306/110 395/304/110 600/305/110
f 399/308/109 397/306/109 598/307/109
f 401/310/108 399/308/108 596/309/108
f 403/312/107 401/310/107 594/311/107
f 405/314/106 403/312/106 592/313/106
f 378/316/133 314/321/133 312/317/133
f 390/318/105 405/314/105 590/315/105
f 377/320/134 313/445/134 314/321/134
f 296/322/104 390/318/104 585/319/104
f 296/322/104 295/263/104 389/324/104
f 294/325/103 296/322/103 493/323/103
f 294/325/103 293/261/103 295/263/103
f 292/327/102 294/325/102 491/326/102
f 291/329/102 293/261/102 294/325/102
f 290/330/101 292/327/101 489/328/101
f 289/257/101 291/329/101 292/327/101
f 288/332/132 290/330/132 487/331/132
f 287/334/132 289/257/132 290/330/132
f 286/335/131 288/332/131 485/333/131
f 285/337/131 287/334/131 288/332/131
f 284/338/130 286/335/130 483/336/130
f 283/251/130 285/337/130 286/335/130
f 388/340/129 284/338/129 481/339/129
f 387/342/129 283/251/129 284/338/129
f 407/343/128 388/340/128 605/341/128
f 409/345/127 407/343/127 620/344/127
f 411/347/126 409/345/126 618/346/126
f 413/349/125 411/347/125 616/348/125
f 415/351/124 413/349/124 614/350/124
f 417/353/123 415/351/123 612/352/123
f 419/355/122 417/353/122 610/354/122
f 386/357/121 419/355/121 608/356/121
f 264/359/120 386/357/120 603/358/120
f 263/231/120 385/583/120 386/357/120
f 262/361/119 264/359/119 461/360/119
f 261/363/119 263/231/119 264/359/119
f 260/364/118 262/361/118 459/362/118
f 259/226/118 261/363/118 262/361/118
f 257/366/117 260/364/117 457/365/117
f 258/228/117 259/226/117 260/364/117
f 584/368/132 321/294/132 384/369/132
f 384/369/132 321/294/132 322/289/132
f 581/370/131 384/369/131 382/371/131
f 382/371/131 384/369/131 383/287/131
f 579/372/130 382/371/130 380/297/130
f 382/371/130 381/285/130 379/283/130
f 577/373/129 380/297/129 424/374/129
f 380/297/129 379/283/129 423/281/129
f 627/375/128 424/374/128 425/302/128
f 656/303/127 425/302/127 427/304/127
f 654/305/126 427/304/126 429/306/126
f 652/376/125 429/306/125 431/308/125
f 648/377/124 650/309/124 431/308/124
f 646/313/123 648/377/123 433/310/123
f 646/313/122 435/312/122 437/314/122
f 644/315/121 437/314/121 422/378/121
f 625/379/120 422/378/120 360/380/120
f 360/380/120 422/378/120 421/265/120
f 557/381/119 360/380/119 358/325/119
f 360/380/119 359/263/119 357/261/119
f 555/326/118 358/325/118 356/382/118
f 356/382/118 358/325/118 357/261/118
f 553/383/117 356/382/117 354/330/117
f 356/382/117 355/259/117 353/257/117
f 551/331/116 354/330/116 352/384/116
f 354/330/116 353/257/116 351/255/116
f 549/385/115 352/384/115 350/335/115
f 352/384/115 351/255/115 349/253/115
f 547/336/114 350/335/114 348/386/114
f 350/335/114 349/253/114 347/251/114
f 545/387/113 348/386/113 442/340/113
f 348/386/113 347/251/113 441/249/113
f 623/341/112 442/340/112 443/343/112
f 333/388/135 269/388/135 271/389/135
f 642/344/111 443/343/111 445/345/111
f 337/391/135 335/390/135 271/389/135
f 640/346/110 445/345/110 447/347/110
f 337/391/135 273/392/135 275/394/135
f 638/393/109 447/347/109 449/396/109
f 339/395/135 275/394/135 277/398/135
f 636/397/108 449/396/108 451/400/108
f 343/402/135 341/399/135 277/398/135
f 634/401/107 451/400/107 453/353/107
f 343/402/135 279/402/135 281/403/135
f 632/354/106 453/353/106 455/355/106
f 346/405/136 345/404/136 281/403/136
f 630/356/105 455/355/105 440/357/105
f 266/408/137 265/454/137 329/409/137
f 621/407/104 440/357/104 328/411/104
f 440/357/104 439/233/104 327/231/104
f 525/412/103 328/411/103 326/413/103
f 326/413/103 328/411/103 327/231/103
f 523/414/102 326/413/102 324/415/102
f 326/413/102 325/229/102 323/226/102
f 521/416/101 324/415/101 321/366/101
f 324/415/101 323/226/101 322/228/101
f 300/418/133 677/418/133 662/419/133
f 299/420/135 678/420/135 676/421/135
f 300/418/133 302/422/133 675/422/133
f 301/421/135 676/421/135 674/423/135
f 304/424/133 673/424/133 675/422/133
f 303/423/135 674/423/135 672/425/135
f 306/426/133 671/426/133 673/424/133
f 305/425/135 672/425/135 670/427/135
f 306/426/133 308/428/133 669/428/133
f 307/427/135 670/427/135 668/429/135
f 310/430/133 667/430/133 669/428/133
f 309/429/135 668/429/135 666/431/135
f 312/317/133 665/317/133 667/430/133
f 362/432/121 361/443/121 421/265/121
f 378/316/128 424/374/128 423/281/128
f 378/316/128 376/317/128 425/302/128
f 377/320/128 423/281/128 426/279/128
f 374/430/127 427/304/127 425/302/127
f 375/433/127 426/279/127 428/277/127
f 372/428/126 429/306/126 427/304/126
f 373/434/126 428/277/126 430/275/126
f 372/428/125 370/426/125 431/308/125
f 371/435/125 430/275/125 432/273/125
f 368/437/124 433/310/124 431/308/124
f 369/436/124 432/273/124 434/271/124
f 366/439/123 435/312/123 433/310/123
f 367/438/123 434/271/123 436/269/123
f 364/441/122 437/314/122 435/312/122
f 365/440/122 436/269/122 438/267/122
f 362/432/121 422/378/121 437/314/121
f 361/443/121 363/442/121 438/267/121
f 376/317/133 312/317/133 310/430/133
f 372/428/133 374/430/133 310/430/133
f 370/426/133 372/428/133 308/428/133
f 368/437/133 370/426/133 306/426/133
f 366/439/133 368/437/133 304/424/133
f 364/441/133 366/439/133 302/422/133
f 298/419/133 362/432/133 364/441/133
f 297/444/138 361/443/138 362/432/138
f 375/433/135 311/431/135 313/445/135
f 309/429/135 311/431/135 375/433/135
f 371/435/135 307/427/135 309/429/135
f 369/436/135 305/425/135 307/427/135
f 367/438/135 303/423/135 305/425/135
f 365/440/135 301/421/135 303/423/135
f 363/442/135 299/420/135 301/421/135
f 363/442/135 361/443/135 297/444/135
f 329/409/105 439/233/105 440/357/105
f 346/405/112 442/340/112 441/249/112
f 346/405/112 344/447/112 443/343/112
f 345/404/112 441/249/112 444/247/112
f 342/446/111 445/345/111 443/343/111
f 343/402/111 444/247/111 446/245/111
f 340/448/110 447/347/110 445/345/110
f 341/399/110 446/245/110 448/243/110
f 340/448/109 338/450/109 449/396/109
f 339/395/109 448/243/109 450/241/109
f 336/449/108 451/400/108 449/396/108
f 337/391/108 450/241/108 452/239/108
f 334/451/107 453/353/107 451/400/107
f 335/390/107 452/239/107 454/237/107
f 332/452/106 455/355/106 453/353/106
f 333/388/106 454/237/106 456/235/106
f 330/410/105 440/357/105 455/355/105
f 329/409/105 331/453/105 456/235/105
f 331/453/135 267/453/135 269/388/135
f 331/453/135 329/409/135 265/454/135
f 332/452/133 268/452/133 266/408/133
f 334/451/133 270/451/133 268/452/133
f 336/449/133 272/455/133 270/451/133
f 338/450/133 274/456/133 272/455/133
f 338/450/133 340/448/133 276/448/133
f 342/446/133 278/457/133 276/448/133
f 344/447/133 280/458/133 278/457/133
f 344/447/133 346/405/133 282/406/133
f 520/367/117 457/365/117 458/459/117
f 457/365/118 459/362/118 460/461/118
f 459/362/119 461/360/119 462/462/119
f 461/360/120 603/358/120 604/463/120
f 605/341/129 481/339/129 482/464/129
f 481/339/130 483/336/130 484/466/130
f 483/336/131 485/333/131 486/467/131
f 485/333/132 487/331/132 488/468/132
f 487/331/101 489/328/101 490/469/101
f 489/328/102 491/326/102 492/470/102
f 491/326/103 493/323/103 494/471/103
f 493/323/104 585/319/104 586/472/104
f 587/300/113 513/298/113 514/473/113
f 513/298/114 515/296/114 516/475/114
f 515/296/115 517/293/115 518/476/115
f 517/293/116 520/292/116 519/477/116
f 195/478/101 522/459/101 583/460/101
f 522/459/101 521/416/101 584/417/101
f 195/478/102 197/482/102 524/480/102
f 524/480/102 523/414/102 521/416/102
f 199/481/103 526/462/103 524/480/103
f 526/462/103 525/412/103 523/414/103
f 201/483/104 622/463/104 526/462/104
f 622/463/104 621/407/104 525/412/104
f 203/484/105 629/486/105 622/463/105
f 205/485/106 631/488/106 629/486/106
f 207/487/107 633/490/107 631/488/107
f 209/489/108 635/492/108 633/490/108
f 211/491/109 637/494/109 635/492/109
f 213/493/110 639/496/110 637/494/110
f 215/495/111 641/498/111 639/496/111
f 217/497/112 624/465/112 641/498/112
f 219/499/113 546/464/113 624/465/113
f 546/464/113 545/387/113 623/341/113
f 221/500/114 548/466/114 546/464/114
f 548/466/114 547/336/114 545/387/114
f 223/501/115 550/467/115 548/466/115
f 550/467/115 549/385/115 547/336/115
f 225/502/116 552/468/116 550/467/116
f 552/468/116 551/331/116 549/385/116
f 227/503/117 554/504/117 552/468/117
f 554/504/117 553/383/117 551/331/117
f 229/505/118 556/470/118 554/504/118
f 556/470/118 555/326/118 553/383/118
f 231/506/119 558/471/119 556/470/119
f 558/471/119 557/381/119 555/326/119
f 233/507/120 626/508/120 558/471/120
f 626/508/120 625/379/120 557/381/120
f 235/509/121 643/511/121 626/508/121
f 237/510/122 645/513/122 643/511/122
f 239/512/123 647/515/123 645/513/123
f 241/514/124 649/517/124 647/515/124
f 241/514/125 243/519/125 651/516/125
f 245/518/126 653/521/126 651/516/126
f 247/520/127 655/523/127 653/521/127
f 249/522/128 628/474/128 655/523/128
f 251/524/129 578/525/129 628/474/129
f 578/525/129 577/373/129 627/375/129
f 253/526/130 580/475/130 578/525/130
f 580/475/130 579/372/130 577/373/130
f 255/527/131 582/476/131 580/475/131
f 582/476/131 581/370/131 579/372/131
f 255/527/132 193/711/132 583/477/132
f 582/476/132 583/477/132 584/368/132
f 311/431/135 666/431/135 663/445/135
f 312/317/133 314/321/133 664/321/133
f 509/528/135 710/528/135 695/529/135
f 313/445/104 663/445/104 664/321/104
f 510/530/133 512/531/133 696/531/133
f 298/419/113 662/419/113 661/444/113
f 509/528/135 507/532/135 708/532/135
f 281/403/120 659/403/120 660/406/120
f 510/530/133 709/530/133 707/533/133
f 266/408/129 658/408/129 657/454/129
f 505/534/135 706/534/135 708/532/135
f 506/535/133 508/533/133 707/533/133
f 503/536/135 704/536/135 706/534/135
f 504/537/133 506/535/133 705/535/133
f 501/538/135 702/538/135 704/536/135
f 504/537/133 703/537/133 701/539/133
f 499/540/135 700/540/135 702/538/135
f 502/539/133 701/539/133 699/541/133
f 497/542/135 698/542/135 700/540/135
f 500/541/133 699/541/133 697/543/133
f 497/542/135 495/544/135 693/544/135
f 498/543/133 697/543/133 694/545/133
f 477/546/135 728/546/135 713/547/135
f 511/529/104 695/529/104 696/531/104
f 527/548/105 621/407/105 622/463/105
f 544/550/112 624/465/112 623/341/112
f 559/552/121 625/379/121 626/508/121
f 576/554/128 628/474/128 627/375/128
f 528/549/105 622/463/105 629/486/105
f 527/548/105 529/559/105 630/356/105
f 530/556/106 629/486/106 631/488/106
f 531/558/106 632/354/106 630/356/106
f 532/557/107 631/488/107 633/490/107
f 533/561/107 634/401/107 632/354/107
f 534/560/108 633/490/108 635/492/108
f 535/563/108 636/397/108 634/401/108
f 536/562/109 635/492/109 637/494/109
f 537/565/109 638/393/109 636/397/109
f 538/564/110 637/494/110 639/496/110
f 539/567/110 640/346/110 638/393/110
f 540/566/111 639/496/111 641/498/111
f 541/546/111 642/344/111 640/346/111
f 544/550/112 542/568/112 641/498/112
f 543/551/112 623/341/112 642/344/112
f 560/553/121 626/508/121 643/511/121
f 559/552/121 561/542/121 644/315/121
f 562/543/122 643/511/122 645/513/122
f 563/540/122 646/313/122 644/315/122
f 564/541/123 645/513/123 647/515/123
f 565/570/123 648/377/123 646/313/123
f 566/569/124 647/515/124 649/517/124
f 567/536/124 650/309/124 648/377/124
f 568/537/125 649/517/125 651/516/125
f 569/572/125 652/376/125 650/309/125
f 570/571/126 651/516/126 653/521/126
f 571/532/126 654/305/126 652/376/126
f 572/533/127 653/521/127 655/523/127
f 573/573/127 656/303/127 654/305/127
f 576/554/128 574/530/128 655/523/128
f 575/555/128 627/375/128 656/303/128
f 463/574/137 527/548/137 528/549/137
f 544/550/136 543/551/136 479/547/136
f 530/556/133 466/556/133 464/575/133
f 530/556/133 532/557/133 468/577/133
f 532/557/133 534/560/133 470/560/133
f 536/562/133 472/562/133 470/560/133
f 538/564/133 474/578/133 472/562/133
f 540/566/133 476/566/133 474/578/133
f 542/568/133 478/568/133 476/566/133
f 544/550/133 480/576/133 478/568/133
f 541/546/135 477/546/135 479/547/135
f 541/546/135 539/567/135 475/567/135
f 537/565/135 473/579/135 475/567/135
f 535/563/135 471/581/135 473/579/135
f 535/563/135 533/561/135 469/580/135
f 531/558/135 467/558/135 469/580/135
f 529/559/135 465/559/135 467/558/135
f 527/548/135 463/574/135 465/559/135
f 495/544/138 559/552/138 560/553/138
f 576/554/134 575/555/134 511/529/134
f 562/543/133 498/543/133 496/545/133
f 562/543/133 564/541/133 500/541/133
f 566/569/133 502/539/133 500/541/133
f 568/537/133 504/537/133 502/539/133
f 568/537/133 570/571/133 506/535/133
f 572/533/133 508/533/133 506/535/133
f 574/530/133 510/530/133 508/533/133
f 574/530/133 576/554/133 512/531/133
f 575/555/135 573/573/135 509/528/135
f 573/573/135 571/532/135 507/532/135
f 569/572/135 505/534/135 507/532/135
f 567/536/135 503/536/135 505/534/135
f 565/570/135 501/538/135 503/536/135
f 563/540/135 499/540/135 501/538/135
f 561/542/135 497/542/135 499/540/135
f 561/542/135 559/552/135 495/544/135
f 299/420/135 297/444/135 661/444/135
f 280/458/133 282/406/133 660/406/133
f 279/402/135 680/402/135 659/403/135
f 280/458/133 679/458/133 681/457/133
f 464/575/129 712/575/129 711/574/129
f 277/398/135 682/398/135 680/402/135
f 479/547/120 713/547/120 714/576/120
f 276/448/133 278/457/133 681/457/133
f 466/556/133 715/556/133 712/575/133
f 275/394/135 684/394/135 682/398/135
f 465/559/135 463/574/135 711/574/135
f 276/448/133 683/448/133 685/456/133
f 468/577/133 717/577/133 715/556/133
f 273/392/135 686/392/135 684/394/135
f 465/559/135 716/559/135 718/558/135
f 274/456/133 685/456/133 687/455/133
f 470/560/133 719/560/133 717/577/133
f 273/392/135 271/389/135 688/389/135
f 469/580/135 467/558/135 718/558/135
f 272/455/133 687/455/133 689/451/133
f 472/562/133 721/562/133 719/560/133
f 269/388/135 690/388/135 688/389/135
f 471/581/135 469/580/135 720/580/135
f 268/452/133 270/451/133 689/451/133
f 474/578/133 723/578/133 721/562/133
f 267/453/135 692/453/135 690/388/135
f 471/581/135 722/581/135 724/579/135
f 268/452/133 691/452/133 658/408/133
f 476/566/133 725/566/133 723/578/133
f 267/453/135 265/454/135 657/454/135
f 473/579/135 724/579/135 726/567/135
f 478/568/133 727/568/133 725/566/133
f 477/546/135 475/567/135 726/567/135
f 496/545/113 694/545/113 693/544/113
f 478/568/133 480/576/133 714/576/133
f 658/408/139 730/611/139 729/582/139
f 729/582/140 730/611/140 386/357/140
f 388/340/141 732/585/141 731/584/141
f 732/585/142 660/406/142 659/403/142
f 662/419/143 734/601/143 733/586/143
f 733/586/144 734/601/144 390/318/144
f 392/299/145 736/589/145 735/587/145
f 736/589/146 664/321/146 663/445/146
f 664/321/403 736/589/403 737/590/403
f 736/589/404 392/299/404 393/302/404
f 394/591/405 391/588/405 735/587/405
f 738/592/406 735/587/406 663/445/406
f 667/430/151 665/317/151 737/590/151
f 739/304/152 737/590/152 393/302/152
f 394/591/153 738/592/153 740/593/153
f 738/592/154 666/431/154 668/429/154
f 669/428/155 667/430/155 739/304/155
f 739/304/156 395/304/156 397/306/156
f 396/593/157 740/593/157 742/594/157
f 742/594/158 740/593/158 668/429/158
f 669/428/159 741/306/159 743/308/159
f 741/306/160 397/306/160 399/308/160
f 400/595/161 398/594/161 742/594/161
f 742/594/162 670/427/162 672/425/162
f 673/424/163 671/426/163 743/308/163
f 743/308/164 399/308/164 401/310/164
f 400/595/165 744/595/165 746/596/165
f 744/595/166 672/425/166 674/423/166
f 673/424/167 745/310/167 747/312/167
f 745/310/168 401/310/168 403/312/168
f 402/596/169 746/596/169 748/597/169
f 748/597/170 746/596/170 674/423/170
f 675/422/171 747/312/171 749/598/171
f 747/312/172 403/312/172 405/314/172
f 404/597/173 748/597/173 750/599/173
f 748/597/174 676/421/174 678/420/174
f 662/419/407 677/418/407 749/598/407
f 734/601/408 749/598/408 405/314/408
f 406/600/409 750/599/409 733/586/409
f 750/599/410 678/420/410 661/444/410
f 660/406/411 732/585/411 751/602/411
f 732/585/412 388/340/412 407/343/412
f 408/247/413 387/342/413 731/584/413
f 752/603/414 731/584/414 659/403/414
f 681/457/183 679/458/183 751/602/183
f 753/345/184 751/602/184 407/343/184
f 410/604/185 408/247/185 752/603/185
f 752/603/186 680/402/186 682/398/186
f 681/457/187 753/345/187 755/347/187
f 753/345/188 409/345/188 411/347/188
f 412/605/189 410/604/189 754/604/189
f 754/604/190 682/398/190 684/394/190
f 683/448/191 755/347/191 757/349/191
f 755/347/192 411/347/192 413/349/192
f 412/605/193 756/605/193 758/606/193
f 758/606/194 756/605/194 684/394/194
f 685/456/195 757/349/195 759/351/195
f 759/351/196 757/349/196 413/349/196
f 414/606/197 758/606/197 760/607/197
f 758/606/198 686/392/198 688/389/198
f 689/451/199 687/455/199 759/351/199
f 759/351/200 415/351/200 417/353/200
f 418/237/201 416/607/201 760/607/201
f 760/607/202 688/389/202 690/388/202
f 689/451/203 761/353/203 763/608/203
f 761/353/204 417/353/204 419/355/204
f 418/237/205 762/237/205 764/609/205
f 762/237/206 690/388/206 692/453/206
f 658/408/415 691/452/415 763/608/415
f 730/611/416 763/608/416 419/355/416
f 420/610/417 764/609/417 729/582/417
f 764/609/418 692/453/418 657/454/418
f 712/575/139 766/613/139 765/612/139
f 766/613/140 604/463/140 603/358/140
f 606/465/141 768/615/141 767/614/141
f 768/615/142 714/576/142 713/547/142
f 694/545/143 770/617/143 769/616/143
f 770/617/144 586/472/144 585/319/144
f 588/474/145 772/619/145 771/618/145
f 772/619/146 696/531/146 695/529/146
f 712/575/415 715/556/415 773/620/415
f 766/613/416 773/620/416 607/486/416
f 608/356/417 774/621/417 765/612/417
f 774/621/418 716/559/418 711/574/418
f 717/577/203 775/488/203 773/620/203
f 773/620/204 775/488/204 609/488/204
f 608/356/205 610/354/205 776/354/205
f 776/354/206 718/558/206 716/559/206
f 719/560/199 777/490/199 775/488/199
f 775/488/200 777/490/200 611/490/200
f 612/352/201 778/352/201 776/354/201
f 778/352/202 720/580/202 718/558/202
f 719/560/195 721/562/195 779/492/195
f 779/492/196 613/492/196 611/490/196
f 612/352/197 614/350/197 780/350/197
f 780/350/198 722/581/198 720/580/198
f 723/578/191 781/622/191 779/492/191
f 781/622/192 615/622/192 613/492/192
f 616/348/193 782/348/193 780/350/193
f 782/348/194 724/579/194 722/581/194
f 723/578/187 725/566/187 783/496/187
f 783/496/188 617/496/188 615/622/188
f 618/346/189 784/346/189 782/348/189
f 784/346/190 726/567/190 724/579/190
f 725/566/183 727/568/183 787/623/183
f 783/496/184 787/623/184 619/498/184
f 620/344/185 790/624/185 784/346/185
f 784/346/186 790/624/186 728/546/186
f 714/576/411 768/615/411 787/623/411
f 768/615/412 606/465/412 619/498/412
f 620/344/413 605/341/413 767/614/413
f 790/624/414 767/614/414 713/547/414
f 694/545/407 697/543/407 793/625/407
f 770/617/408 793/625/408 589/511/408
f 590/315/409 796/626/409 769/616/409
f 796/626/410 698/542/410 693/544/410
f 699/541/171 799/513/171 793/625/171
f 793/625/172 799/513/172 591/513/172
f 590/315/173 592/313/173 802/313/173
f 802/313/174 700/540/174 698/542/174
f 701/539/167 805/515/167 799/513/167
f 805/515/168 593/515/168 591/513/168
f 594/311/169 808/311/169 802/313/169
f 808/311/170 702/538/170 700/540/170
f 701/539/163 703/537/163 811/517/163
f 811/517/164 595/517/164 593/515/164
f 596/309/165 814/309/165 808/311/165
f 814/309/166 704/536/166 702/538/166
f 705/535/159 817/627/159 811/517/159
f 817/627/160 597/627/160 595/517/160
f 598/307/161 820/307/161 814/309/161
f 814/309/162 820/307/162 706/534/162
f 707/533/155 823/628/155 817/627/155
f 823/628/156 599/521/156 597/627/156
f 598/307/157 600/305/157 826/305/157
f 826/305/158 708/532/158 706/534/158
f 709/530/151 829/629/151 823/628/151
f 823/628/152 829/629/152 601/523/152
f 602/303/153 832/630/153 826/305/153
f 826/305/154 832/630/154 710/528/154
f 696/531/403 772/619/403 829/629/403
f 772/619/404 588/474/404 601/523/404
f 602/303/405 587/300/405 771/618/405
f 832/630/406 771/618/406 695/529/406
f 198/232/102 835/232/102 833/230/102
f 250/284/128 861/284/128 860/282/128
f 232/266/119 852/266/119 851/264/119
f 214/248/110 843/248/110 842/246/110
f 248/282/127 860/282/127 859/280/127
f 196/230/101 833/230/101 834/227/101
f 230/264/118 851/264/118 850/262/118
f 212/246/109 842/246/109 841/244/109
f 246/280/126 859/280/126 858/278/126
f 228/262/117 850/262/117 849/260/117
f 210/244/108 841/244/108 840/242/108
f 244/278/125 858/278/125 857/276/125
f 226/260/116 849/260/116 848/258/116
f 208/242/107 840/242/107 839/240/107
f 216/250/111 844/250/111 843/248/111
f 234/268/120 853/268/120 852/266/120
f 252/286/129 862/286/129 861/284/129
f 200/234/103 836/234/103 835/232/103
f 218/252/112 845/252/112 844/250/112
f 236/270/121 854/270/121 853/268/121
f 254/288/130 863/288/130 862/286/130
f 202/236/104 837/236/104 836/234/104
f 220/254/113 846/254/113 845/252/113
f 238/272/122 855/272/122 854/270/122
f 256/290/131 864/290/131 863/288/131
f 204/238/105 838/238/105 837/236/105
f 222/256/114 847/256/114 846/254/114
f 240/274/123 856/274/123 855/272/123
f 194/631/132 834/631/132 864/290/132
f 206/240/106 839/240/106 838/238/106
f 224/258/115 848/258/115 847/256/115
f 242/276/124 857/276/124 856/274/124
f 830/632/211 865/632/211 869/633/211
f 869/633/212 865/632/212 863/288/212
f 828/634/213 827/236/213 866/236/213
f 866/236/214 837/236/214 838/238/214
f 824/254/215 867/254/215 871/635/215
f 867/254/216 846/254/216 847/256/216
f 821/272/217 868/272/217 872/636/217
f 868/272/218 855/272/218 856/274/218
f 831/290/219 869/633/219 873/637/219
f 869/633/220 864/290/220 834/631/220
f 818/240/221 828/634/221 870/238/221
f 870/238/222 838/238/222 839/240/222
f 825/635/223 871/635/223 875/639/223
f 875/639/224 871/635/224 847/256/224
f 815/276/225 822/636/225 872/636/225
f 872/636/226 856/274/226 857/276/226
f 813/242/227 818/240/227 874/240/227
f 874/240/228 839/240/228 840/242/228
f 816/639/229 875/639/229 878/641/229
f 875/639/230 848/258/230 849/260/230
f 810/642/231 815/276/231 876/276/231
f 879/642/232 876/276/232 857/276/232
f 813/242/233 877/640/233 880/244/233
f 877/640/234 840/242/234 841/244/234
f 807/643/235 812/641/235 878/641/235
f 878/641/236 849/260/236 850/262/236
f 810/642/237 879/642/237 882/644/237
f 879/642/238 858/278/238 859/280/238
f 809/244/239 880/244/239 883/646/239
f 883/646/240 880/244/240 841/244/240
f 807/643/241 881/643/241 884/647/241
f 884/647/242 881/643/242 850/262/242
f 801/648/243 819/707/243 873/649/243
f 873/649/244 834/227/244 833/230/244
f 806/645/245 882/644/245 886/282/245
f 886/282/246 882/644/246 859/280/246
f 804/246/247 883/646/247 887/651/247
f 883/646/248 842/246/248 843/248/248
f 803/647/249 884/647/249 888/652/249
f 888/652/250 884/647/250 851/264/250
f 800/282/251 886/282/251 889/284/251
f 889/284/252 886/282/252 860/282/252
f 801/648/253 885/650/253 890/653/253
f 890/653/254 885/650/254 833/230/254
f 798/651/255 887/651/255 891/655/255
f 887/651/256 843/248/256 844/250/256
f 791/656/257 797/652/257 888/652/257
f 888/652/258 852/266/258 853/268/258
f 795/284/259 889/284/259 893/657/259
f 893/657/260 889/284/260 861/284/260
f 788/659/261 794/654/261 890/653/261
f 894/234/262 890/653/262 835/232/262
f 786/252/263 792/655/263 891/655/263
f 895/252/264 891/655/264 844/250/264
f 785/270/265 791/656/265 892/656/265
f 892/656/266 853/268/266 854/270/266
f 789/658/267 893/657/267 865/632/267
f 893/657/268 862/286/268 863/288/268
f 827/236/269 788/659/269 894/234/269
f 894/234/270 836/234/270 837/236/270
f 786/252/271 895/252/271 867/254/271
f 867/254/272 895/252/272 845/252/272
f 785/270/273 896/660/273 868/272/273
f 896/660/274 854/270/274 855/272/274
f 900/661/275 902/663/275 899/230/275
f 902/663/276 901/706/276 897/664/276
f 904/665/277 898/662/277 899/230/277
f 899/230/278 897/664/278 903/232/278
f 907/666/279 904/665/279 905/232/279
f 905/232/280 903/232/280 906/234/280
f 910/667/281 907/666/281 908/234/281
f 908/234/282 906/234/282 909/236/282
f 913/668/283 910/667/283 911/236/283
f 914/238/284 911/236/284 909/236/284
f 913/668/285 914/238/285 917/240/285
f 917/240/286 914/238/286 912/238/286
f 916/669/287 917/240/287 920/242/287
f 920/242/288 917/240/288 915/240/288
f 919/670/289 920/242/289 923/244/289
f 920/242/290 918/242/290 921/244/290
f 925/672/291 922/671/291 923/244/291
f 926/246/292 923/244/292 921/244/292
f 925/672/293 926/246/293 929/248/293
f 926/246/294 924/246/294 927/674/294
f 931/675/295 928/673/295 929/248/295
f 929/248/296 927/674/296 930/676/296
f 934/677/297 931/675/297 932/250/297
f 932/250/298 930/676/298 933/252/298
f 937/678/299 934/677/299 935/252/299
f 938/254/300 935/252/300 933/252/300
f 940/679/301 937/678/301 938/254/301
f 938/254/302 936/254/302 939/256/302
f 940/679/303 941/256/303 944/258/303
f 944/258/304 941/256/304 939/256/304
f 946/681/305 943/680/305 944/258/305
f 947/260/306 944/258/306 942/258/306
f 946/681/307 947/260/307 950/262/307
f 947/260/308 945/260/308 948/683/308
f 949/682/309 950/262/309 953/264/309
f 950/262/310 948/683/310 951/264/310
f 952/684/311 953/264/311 956/266/311
f 953/264/312 951/264/312 954/652/312
f 958/686/313 955/685/313 956/266/313
f 956/266/314 954/652/314 957/268/314
f 958/686/315 959/268/315 962/270/315
f 962/270/316 959/268/316 957/268/316
f 961/687/317 962/270/317 965/272/317
f 962/270/318 960/270/318 963/272/318
f 967/689/319 964/688/319 965/272/319
f 968/274/320 965/272/320 963/272/320
f 967/689/321 968/274/321 971/276/321
f 968/274/322 966/690/322 969/276/322
f 970/691/323 971/276/323 974/278/323
f 974/278/324 971/276/324 969/276/324
f 976/693/325 973/692/325 974/278/325
f 974/278/326 972/642/326 975/694/326
f 979/695/327 976/693/327 977/280/327
f 977/280/328 975/694/328 978/282/328
f 979/695/329 980/282/329 983/284/329
f 983/284/330 980/282/330 978/282/330
f 985/697/331 982/696/331 983/284/331
f 986/698/332 983/284/332 981/284/332
f 988/699/333 985/697/333 986/698/333
f 986/698/334 984/286/334 987/288/334
f 988/699/335 989/700/335 992/701/335
f 992/701/336 989/700/336 987/288/336
f 900/703/337 991/702/337 992/701/337
f 902/704/338 992/701/338 990/290/338
f 801/648/133 897/664/133 901/706/133
f 898/662/118 904/665/118 261/363/118
f 794/654/133 903/232/133 897/664/133
f 900/661/117 898/662/117 259/226/117
f 991/702/116 900/703/116 258/289/116
f 831/290/133 819/638/133 901/705/133
f 904/665/119 907/666/119 263/231/119
f 794/654/133 788/659/133 906/234/133
f 907/666/120 910/667/120 385/583/120
f 827/236/133 909/236/133 906/234/133
f 910/667/121 913/668/121 420/610/121
f 827/236/133 828/634/133 912/238/133
f 913/668/122 916/669/122 418/237/122
f 818/240/133 915/240/133 912/238/133
f 916/669/123 919/670/123 416/607/123
f 813/242/133 918/242/133 915/240/133
f 919/670/124 922/671/124 414/606/124
f 809/244/133 921/244/133 918/242/133
f 922/671/125 925/672/125 412/605/125
f 804/246/133 924/246/133 921/244/133
f 925/672/126 928/673/126 410/604/126
f 804/246/133 798/651/133 927/674/133
f 928/673/127 931/675/127 408/247/127
f 792/655/133 930/676/133 927/674/133
f 931/675/128 934/677/128 387/342/128
f 786/252/133 933/252/133 930/676/133
f 934/677/129 937/678/129 283/251/129
f 824/254/133 936/254/133 933/252/133
f 937/678/130 940/679/130 285/337/130
f 825/635/133 939/256/133 936/254/133
f 940/679/131 943/680/131 287/334/131
f 816/639/133 942/258/133 939/256/133
f 943/680/132 946/681/132 289/257/132
f 816/639/133 812/641/133 945/260/133
f 946/681/101 949/682/101 291/329/101
f 807/643/133 948/683/133 945/260/133
f 949/682/102 952/684/102 293/261/102
f 803/647/133 951/264/133 948/683/133
f 952/684/103 955/685/103 295/263/103
f 803/647/133 797/652/133 954/652/133
f 955/685/104 958/686/104 389/324/104
f 791/656/133 957/268/133 954/652/133
f 958/686/105 961/687/105 406/600/105
f 791/656/133 785/270/133 960/270/133
f 406/600/106 961/687/106 964/688/106
f 821/272/133 963/272/133 960/270/133
f 964/688/107 967/689/107 402/596/107
f 822/636/133 966/690/133 963/272/133
f 402/596/108 967/689/108 970/691/108
f 822/636/133 815/276/133 969/276/133
f 970/691/109 973/692/109 398/594/109
f 815/276/133 810/642/133 972/642/133
f 973/692/110 976/693/110 396/593/110
f 810/642/133 806/645/133 975/694/133
f 976/693/111 979/695/111 394/591/111
f 806/645/133 800/282/133 978/282/133
f 979/695/112 982/696/112 391/588/112
f 795/284/133 981/284/133 978/282/133
f 982/696/113 985/697/113 315/301/113
f 789/658/133 984/286/133 981/284/133
f 985/697/114 988/699/114 317/285/114
f 830/632/133 987/288/133 984/286/133
f 988/699/115 991/702/115 319/287/115
f 831/290/133 990/290/133 987/288/133
f 519/460/339 458/459/339 994/478/339
f 993/708/340 994/478/340 195/478/340
f 460/461/341 995/482/341 994/478/341
f 995/482/342 197/482/342 195/478/342
f 462/462/343 996/481/343 995/482/343
f 996/481/344 199/481/344 197/482/344
f 604/463/345 997/483/345 996/481/345
f 997/483/346 201/483/346 199/481/346
f 607/486/347 998/484/347 997/483/347
f 998/484/348 203/484/348 201/483/348
f 607/486/349 609/488/349 999/485/349
f 998/484/350 999/485/350 205/485/350
f 611/490/351 1000/487/351 999/485/351
f 999/485/352 1000/487/352 207/487/352
f 613/492/353 1001/489/353 1000/487/353
f 1001/489/354 209/489/354 207/487/354
f 615/622/355 1002/491/355 1001/489/355
f 1001/489/356 1002/491/356 211/491/356
f 615/622/357 617/496/357 1003/493/357
f 1003/493/358 213/493/358 211/491/358
f 619/498/359 1004/495/359 1003/493/359
f 1004/495/360 215/495/360 213/493/360
f 606/465/361 1005/497/361 1004/495/361
f 1004/495/362 1005/497/362 217/497/362
f 482/464/363 1006/499/363 1005/497/363
f 1005/497/364 1006/499/364 219/499/364
f 484/466/365 1007/500/365 1006/499/365
f 1007/500/366 221/500/366 219/499/366
f 486/467/367 1008/501/367 1007/500/367
f 1008/501/368 223/501/368 221/500/368
f 488/468/369 1009/502/369 1008/501/369
f 1008/501/370 1009/502/370 225/502/370
f 490/469/371 1010/503/371 1009/502/371
f 1010/503/372 227/503/372 225/502/372
f 490/469/373 492/470/373 1011/505/373
f 1010/503/374 1011/505/374 229/505/374
f 494/471/375 1012/506/375 1011/505/375
f 1011/505/376 1012/506/376 231/506/376
f 586/472/377 1013/507/377 1012/506/377
f 1013/507/378 233/507/378 231/506/378
f 589/511/379 1014/509/379 1013/507/379
f 1014/509/380 235/509/380 233/507/380
f 591/513/381 1015/510/381 1014/509/381
f 1015/510/382 237/510/382 235/509/382
f 593/515/383 1016/512/383 1015/510/383
f 1016/512/384 239/512/384 237/510/384
f 595/517/385 1017/514/385 1016/512/385
f 1017/514/386 241/514/386 239/512/386
f 597/627/387 1018/519/387 1017/514/387
f 1018/519/388 243/519/388 241/514/388
f 599/521/389 1019/518/389 1018/519/389
f 1019/518/390 245/518/390 243/519/390
f 601/523/391 1020/520/391 1019/518/391
f 1020/520/392 247/520/392 245/518/392
f 588/474/393 1021/522/393 1020/520/393
f 1020/520/394 1021/522/394 249/522/394
f 514/473/395 1022/709/395 1021/522/395
f 1022/709/396 251/524/396 249/522/396
f 516/475/397 1023/526/397 1022/709/397
f 1022/709/398 1023/526/398 253/526/398
f 518/476/399 1024/527/399 1023/526/399
f 1024/527/400 255/527/400 253/526/400
f 519/477/401 993/710/401 1024/527/401
f 993/710/402 193/711/402 255/527/402
